2026-01-06 10:23:17.075 INFO  c.k.k.c.l.logback.LogbackConfigurator    - Logback default configuration initialized from: C:\Users\Administrator\.katalon\packages\KSE-10.4.2\configuration\org.eclipse.osgi\132\0\.cp\resources\logback\logback-execution.xml
2026-01-06 10:23:17.079 INFO  c.k.k.c.l.logback.LogbackConfigurator    - Logback custom configuration initialized from: C:\Users\Administrator\git\magiq\Include\config\log.properties
2026-01-06 10:23:17.654 INFO  c.k.katalon.core.main.TestSuiteExecutor  - START Test Suites/TS_OP
2026-01-06 10:23:17.753 INFO  c.k.katalon.core.main.TestSuiteExecutor  - userFullName = Cong Thanh
2026-01-06 10:23:17.754 INFO  c.k.katalon.core.main.TestSuiteExecutor  - projectName = magiq
2026-01-06 10:23:17.755 INFO  c.k.katalon.core.main.TestSuiteExecutor  - hostName = Administrator - WINDOWS-10
2026-01-06 10:23:17.756 INFO  c.k.katalon.core.main.TestSuiteExecutor  - os = Windows 10 64bit
2026-01-06 10:23:17.757 INFO  c.k.katalon.core.main.TestSuiteExecutor  - hostAddress = 192.168.126.20
2026-01-06 10:23:17.758 INFO  c.k.katalon.core.main.TestSuiteExecutor  - katalonVersion = 10.4.2.0
2026-01-06 10:23:18.893 INFO  c.k.katalon.core.main.TestCaseExecutor   - --------------------
2026-01-06 10:23:18.893 INFO  c.k.katalon.core.main.TestCaseExecutor   - START Test Cases/OP/OP1.1
2026-01-06 10:23:19.315 DEBUG testcase.OP1.1                           - 1: callTestCase(findTestCase("Login/LG-01"), [:], STOP_ON_FAILURE)
2026-01-06 10:23:19.527 INFO  c.k.katalon.core.main.TestCaseExecutor   - --------------------
2026-01-06 10:23:19.527 INFO  c.k.katalon.core.main.TestCaseExecutor   - CALL Test Cases/Login/LG-01
2026-01-06 10:23:19.894 DEBUG testcase.LG-01                           - 1: LOCAL_PAGELOAD = 300
2026-01-06 10:23:19.913 DEBUG testcase.LG-01                           - 2: WAIT_ELEMENT_BEFORE_RELOAD = 120
2026-01-06 10:23:19.919 DEBUG testcase.LG-01                           - 3: MAX_RELOAD_ATTEMPTS = 5
2026-01-06 10:23:19.925 DEBUG testcase.LG-01                           - 4: AFTER_LOGIN_WAIT = 120
2026-01-06 10:23:19.931 DEBUG testcase.LG-01                           - 5: SHORT = 5
2026-01-06 10:23:19.937 DEBUG testcase.LG-01                           - 6: MEDIUM = 15
2026-01-06 10:23:19.942 DEBUG testcase.LG-01                           - 7: LONG = 30
2026-01-06 10:23:19.954 DEBUG testcase.LG-01                           - 8: openBrowser("")
2026-01-06 10:23:20.240 INFO  c.k.k.core.webui.driver.DriverFactory    - Starting 'Chrome' driver
2026-01-06 10:23:20.252 INFO  c.k.k.c.w.util.WebDriverPropertyUtil     - User set preference: ['args', '[--user-data-dir=C:\QA\Profiles\KatalonChrome, --profile-directory=Default]']
2026-01-06 10:23:20.317 INFO  c.k.k.core.webui.driver.DriverFactory    - Action delay is set to 0 milliseconds
1月 06, 2026 10:23:21 午前 org.openqa.selenium.devtools.CdpVersionFinder findNearestMatch
WARNING: Unable to find CDP implementation matching 143
1月 06, 2026 10:23:21 午前 org.openqa.selenium.chromium.ChromiumDriver lambda$new$4
WARNING: Unable to find version of CDP to use for 143.0.7499.170. You may need to include a dependency on a specific version of the CDP using something similar to `org.seleniumhq.selenium:selenium-devtools-v86:4.34.0` where the version ("v86") matches the version of the chromium-based browser you're using and the version number of the artifact is the same as Selenium's.
2026-01-06 10:23:22.274 INFO  c.k.k.core.webui.driver.DriverFactory    - sessionId = 647137d5ea66a7bd1868dc1e6d205de6
2026-01-06 10:23:22.275 INFO  c.k.k.core.webui.driver.DriverFactory    - browser = Chrome 143.0.7499.170
2026-01-06 10:23:22.275 INFO  c.k.k.core.webui.driver.DriverFactory    - platform = Windows 10
2026-01-06 10:23:22.276 INFO  c.k.k.core.webui.driver.DriverFactory    - seleniumVersion = 4.34.0
2026-01-06 10:23:22.289 INFO  c.k.k.core.webui.driver.DriverFactory    - proxyInformation = ProxyInformation { proxyOption=NO_PROXY, proxyServerType=HTTP, username=, password=********, proxyServerAddress=, proxyServerPort=0, executionList="", isApplyToDesiredCapabilities=true }
2026-01-06 10:23:22.370 DEBUG testcase.LG-01                           - 9: maximizeWindow()
2026-01-06 10:23:22.436 DEBUG testcase.LG-01                           - 10: navigateToUrl("https://qa.engagement.magiqdev.cloud/login")
2026-01-06 10:23:24.357 DEBUG testcase.LG-01                           - 11: waitForPageLoad(LOCAL_PAGELOAD)
2026-01-06 10:23:24.753 DEBUG testcase.LG-01                           - 12: spanAdmin = new com.kms.katalon.core.testobject.TestObject(obj_span_admin_test_1)
2026-01-06 10:23:24.788 DEBUG testcase.LG-01                           - 13: spanAdmin.addProperty("xpath", EQUALS, "//button[.//span[contains(normalize-space(), 'test')]]")
2026-01-06 10:23:24.873 DEBUG testcase.LG-01                           - 14: iExitToApp = new com.kms.katalon.core.testobject.TestObject(obj_i_exit_to_app)
2026-01-06 10:23:24.921 DEBUG testcase.LG-01                           - 15: iExitToApp.addProperty("xpath", EQUALS, "//i[normalize-space(text())='exit_to_app']")
2026-01-06 10:23:24.927 DEBUG testcase.LG-01                           - 16: userNameInput = new com.kms.katalon.core.testobject.TestObject(obj_input_userName)
2026-01-06 10:23:24.939 DEBUG testcase.LG-01                           - 17: userNameInput.addProperty("id", EQUALS, "userName")
2026-01-06 10:23:24.968 DEBUG testcase.LG-01                           - 18: currentUrl = getUrl()
2026-01-06 10:23:26.095 DEBUG testcase.LG-01                           - 19: if (currentUrl == "https://qa.engagement.magiqdev.cloud/news")
2026-01-06 10:23:26.100 DEBUG testcase.LG-01                           - 20: userNameField = new com.kms.katalon.core.testobject.TestObject(userName)
2026-01-06 10:23:26.103 DEBUG testcase.LG-01                           - 21: userNameField.addProperty("id", EQUALS, "userName")
2026-01-06 10:23:26.107 DEBUG testcase.LG-01                           - 22: passwordField = new com.kms.katalon.core.testobject.TestObject(password)
2026-01-06 10:23:26.109 DEBUG testcase.LG-01                           - 23: passwordField.addProperty("xpath", EQUALS, "//input[@type='password' or contains(@aria-label,'password') or contains(@placeholder,'Password')]")
2026-01-06 10:23:26.117 DEBUG testcase.LG-01                           - 24: loginBtn = new com.kms.katalon.core.testobject.TestObject(loginBtn)
2026-01-06 10:23:26.121 DEBUG testcase.LG-01                           - 25: loginBtn.addProperty("css", EQUALS, "button.btn-login")
2026-01-06 10:23:26.125 DEBUG testcase.LG-01                           - 26: loginBtn.addProperty("xpath", EQUALS, "//button[contains(@class,'btn-login') or normalize-space(.)='Login' or .//span[normalize-space(.)='Login']]")
2026-01-06 10:23:26.132 DEBUG testcase.LG-01                           - 27: appBar = new com.kms.katalon.core.testobject.TestObject(appBar)
2026-01-06 10:23:26.137 DEBUG testcase.LG-01                           - 28: appBar.addProperty("css", EQUALS, ".mat-app-bar")
2026-01-06 10:23:26.140 DEBUG testcase.LG-01                           - 29: appBar.addProperty("xpath", EQUALS, "//*[contains(@class,'mat-app-bar')]")
2026-01-06 10:23:26.144 DEBUG testcase.LG-01                           - 30: usernameVisible = false
2026-01-06 10:23:26.152 DEBUG testcase.LG-01                           - 31: attempts = 0
2026-01-06 10:23:26.156 DEBUG testcase.LG-01                           - 32: usernameVisible = waitForElementVisible(userNameField, 3, OPTIONAL)
2026-01-06 10:23:30.044 WARN  k.k.c.w.k.b.WaitForElementVisibleKeyword - Web element with id: 'userName' located by 'By.xpath: //*[@id = 'userName']' not found
2026-01-06 10:23:30.047 DEBUG testcase.LG-01                           - 33: if (!(usernameVisible))
2026-01-06 10:23:30.056 DEBUG testcase.LG-01                           - 1: okBtn = new com.kms.katalon.core.testobject.TestObject(ok_button_in_modal)
2026-01-06 10:23:30.058 DEBUG testcase.LG-01                           - 2: okBtn.addProperty("xpath", EQUALS, "//footer[contains(@class,'mdc-dialog__actions')]" + "//button[@aria-label='Ok' and .//span[@class='mdc-button__label' and normalize-space()='Ok']]")
2026-01-06 10:23:30.063 DEBUG testcase.LG-01                           - 3: waitForElementClickable(okBtn, 5)
2026-01-06 10:23:35.475 WARN  k.c.w.k.b.WaitForElementClickableKeyword - Web element with id: 'ok_button_in_modal' located by 'By.xpath: //footer[contains(@class,'mdc-dialog__actions')]//button[@aria-label='Ok' and .//span[@class='mdc-button__label' and normalize-space()='Ok']]' not found
2026-01-06 10:23:35.477 DEBUG testcase.LG-01                           - 4: enhancedClick(okBtn)
1月 06, 2026 10:23:42 午前 org.openqa.selenium.remote.http.WebSocket$Listener onError
WARNING: Connection reset
java.net.SocketException: Connection reset
	at java.base/sun.nio.ch.SocketChannelImpl.throwConnectionReset(SocketChannelImpl.java:394)
	at java.base/sun.nio.ch.SocketChannelImpl.read(SocketChannelImpl.java:426)
	at java.net.http/jdk.internal.net.http.SocketTube.readAvailable(SocketTube.java:1170)
	at java.net.http/jdk.internal.net.http.SocketTube$InternalReadPublisher$InternalReadSubscription.read(SocketTube.java:833)
	at java.net.http/jdk.internal.net.http.SocketTube$SocketFlowTask.run(SocketTube.java:181)
	at java.net.http/jdk.internal.net.http.common.SequentialScheduler$SchedulableTask.run(SequentialScheduler.java:230)
	at java.net.http/jdk.internal.net.http.common.SequentialScheduler.runOrSchedule(SequentialScheduler.java:303)
	at java.net.http/jdk.internal.net.http.common.SequentialScheduler.runOrSchedule(SequentialScheduler.java:256)
	at java.net.http/jdk.internal.net.http.SocketTube$InternalReadPublisher$InternalReadSubscription.signalReadable(SocketTube.java:774)
	at java.net.http/jdk.internal.net.http.SocketTube$InternalReadPublisher$ReadEvent.signalEvent(SocketTube.java:957)
	at java.net.http/jdk.internal.net.http.SocketTube$SocketFlowEvent.handle(SocketTube.java:253)
	at java.net.http/jdk.internal.net.http.HttpClientImpl$SelectorManager.handleEvent(HttpClientImpl.java:984)
	at java.net.http/jdk.internal.net.http.HttpClientImpl$SelectorManager.lambda$run$3(HttpClientImpl.java:939)
	at java.base/java.util.ArrayList.forEach(ArrayList.java:1511)
	at java.net.http/jdk.internal.net.http.HttpClientImpl$SelectorManager.run(HttpClientImpl.java:939)

2026-01-06 10:23:45.529 WARN  c.k.k.c.w.h.s.WebUIScreenCaptor          - Cannot take screenshot
2026-01-06 10:23:45.536 ERROR c.k.k.core.keyword.internal.KeywordMain  - ❌ Unable to click on object 'ok_button_in_modal' (Root cause: com.kms.katalon.core.exception.StepFailedException: Unable to click on object 'ok_button_in_modal'
	at com.kms.katalon.core.webui.keyword.internal.WebUIKeywordMain.stepFailed(WebUIKeywordMain.groovy:177)
	at com.kms.katalon.core.webui.keyword.internal.WebUIKeywordMain.runKeyword(WebUIKeywordMain.groovy:49)
	at com.kms.katalon.core.webui.keyword.internal.WebUIKeywordMain.runKeywordUntilTimeout(WebUIKeywordMain.groovy:133)
	at com.kms.katalon.core.webui.keyword.builtin.EnhancedClickKeyword.click(EnhancedClickKeyword.groovy:95)
	at com.kms.katalon.core.webui.keyword.builtin.EnhancedClickKeyword.execute(EnhancedClickKeyword.groovy:41)
	at com.kms.katalon.core.keyword.internal.KeywordExecutor.executeKeywordForPlatform(KeywordExecutor.groovy:90)
	at com.kms.katalon.core.webui.keyword.WebUiBuiltInKeywords.enhancedClick(WebUiBuiltInKeywords.groovy:747)
	at LG-01.run(LG-01:133)
	at com.kms.katalon.core.main.ScriptEngine.run(ScriptEngine.java:194)
	at com.kms.katalon.core.main.ScriptEngine.runScriptAsRawText(ScriptEngine.java:119)
	at com.kms.katalon.core.main.TestCaseExecutor.runScript(TestCaseExecutor.java:490)
	at com.kms.katalon.core.main.TestCaseExecutor.doExecute(TestCaseExecutor.java:481)
	at com.kms.katalon.core.main.TestCaseExecutor.processExecutionPhase(TestCaseExecutor.java:460)
	at com.kms.katalon.core.main.TestCaseExecutor.accessMainPhase(TestCaseExecutor.java:452)
	at com.kms.katalon.core.main.TestCaseExecutor.execute(TestCaseExecutor.java:322)
	at com.kms.katalon.core.main.TestCaseMain.runTestCase(TestCaseMain.java:151)
	at com.kms.katalon.core.keyword.builtin.CallTestCaseKeyword$_callTestCase_closure1.doCall(CallTestCaseKeyword.groovy:59)
	at com.kms.katalon.core.keyword.builtin.CallTestCaseKeyword$_callTestCase_closure1.call(CallTestCaseKeyword.groovy)
	at com.kms.katalon.core.keyword.internal.KeywordMain.runKeyword(KeywordMain.groovy:75)
	at com.kms.katalon.core.keyword.builtin.CallTestCaseKeyword.callTestCase(CallTestCaseKeyword.groovy:81)
	at com.kms.katalon.core.keyword.builtin.CallTestCaseKeyword.execute(CallTestCaseKeyword.groovy:44)
	at com.kms.katalon.core.keyword.internal.KeywordExecutor.executeKeywordForPlatform(KeywordExecutor.groovy:90)
	at com.kms.katalon.core.keyword.BuiltinKeywords.callTestCase(BuiltinKeywords.groovy:310)
	at java.base/jdk.internal.reflect.NativeMethodAccessorImpl.invoke0(Native Method)
	at java.base/jdk.internal.reflect.NativeMethodAccessorImpl.invoke(NativeMethodAccessorImpl.java:77)
	at java.base/jdk.internal.reflect.DelegatingMethodAccessorImpl.invoke(DelegatingMethodAccessorImpl.java:43)
	at OP1.1.run(OP1.1:20)
	at com.kms.katalon.core.main.ScriptEngine.run(ScriptEngine.java:194)
	at com.kms.katalon.core.main.ScriptEngine.runScriptAsRawText(ScriptEngine.java:119)
	at com.kms.katalon.core.main.TestCaseExecutor.runScript(TestCaseExecutor.java:490)
	at com.kms.katalon.core.main.TestCaseExecutor.doExecute(TestCaseExecutor.java:481)
	at com.kms.katalon.core.main.TestCaseExecutor.processExecutionPhase(TestCaseExecutor.java:460)
	at com.kms.katalon.core.main.TestCaseExecutor.accessMainPhase(TestCaseExecutor.java:452)
	at com.kms.katalon.core.main.TestCaseExecutor.execute(TestCaseExecutor.java:322)
	at com.kms.katalon.core.common.CommonExecutor.accessTestCaseMainPhase(CommonExecutor.java:71)
	at com.kms.katalon.core.main.TestSuiteExecutor.accessTestSuiteMainPhase(TestSuiteExecutor.java:153)
	at com.kms.katalon.core.main.TestSuiteExecutor.execute(TestSuiteExecutor.java:110)
	at com.kms.katalon.core.main.TestCaseMain.startTestSuite(TestCaseMain.java:205)
	at TempTestSuite1767669793820.run(TempTestSuite1767669793820.groovy:35)
	at java.base/jdk.internal.reflect.NativeMethodAccessorImpl.invoke0(Native Method)
	at java.base/jdk.internal.reflect.NativeMethodAccessorImpl.invoke(NativeMethodAccessorImpl.java:77)
	at java.base/jdk.internal.reflect.DelegatingMethodAccessorImpl.invoke(DelegatingMethodAccessorImpl.java:43)
Caused by: org.openqa.selenium.NoSuchSessionException: invalid session id
Build info: version: '4.34.0', revision: '707dcb4246*'
System info: os.name: 'Windows 10', os.arch: 'amd64', os.version: '10.0', java.version: '17.0.14'
Driver info: com.kms.katalon.selenium.driver.CChromeDriver
Command: [647137d5ea66a7bd1868dc1e6d205de6, findElements {value=//footer[contains(@class,'mdc-dialog__actions')]//button[@aria-label='Ok' and .//span[@class='mdc-button__label' and normalize-space()='Ok']], using=xpath}]
Capabilities {acceptInsecureCerts: false, browserName: chrome, browserVersion: 143.0.7499.170, chrome: {chromedriverVersion: 142.0.7444.59 (4b8153ab58d3..., userDataDir: C:\QA\Profiles\KatalonChrome}, fedcm:accounts: true, goog:chromeOptions: {debuggerAddress: localhost:64834}, goog:processID: 18904, networkConnectionEnabled: false, pageLoadStrategy: normal, platformName: windows, proxy: Proxy(), se:cdp: ws://localhost:64834/devtoo..., se:cdpVersion: 143.0.7499.170, setWindowRect: true, strictFileInteractability: false, timeouts: {implicit: 0, pageLoad: 300000, script: 30000}, unhandledPromptBehavior: {alert: ignore, beforeUnload: ignore, confirm: ignore, default: ignore, file: ignore, prompt: ignore}, webSocketUrl: ws://localhost:42997/sessio..., webauthn:extension:credBlob: true, webauthn:extension:largeBlob: true, webauthn:extension:minPinLength: true, webauthn:extension:prf: true, webauthn:virtualAuthenticators: true}
Session ID: 647137d5ea66a7bd1868dc1e6d205de6
	at jdk.internal.reflect.GeneratedConstructorAccessor23.newInstance(Unknown Source)
	at java.base/jdk.internal.reflect.DelegatingConstructorAccessorImpl.newInstance(DelegatingConstructorAccessorImpl.java:45)
	at org.openqa.selenium.remote.ErrorCodec.decode(ErrorCodec.java:167)
	at org.openqa.selenium.remote.codec.w3c.W3CHttpResponseCodec.decode(W3CHttpResponseCodec.java:138)
	at org.openqa.selenium.remote.codec.w3c.W3CHttpResponseCodec.decode(W3CHttpResponseCodec.java:50)
	at org.openqa.selenium.remote.HttpCommandExecutor.execute(HttpCommandExecutor.java:215)
	at org.openqa.selenium.remote.service.DriverCommandExecutor.invokeExecute(DriverCommandExecutor.java:216)
	at org.openqa.selenium.remote.service.DriverCommandExecutor.execute(DriverCommandExecutor.java:174)
	at org.openqa.selenium.remote.RemoteWebDriver.execute(RemoteWebDriver.java:544)
	at org.openqa.selenium.remote.ElementLocation$ElementFinder$2.findElements(ElementLocation.java:182)
	at org.openqa.selenium.remote.ElementLocation.findElements(ElementLocation.java:103)
	at org.openqa.selenium.remote.RemoteWebDriver.findElements(RemoteWebDriver.java:380)
	at org.openqa.selenium.remote.RemoteWebDriver.findElements(RemoteWebDriver.java:374)
	at jdk.internal.reflect.GeneratedMethodAccessor12.invoke(Unknown Source)
	at java.base/jdk.internal.reflect.DelegatingMethodAccessorImpl.invoke(DelegatingMethodAccessorImpl.java:43)
	at org.openqa.selenium.support.decorators.WebDriverDecorator.call(WebDriverDecorator.java:315)
	at org.openqa.selenium.support.decorators.DefaultDecorated.call(DefaultDecorated.java:48)
	at org.openqa.selenium.support.decorators.WebDriverDecorator.lambda$createProxyFactory$3(WebDriverDecorator.java:405)
	at org.openqa.selenium.remote.RemoteWebDriver$ByteBuddy$nygPmo8h.findElements(Unknown Source)
	at com.kms.katalon.core.webui.model.WebUiElementFinder.findElementByNormalMethods(WebUiElementFinder.java:185)
	at com.kms.katalon.core.webui.model.WebUiElementFinder.findElementsBySelectedMethod(WebUiElementFinder.java:86)
	at com.kms.katalon.core.webui.model.WebUiElementFinder.findElementsBySelectedMethod(WebUiElementFinder.java:74)
	at com.kms.katalon.core.webui.model.WebUiElementFinder.findElementsBySelectedMethod(WebUiElementFinder.java:69)
	at com.kms.katalon.core.webui.model.WebUiElementFinder.findElement(WebUiElementFinder.java:43)
	at com.kms.katalon.core.webui.model.WebUiElementFinderWithTimeout.basicFindElement(WebUiElementFinderWithTimeout.java:50)
	at com.kms.katalon.core.webui.model.WebUiElementFinderWithTimeout.lambda$0(WebUiElementFinderWithTimeout.java:29)
	at com.kms.katalon.core.webui.model.SeleniumActionRetryController.performAction(SeleniumActionRetryController.java:96)
	at com.kms.katalon.core.webui.model.SeleniumActionRetryController.performAction(SeleniumActionRetryController.java:83)
	at com.kms.katalon.core.webui.model.WebUiElementFinderWithTimeout.findElement(WebUiElementFinderWithTimeout.java:28)
	at com.kms.katalon.core.webui.keyword.internal.WebUIAbstractKeyword.findWebElement(WebUIAbstractKeyword.groovy:96)
	at com.kms.katalon.core.webui.keyword.builtin.EnhancedClickKeyword$_click_closure1.doCall(EnhancedClickKeyword.groovy:69)
	at java.base/jdk.internal.reflect.NativeMethodAccessorImpl.invoke0(Native Method)
	at java.base/jdk.internal.reflect.NativeMethodAccessorImpl.invoke(NativeMethodAccessorImpl.java:77)
	at java.base/jdk.internal.reflect.DelegatingMethodAccessorImpl.invoke(DelegatingMethodAccessorImpl.java:43)
	at jdk.proxy2/jdk.proxy2.$Proxy50.execute(Unknown Source)
	at com.kms.katalon.core.webui.model.SeleniumActionRetryController.performAction(SeleniumActionRetryController.java:96)
	at com.kms.katalon.core.webui.model.SeleniumActionRetryController.performAction(SeleniumActionRetryController.java:83)
	at com.kms.katalon.core.webui.keyword.internal.WebUIKeywordMain$_runKeywordUntilTimeout_closure1.doCall(WebUIKeywordMain.groovy:135)
	at com.kms.katalon.core.webui.keyword.internal.WebUIKeywordMain$_runKeywordUntilTimeout_closure1.call(WebUIKeywordMain.groovy)
	at com.kms.katalon.core.webui.keyword.internal.WebUIKeywordMain.runKeyword(WebUIKeywordMain.groovy:41)
	at com.kms.katalon.core.webui.keyword.internal.WebUIKeywordMain.runKeywordUntilTimeout(WebUIKeywordMain.groovy:133)
	at com.kms.katalon.core.webui.keyword.builtin.EnhancedClickKeyword.click(EnhancedClickKeyword.groovy:95)
	at com.kms.katalon.core.webui.keyword.builtin.EnhancedClickKeyword.execute(EnhancedClickKeyword.groovy:41)
	at com.kms.katalon.core.keyword.internal.KeywordExecutor.executeKeywordForPlatform(KeywordExecutor.groovy:90)
	at com.kms.katalon.core.webui.keyword.WebUiBuiltInKeywords.enhancedClick(WebUiBuiltInKeywords.groovy:747)
	at Script1767340478096.run(Script1767340478096.groovy:133)
	at com.kms.katalon.core.main.ScriptEngine.run(ScriptEngine.java:194)
	at com.kms.katalon.core.main.ScriptEngine.runScriptAsRawText(ScriptEngine.java:119)
	at com.kms.katalon.core.main.TestCaseExecutor.runScript(TestCaseExecutor.java:490)
	at com.kms.katalon.core.main.TestCaseExecutor.doExecute(TestCaseExecutor.java:481)
	at com.kms.katalon.core.main.TestCaseExecutor.processExecutionPhase(TestCaseExecutor.java:460)
	at com.kms.katalon.core.main.TestCaseExecutor.accessMainPhase(TestCaseExecutor.java:452)
	at com.kms.katalon.core.main.TestCaseExecutor.execute(TestCaseExecutor.java:322)
	at com.kms.katalon.core.main.TestCaseMain.runTestCase(TestCaseMain.java:151)
	at com.kms.katalon.core.keyword.builtin.CallTestCaseKeyword$_callTestCase_closure1.doCall(CallTestCaseKeyword.groovy:59)
	at com.kms.katalon.core.keyword.builtin.CallTestCaseKeyword$_callTestCase_closure1.call(CallTestCaseKeyword.groovy)
	at com.kms.katalon.core.keyword.internal.KeywordMain.runKeyword(KeywordMain.groovy:75)
	at com.kms.katalon.core.keyword.builtin.CallTestCaseKeyword.callTestCase(CallTestCaseKeyword.groovy:81)
	at com.kms.katalon.core.keyword.builtin.CallTestCaseKeyword.execute(CallTestCaseKeyword.groovy:44)
	at com.kms.katalon.core.keyword.internal.KeywordExecutor.executeKeywordForPlatform(KeywordExecutor.groovy:90)
	at com.kms.katalon.core.keyword.BuiltinKeywords.callTestCase(BuiltinKeywords.groovy:310)
	at java.base/jdk.internal.reflect.NativeMethodAccessorImpl.invoke0(Native Method)
	at java.base/jdk.internal.reflect.NativeMethodAccessorImpl.invoke(NativeMethodAccessorImpl.java:77)
	at java.base/jdk.internal.reflect.DelegatingMethodAccessorImpl.invoke(DelegatingMethodAccessorImpl.java:43)
	at Script1767663740888.run(Script1767663740888.groovy:20)
	... 15 more
)
2026-01-06 10:23:45.546 ERROR c.k.katalon.core.main.TestCaseExecutor   - ❌ Test Cases/Login/LG-01 FAILED.
Reason:
com.kms.katalon.core.exception.StepFailedException: Unable to click on object 'ok_button_in_modal'
	at com.kms.katalon.core.webui.keyword.internal.WebUIKeywordMain.stepFailed(WebUIKeywordMain.groovy:177)
	at com.kms.katalon.core.webui.keyword.internal.WebUIKeywordMain.runKeyword(WebUIKeywordMain.groovy:49)
	at com.kms.katalon.core.webui.keyword.internal.WebUIKeywordMain.runKeywordUntilTimeout(WebUIKeywordMain.groovy:133)
	at com.kms.katalon.core.webui.keyword.builtin.EnhancedClickKeyword.click(EnhancedClickKeyword.groovy:95)
	at com.kms.katalon.core.webui.keyword.builtin.EnhancedClickKeyword.execute(EnhancedClickKeyword.groovy:41)
	at com.kms.katalon.core.keyword.internal.KeywordExecutor.executeKeywordForPlatform(KeywordExecutor.groovy:90)
	at com.kms.katalon.core.webui.keyword.WebUiBuiltInKeywords.enhancedClick(WebUiBuiltInKeywords.groovy:747)
	at LG-01.run(LG-01:133)
	at com.kms.katalon.core.main.ScriptEngine.run(ScriptEngine.java:194)
	at com.kms.katalon.core.main.ScriptEngine.runScriptAsRawText(ScriptEngine.java:119)
	at com.kms.katalon.core.main.TestCaseExecutor.runScript(TestCaseExecutor.java:490)
	at com.kms.katalon.core.main.TestCaseExecutor.doExecute(TestCaseExecutor.java:481)
	at com.kms.katalon.core.main.TestCaseExecutor.processExecutionPhase(TestCaseExecutor.java:460)
	at com.kms.katalon.core.main.TestCaseExecutor.accessMainPhase(TestCaseExecutor.java:452)
	at com.kms.katalon.core.main.TestCaseExecutor.execute(TestCaseExecutor.java:322)
	at com.kms.katalon.core.main.TestCaseMain.runTestCase(TestCaseMain.java:151)
	at com.kms.katalon.core.keyword.builtin.CallTestCaseKeyword$_callTestCase_closure1.doCall(CallTestCaseKeyword.groovy:59)
	at com.kms.katalon.core.keyword.builtin.CallTestCaseKeyword$_callTestCase_closure1.call(CallTestCaseKeyword.groovy)
	at com.kms.katalon.core.keyword.internal.KeywordMain.runKeyword(KeywordMain.groovy:75)
	at com.kms.katalon.core.keyword.builtin.CallTestCaseKeyword.callTestCase(CallTestCaseKeyword.groovy:81)
	at com.kms.katalon.core.keyword.builtin.CallTestCaseKeyword.execute(CallTestCaseKeyword.groovy:44)
	at com.kms.katalon.core.keyword.internal.KeywordExecutor.executeKeywordForPlatform(KeywordExecutor.groovy:90)
	at com.kms.katalon.core.keyword.BuiltinKeywords.callTestCase(BuiltinKeywords.groovy:310)
	at java.base/jdk.internal.reflect.NativeMethodAccessorImpl.invoke0(Native Method)
	at java.base/jdk.internal.reflect.NativeMethodAccessorImpl.invoke(NativeMethodAccessorImpl.java:77)
	at java.base/jdk.internal.reflect.DelegatingMethodAccessorImpl.invoke(DelegatingMethodAccessorImpl.java:43)
	at OP1.1.run(OP1.1:20)
	at com.kms.katalon.core.main.ScriptEngine.run(ScriptEngine.java:194)
	at com.kms.katalon.core.main.ScriptEngine.runScriptAsRawText(ScriptEngine.java:119)
	at com.kms.katalon.core.main.TestCaseExecutor.runScript(TestCaseExecutor.java:490)
	at com.kms.katalon.core.main.TestCaseExecutor.doExecute(TestCaseExecutor.java:481)
	at com.kms.katalon.core.main.TestCaseExecutor.processExecutionPhase(TestCaseExecutor.java:460)
	at com.kms.katalon.core.main.TestCaseExecutor.accessMainPhase(TestCaseExecutor.java:452)
	at com.kms.katalon.core.main.TestCaseExecutor.execute(TestCaseExecutor.java:322)
	at com.kms.katalon.core.common.CommonExecutor.accessTestCaseMainPhase(CommonExecutor.java:71)
	at com.kms.katalon.core.main.TestSuiteExecutor.accessTestSuiteMainPhase(TestSuiteExecutor.java:153)
	at com.kms.katalon.core.main.TestSuiteExecutor.execute(TestSuiteExecutor.java:110)
	at com.kms.katalon.core.main.TestCaseMain.startTestSuite(TestCaseMain.java:205)
	at TempTestSuite1767669793820.run(TempTestSuite1767669793820.groovy:35)
	at java.base/jdk.internal.reflect.NativeMethodAccessorImpl.invoke0(Native Method)
	at java.base/jdk.internal.reflect.NativeMethodAccessorImpl.invoke(NativeMethodAccessorImpl.java:77)
	at java.base/jdk.internal.reflect.DelegatingMethodAccessorImpl.invoke(DelegatingMethodAccessorImpl.java:43)
Caused by: org.openqa.selenium.NoSuchSessionException: invalid session id
Build info: version: '4.34.0', revision: '707dcb4246*'
System info: os.name: 'Windows 10', os.arch: 'amd64', os.version: '10.0', java.version: '17.0.14'
Driver info: com.kms.katalon.selenium.driver.CChromeDriver
Command: [647137d5ea66a7bd1868dc1e6d205de6, findElements {value=//footer[contains(@class,'mdc-dialog__actions')]//button[@aria-label='Ok' and .//span[@class='mdc-button__label' and normalize-space()='Ok']], using=xpath}]
Capabilities {acceptInsecureCerts: false, browserName: chrome, browserVersion: 143.0.7499.170, chrome: {chromedriverVersion: 142.0.7444.59 (4b8153ab58d3..., userDataDir: C:\QA\Profiles\KatalonChrome}, fedcm:accounts: true, goog:chromeOptions: {debuggerAddress: localhost:64834}, goog:processID: 18904, networkConnectionEnabled: false, pageLoadStrategy: normal, platformName: windows, proxy: Proxy(), se:cdp: ws://localhost:64834/devtoo..., se:cdpVersion: 143.0.7499.170, setWindowRect: true, strictFileInteractability: false, timeouts: {implicit: 0, pageLoad: 300000, script: 30000}, unhandledPromptBehavior: {alert: ignore, beforeUnload: ignore, confirm: ignore, default: ignore, file: ignore, prompt: ignore}, webSocketUrl: ws://localhost:42997/sessio..., webauthn:extension:credBlob: true, webauthn:extension:largeBlob: true, webauthn:extension:minPinLength: true, webauthn:extension:prf: true, webauthn:virtualAuthenticators: true}
Session ID: 647137d5ea66a7bd1868dc1e6d205de6
	at jdk.internal.reflect.GeneratedConstructorAccessor23.newInstance(Unknown Source)
	at java.base/jdk.internal.reflect.DelegatingConstructorAccessorImpl.newInstance(DelegatingConstructorAccessorImpl.java:45)
	at org.openqa.selenium.remote.ErrorCodec.decode(ErrorCodec.java:167)
	at org.openqa.selenium.remote.codec.w3c.W3CHttpResponseCodec.decode(W3CHttpResponseCodec.java:138)
	at org.openqa.selenium.remote.codec.w3c.W3CHttpResponseCodec.decode(W3CHttpResponseCodec.java:50)
	at org.openqa.selenium.remote.HttpCommandExecutor.execute(HttpCommandExecutor.java:215)
	at org.openqa.selenium.remote.service.DriverCommandExecutor.invokeExecute(DriverCommandExecutor.java:216)
	at org.openqa.selenium.remote.service.DriverCommandExecutor.execute(DriverCommandExecutor.java:174)
	at org.openqa.selenium.remote.RemoteWebDriver.execute(RemoteWebDriver.java:544)
	at org.openqa.selenium.remote.ElementLocation$ElementFinder$2.findElements(ElementLocation.java:182)
	at org.openqa.selenium.remote.ElementLocation.findElements(ElementLocation.java:103)
	at org.openqa.selenium.remote.RemoteWebDriver.findElements(RemoteWebDriver.java:380)
	at org.openqa.selenium.remote.RemoteWebDriver.findElements(RemoteWebDriver.java:374)
	at jdk.internal.reflect.GeneratedMethodAccessor12.invoke(Unknown Source)
	at java.base/jdk.internal.reflect.DelegatingMethodAccessorImpl.invoke(DelegatingMethodAccessorImpl.java:43)
	at org.openqa.selenium.support.decorators.WebDriverDecorator.call(WebDriverDecorator.java:315)
	at org.openqa.selenium.support.decorators.DefaultDecorated.call(DefaultDecorated.java:48)
	at org.openqa.selenium.support.decorators.WebDriverDecorator.lambda$createProxyFactory$3(WebDriverDecorator.java:405)
	at org.openqa.selenium.remote.RemoteWebDriver$ByteBuddy$nygPmo8h.findElements(Unknown Source)
	at com.kms.katalon.core.webui.model.WebUiElementFinder.findElementByNormalMethods(WebUiElementFinder.java:185)
	at com.kms.katalon.core.webui.model.WebUiElementFinder.findElementsBySelectedMethod(WebUiElementFinder.java:86)
	at com.kms.katalon.core.webui.model.WebUiElementFinder.findElementsBySelectedMethod(WebUiElementFinder.java:74)
	at com.kms.katalon.core.webui.model.WebUiElementFinder.findElementsBySelectedMethod(WebUiElementFinder.java:69)
	at com.kms.katalon.core.webui.model.WebUiElementFinder.findElement(WebUiElementFinder.java:43)
	at com.kms.katalon.core.webui.model.WebUiElementFinderWithTimeout.basicFindElement(WebUiElementFinderWithTimeout.java:50)
	at com.kms.katalon.core.webui.model.WebUiElementFinderWithTimeout.lambda$0(WebUiElementFinderWithTimeout.java:29)
	at com.kms.katalon.core.webui.model.SeleniumActionRetryController.performAction(SeleniumActionRetryController.java:96)
	at com.kms.katalon.core.webui.model.SeleniumActionRetryController.performAction(SeleniumActionRetryController.java:83)
	at com.kms.katalon.core.webui.model.WebUiElementFinderWithTimeout.findElement(WebUiElementFinderWithTimeout.java:28)
	at com.kms.katalon.core.webui.keyword.internal.WebUIAbstractKeyword.findWebElement(WebUIAbstractKeyword.groovy:96)
	at com.kms.katalon.core.webui.keyword.builtin.EnhancedClickKeyword$_click_closure1.doCall(EnhancedClickKeyword.groovy:69)
	at java.base/jdk.internal.reflect.NativeMethodAccessorImpl.invoke0(Native Method)
	at java.base/jdk.internal.reflect.NativeMethodAccessorImpl.invoke(NativeMethodAccessorImpl.java:77)
	at java.base/jdk.internal.reflect.DelegatingMethodAccessorImpl.invoke(DelegatingMethodAccessorImpl.java:43)
	at jdk.proxy2/jdk.proxy2.$Proxy50.execute(Unknown Source)
	at com.kms.katalon.core.webui.model.SeleniumActionRetryController.performAction(SeleniumActionRetryController.java:96)
	at com.kms.katalon.core.webui.model.SeleniumActionRetryController.performAction(SeleniumActionRetryController.java:83)
	at com.kms.katalon.core.webui.keyword.internal.WebUIKeywordMain$_runKeywordUntilTimeout_closure1.doCall(WebUIKeywordMain.groovy:135)
	at com.kms.katalon.core.webui.keyword.internal.WebUIKeywordMain$_runKeywordUntilTimeout_closure1.call(WebUIKeywordMain.groovy)
	at com.kms.katalon.core.webui.keyword.internal.WebUIKeywordMain.runKeyword(WebUIKeywordMain.groovy:41)
	... 40 more

2026-01-06 10:23:45.555 INFO  c.k.katalon.core.main.TestCaseExecutor   - END CALL Test Cases/Login/LG-01
2026-01-06 10:23:45.555 INFO  c.k.katalon.core.main.TestCaseExecutor   - --------------------
2026-01-06 10:23:45.566 ERROR c.k.k.core.keyword.internal.KeywordMain  - ❌ Unable to call Test Case 'Test Cases/Login/LG-01' (Root cause: com.kms.katalon.core.exception.StepFailedException: Call Test Case 'Test Cases/Login/LG-01' failed
	at com.kms.katalon.core.keyword.builtin.CallTestCaseKeyword$_callTestCase_closure1.doCall(CallTestCaseKeyword.groovy:63)
	at com.kms.katalon.core.keyword.builtin.CallTestCaseKeyword$_callTestCase_closure1.call(CallTestCaseKeyword.groovy)
	at com.kms.katalon.core.keyword.internal.KeywordMain.runKeyword(KeywordMain.groovy:75)
	at com.kms.katalon.core.keyword.builtin.CallTestCaseKeyword.callTestCase(CallTestCaseKeyword.groovy:81)
	at com.kms.katalon.core.keyword.builtin.CallTestCaseKeyword.execute(CallTestCaseKeyword.groovy:44)
	at com.kms.katalon.core.keyword.internal.KeywordExecutor.executeKeywordForPlatform(KeywordExecutor.groovy:90)
	at com.kms.katalon.core.keyword.BuiltinKeywords.callTestCase(BuiltinKeywords.groovy:310)
	at java.base/jdk.internal.reflect.NativeMethodAccessorImpl.invoke0(Native Method)
	at java.base/jdk.internal.reflect.NativeMethodAccessorImpl.invoke(NativeMethodAccessorImpl.java:77)
	at java.base/jdk.internal.reflect.DelegatingMethodAccessorImpl.invoke(DelegatingMethodAccessorImpl.java:43)
	at OP1.1.run(OP1.1:20)
	at com.kms.katalon.core.main.ScriptEngine.run(ScriptEngine.java:194)
	at com.kms.katalon.core.main.ScriptEngine.runScriptAsRawText(ScriptEngine.java:119)
	at com.kms.katalon.core.main.TestCaseExecutor.runScript(TestCaseExecutor.java:490)
	at com.kms.katalon.core.main.TestCaseExecutor.doExecute(TestCaseExecutor.java:481)
	at com.kms.katalon.core.main.TestCaseExecutor.processExecutionPhase(TestCaseExecutor.java:460)
	at com.kms.katalon.core.main.TestCaseExecutor.accessMainPhase(TestCaseExecutor.java:452)
	at com.kms.katalon.core.main.TestCaseExecutor.execute(TestCaseExecutor.java:322)
	at com.kms.katalon.core.common.CommonExecutor.accessTestCaseMainPhase(CommonExecutor.java:71)
	at com.kms.katalon.core.main.TestSuiteExecutor.accessTestSuiteMainPhase(TestSuiteExecutor.java:153)
	at com.kms.katalon.core.main.TestSuiteExecutor.execute(TestSuiteExecutor.java:110)
	at com.kms.katalon.core.main.TestCaseMain.startTestSuite(TestCaseMain.java:205)
	at TempTestSuite1767669793820.run(TempTestSuite1767669793820.groovy:35)
	at java.base/jdk.internal.reflect.NativeMethodAccessorImpl.invoke0(Native Method)
	at java.base/jdk.internal.reflect.NativeMethodAccessorImpl.invoke(NativeMethodAccessorImpl.java:77)
	at java.base/jdk.internal.reflect.DelegatingMethodAccessorImpl.invoke(DelegatingMethodAccessorImpl.java:43)
Caused by: com.kms.katalon.core.exception.StepFailedException: Unable to click on object 'ok_button_in_modal'
	at com.kms.katalon.core.webui.keyword.internal.WebUIKeywordMain.stepFailed(WebUIKeywordMain.groovy:177)
	at com.kms.katalon.core.webui.keyword.internal.WebUIKeywordMain.runKeyword(WebUIKeywordMain.groovy:49)
	at com.kms.katalon.core.webui.keyword.internal.WebUIKeywordMain.runKeywordUntilTimeout(WebUIKeywordMain.groovy:133)
	at com.kms.katalon.core.webui.keyword.builtin.EnhancedClickKeyword.click(EnhancedClickKeyword.groovy:95)
	at com.kms.katalon.core.webui.keyword.builtin.EnhancedClickKeyword.execute(EnhancedClickKeyword.groovy:41)
	at com.kms.katalon.core.keyword.internal.KeywordExecutor.executeKeywordForPlatform(KeywordExecutor.groovy:90)
	at com.kms.katalon.core.webui.keyword.WebUiBuiltInKeywords.enhancedClick(WebUiBuiltInKeywords.groovy:747)
	at LG-01.run(LG-01:133)
	at com.kms.katalon.core.main.ScriptEngine.run(ScriptEngine.java:194)
	at com.kms.katalon.core.main.ScriptEngine.runScriptAsRawText(ScriptEngine.java:119)
	at com.kms.katalon.core.main.TestCaseExecutor.runScript(TestCaseExecutor.java:490)
	at com.kms.katalon.core.main.TestCaseExecutor.doExecute(TestCaseExecutor.java:481)
	at com.kms.katalon.core.main.TestCaseExecutor.processExecutionPhase(TestCaseExecutor.java:460)
	at com.kms.katalon.core.main.TestCaseExecutor.accessMainPhase(TestCaseExecutor.java:452)
	at com.kms.katalon.core.main.TestCaseExecutor.execute(TestCaseExecutor.java:322)
	at com.kms.katalon.core.main.TestCaseMain.runTestCase(TestCaseMain.java:151)
	at com.kms.katalon.core.keyword.builtin.CallTestCaseKeyword$_callTestCase_closure1.doCall(CallTestCaseKeyword.groovy:59)
	... 25 more
Caused by: org.openqa.selenium.NoSuchSessionException: invalid session id
Build info: version: '4.34.0', revision: '707dcb4246*'
System info: os.name: 'Windows 10', os.arch: 'amd64', os.version: '10.0', java.version: '17.0.14'
Driver info: com.kms.katalon.selenium.driver.CChromeDriver
Command: [647137d5ea66a7bd1868dc1e6d205de6, findElements {value=//footer[contains(@class,'mdc-dialog__actions')]//button[@aria-label='Ok' and .//span[@class='mdc-button__label' and normalize-space()='Ok']], using=xpath}]
Capabilities {acceptInsecureCerts: false, browserName: chrome, browserVersion: 143.0.7499.170, chrome: {chromedriverVersion: 142.0.7444.59 (4b8153ab58d3..., userDataDir: C:\QA\Profiles\KatalonChrome}, fedcm:accounts: true, goog:chromeOptions: {debuggerAddress: localhost:64834}, goog:processID: 18904, networkConnectionEnabled: false, pageLoadStrategy: normal, platformName: windows, proxy: Proxy(), se:cdp: ws://localhost:64834/devtoo..., se:cdpVersion: 143.0.7499.170, setWindowRect: true, strictFileInteractability: false, timeouts: {implicit: 0, pageLoad: 300000, script: 30000}, unhandledPromptBehavior: {alert: ignore, beforeUnload: ignore, confirm: ignore, default: ignore, file: ignore, prompt: ignore}, webSocketUrl: ws://localhost:42997/sessio..., webauthn:extension:credBlob: true, webauthn:extension:largeBlob: true, webauthn:extension:minPinLength: true, webauthn:extension:prf: true, webauthn:virtualAuthenticators: true}
Session ID: 647137d5ea66a7bd1868dc1e6d205de6
	at jdk.internal.reflect.GeneratedConstructorAccessor23.newInstance(Unknown Source)
	at java.base/jdk.internal.reflect.DelegatingConstructorAccessorImpl.newInstance(DelegatingConstructorAccessorImpl.java:45)
	at org.openqa.selenium.remote.ErrorCodec.decode(ErrorCodec.java:167)
	at org.openqa.selenium.remote.codec.w3c.W3CHttpResponseCodec.decode(W3CHttpResponseCodec.java:138)
	at org.openqa.selenium.remote.codec.w3c.W3CHttpResponseCodec.decode(W3CHttpResponseCodec.java:50)
	at org.openqa.selenium.remote.HttpCommandExecutor.execute(HttpCommandExecutor.java:215)
	at org.openqa.selenium.remote.service.DriverCommandExecutor.invokeExecute(DriverCommandExecutor.java:216)
	at org.openqa.selenium.remote.service.DriverCommandExecutor.execute(DriverCommandExecutor.java:174)
	at org.openqa.selenium.remote.RemoteWebDriver.execute(RemoteWebDriver.java:544)
	at org.openqa.selenium.remote.ElementLocation$ElementFinder$2.findElements(ElementLocation.java:182)
	at org.openqa.selenium.remote.ElementLocation.findElements(ElementLocation.java:103)
	at org.openqa.selenium.remote.RemoteWebDriver.findElements(RemoteWebDriver.java:380)
	at org.openqa.selenium.remote.RemoteWebDriver.findElements(RemoteWebDriver.java:374)
	at jdk.internal.reflect.GeneratedMethodAccessor12.invoke(Unknown Source)
	at java.base/jdk.internal.reflect.DelegatingMethodAccessorImpl.invoke(DelegatingMethodAccessorImpl.java:43)
	at org.openqa.selenium.support.decorators.WebDriverDecorator.call(WebDriverDecorator.java:315)
	at org.openqa.selenium.support.decorators.DefaultDecorated.call(DefaultDecorated.java:48)
	at org.openqa.selenium.support.decorators.WebDriverDecorator.lambda$createProxyFactory$3(WebDriverDecorator.java:405)
	at org.openqa.selenium.remote.RemoteWebDriver$ByteBuddy$nygPmo8h.findElements(Unknown Source)
	at com.kms.katalon.core.webui.model.WebUiElementFinder.findElementByNormalMethods(WebUiElementFinder.java:185)
	at com.kms.katalon.core.webui.model.WebUiElementFinder.findElementsBySelectedMethod(WebUiElementFinder.java:86)
	at com.kms.katalon.core.webui.model.WebUiElementFinder.findElementsBySelectedMethod(WebUiElementFinder.java:74)
	at com.kms.katalon.core.webui.model.WebUiElementFinder.findElementsBySelectedMethod(WebUiElementFinder.java:69)
	at com.kms.katalon.core.webui.model.WebUiElementFinder.findElement(WebUiElementFinder.java:43)
	at com.kms.katalon.core.webui.model.WebUiElementFinderWithTimeout.basicFindElement(WebUiElementFinderWithTimeout.java:50)
	at com.kms.katalon.core.webui.model.WebUiElementFinderWithTimeout.lambda$0(WebUiElementFinderWithTimeout.java:29)
	at com.kms.katalon.core.webui.model.SeleniumActionRetryController.performAction(SeleniumActionRetryController.java:96)
	at com.kms.katalon.core.webui.model.SeleniumActionRetryController.performAction(SeleniumActionRetryController.java:83)
	at com.kms.katalon.core.webui.model.WebUiElementFinderWithTimeout.findElement(WebUiElementFinderWithTimeout.java:28)
	at com.kms.katalon.core.webui.keyword.internal.WebUIAbstractKeyword.findWebElement(WebUIAbstractKeyword.groovy:96)
	at com.kms.katalon.core.webui.keyword.builtin.EnhancedClickKeyword$_click_closure1.doCall(EnhancedClickKeyword.groovy:69)
	at java.base/jdk.internal.reflect.NativeMethodAccessorImpl.invoke0(Native Method)
	at java.base/jdk.internal.reflect.NativeMethodAccessorImpl.invoke(NativeMethodAccessorImpl.java:77)
	at java.base/jdk.internal.reflect.DelegatingMethodAccessorImpl.invoke(DelegatingMethodAccessorImpl.java:43)
	at jdk.proxy2/jdk.proxy2.$Proxy50.execute(Unknown Source)
	at com.kms.katalon.core.webui.model.SeleniumActionRetryController.performAction(SeleniumActionRetryController.java:96)
	at com.kms.katalon.core.webui.model.SeleniumActionRetryController.performAction(SeleniumActionRetryController.java:83)
	at com.kms.katalon.core.webui.keyword.internal.WebUIKeywordMain$_runKeywordUntilTimeout_closure1.doCall(WebUIKeywordMain.groovy:135)
	at com.kms.katalon.core.webui.keyword.internal.WebUIKeywordMain$_runKeywordUntilTimeout_closure1.call(WebUIKeywordMain.groovy)
	at com.kms.katalon.core.webui.keyword.internal.WebUIKeywordMain.runKeyword(WebUIKeywordMain.groovy:41)
	... 40 more
)
2026-01-06 10:23:45.574 ERROR c.k.katalon.core.main.TestCaseExecutor   - ❌ Test Cases/OP/OP1.1 FAILED.
Reason:
com.kms.katalon.core.exception.StepFailedException: Call Test Case 'Test Cases/Login/LG-01' failed
	at com.kms.katalon.core.keyword.builtin.CallTestCaseKeyword$_callTestCase_closure1.doCall(CallTestCaseKeyword.groovy:63)
	at com.kms.katalon.core.keyword.builtin.CallTestCaseKeyword$_callTestCase_closure1.call(CallTestCaseKeyword.groovy)
	at com.kms.katalon.core.keyword.internal.KeywordMain.runKeyword(KeywordMain.groovy:75)
	at com.kms.katalon.core.keyword.builtin.CallTestCaseKeyword.callTestCase(CallTestCaseKeyword.groovy:81)
	at com.kms.katalon.core.keyword.builtin.CallTestCaseKeyword.execute(CallTestCaseKeyword.groovy:44)
	at com.kms.katalon.core.keyword.internal.KeywordExecutor.executeKeywordForPlatform(KeywordExecutor.groovy:90)
	at com.kms.katalon.core.keyword.BuiltinKeywords.callTestCase(BuiltinKeywords.groovy:310)
	at java.base/jdk.internal.reflect.NativeMethodAccessorImpl.invoke0(Native Method)
	at java.base/jdk.internal.reflect.NativeMethodAccessorImpl.invoke(NativeMethodAccessorImpl.java:77)
	at java.base/jdk.internal.reflect.DelegatingMethodAccessorImpl.invoke(DelegatingMethodAccessorImpl.java:43)
	at OP1.1.run(OP1.1:20)
	at com.kms.katalon.core.main.ScriptEngine.run(ScriptEngine.java:194)
	at com.kms.katalon.core.main.ScriptEngine.runScriptAsRawText(ScriptEngine.java:119)
	at com.kms.katalon.core.main.TestCaseExecutor.runScript(TestCaseExecutor.java:490)
	at com.kms.katalon.core.main.TestCaseExecutor.doExecute(TestCaseExecutor.java:481)
	at com.kms.katalon.core.main.TestCaseExecutor.processExecutionPhase(TestCaseExecutor.java:460)
	at com.kms.katalon.core.main.TestCaseExecutor.accessMainPhase(TestCaseExecutor.java:452)
	at com.kms.katalon.core.main.TestCaseExecutor.execute(TestCaseExecutor.java:322)
	at com.kms.katalon.core.common.CommonExecutor.accessTestCaseMainPhase(CommonExecutor.java:71)
	at com.kms.katalon.core.main.TestSuiteExecutor.accessTestSuiteMainPhase(TestSuiteExecutor.java:153)
	at com.kms.katalon.core.main.TestSuiteExecutor.execute(TestSuiteExecutor.java:110)
	at com.kms.katalon.core.main.TestCaseMain.startTestSuite(TestCaseMain.java:205)
	at TempTestSuite1767669793820.run(TempTestSuite1767669793820.groovy:35)
	at java.base/jdk.internal.reflect.NativeMethodAccessorImpl.invoke0(Native Method)
	at java.base/jdk.internal.reflect.NativeMethodAccessorImpl.invoke(NativeMethodAccessorImpl.java:77)
	at java.base/jdk.internal.reflect.DelegatingMethodAccessorImpl.invoke(DelegatingMethodAccessorImpl.java:43)
Caused by: com.kms.katalon.core.exception.StepFailedException: Unable to click on object 'ok_button_in_modal'
	at com.kms.katalon.core.webui.keyword.internal.WebUIKeywordMain.stepFailed(WebUIKeywordMain.groovy:177)
	at com.kms.katalon.core.webui.keyword.internal.WebUIKeywordMain.runKeyword(WebUIKeywordMain.groovy:49)
	at com.kms.katalon.core.webui.keyword.internal.WebUIKeywordMain.runKeywordUntilTimeout(WebUIKeywordMain.groovy:133)
	at com.kms.katalon.core.webui.keyword.builtin.EnhancedClickKeyword.click(EnhancedClickKeyword.groovy:95)
	at com.kms.katalon.core.webui.keyword.builtin.EnhancedClickKeyword.execute(EnhancedClickKeyword.groovy:41)
	at com.kms.katalon.core.keyword.internal.KeywordExecutor.executeKeywordForPlatform(KeywordExecutor.groovy:90)
	at com.kms.katalon.core.webui.keyword.WebUiBuiltInKeywords.enhancedClick(WebUiBuiltInKeywords.groovy:747)
	at LG-01.run(LG-01:133)
	at com.kms.katalon.core.main.ScriptEngine.run(ScriptEngine.java:194)
	at com.kms.katalon.core.main.ScriptEngine.runScriptAsRawText(ScriptEngine.java:119)
	at com.kms.katalon.core.main.TestCaseExecutor.runScript(TestCaseExecutor.java:490)
	at com.kms.katalon.core.main.TestCaseExecutor.doExecute(TestCaseExecutor.java:481)
	at com.kms.katalon.core.main.TestCaseExecutor.processExecutionPhase(TestCaseExecutor.java:460)
	at com.kms.katalon.core.main.TestCaseExecutor.accessMainPhase(TestCaseExecutor.java:452)
	at com.kms.katalon.core.main.TestCaseExecutor.execute(TestCaseExecutor.java:322)
	at com.kms.katalon.core.main.TestCaseMain.runTestCase(TestCaseMain.java:151)
	at com.kms.katalon.core.keyword.builtin.CallTestCaseKeyword$_callTestCase_closure1.doCall(CallTestCaseKeyword.groovy:59)
	... 25 more
Caused by: org.openqa.selenium.NoSuchSessionException: invalid session id
Build info: version: '4.34.0', revision: '707dcb4246*'
System info: os.name: 'Windows 10', os.arch: 'amd64', os.version: '10.0', java.version: '17.0.14'
Driver info: com.kms.katalon.selenium.driver.CChromeDriver
Command: [647137d5ea66a7bd1868dc1e6d205de6, findElements {value=//footer[contains(@class,'mdc-dialog__actions')]//button[@aria-label='Ok' and .//span[@class='mdc-button__label' and normalize-space()='Ok']], using=xpath}]
Capabilities {acceptInsecureCerts: false, browserName: chrome, browserVersion: 143.0.7499.170, chrome: {chromedriverVersion: 142.0.7444.59 (4b8153ab58d3..., userDataDir: C:\QA\Profiles\KatalonChrome}, fedcm:accounts: true, goog:chromeOptions: {debuggerAddress: localhost:64834}, goog:processID: 18904, networkConnectionEnabled: false, pageLoadStrategy: normal, platformName: windows, proxy: Proxy(), se:cdp: ws://localhost:64834/devtoo..., se:cdpVersion: 143.0.7499.170, setWindowRect: true, strictFileInteractability: false, timeouts: {implicit: 0, pageLoad: 300000, script: 30000}, unhandledPromptBehavior: {alert: ignore, beforeUnload: ignore, confirm: ignore, default: ignore, file: ignore, prompt: ignore}, webSocketUrl: ws://localhost:42997/sessio..., webauthn:extension:credBlob: true, webauthn:extension:largeBlob: true, webauthn:extension:minPinLength: true, webauthn:extension:prf: true, webauthn:virtualAuthenticators: true}
Session ID: 647137d5ea66a7bd1868dc1e6d205de6
	at jdk.internal.reflect.GeneratedConstructorAccessor23.newInstance(Unknown Source)
	at java.base/jdk.internal.reflect.DelegatingConstructorAccessorImpl.newInstance(DelegatingConstructorAccessorImpl.java:45)
	at org.openqa.selenium.remote.ErrorCodec.decode(ErrorCodec.java:167)
	at org.openqa.selenium.remote.codec.w3c.W3CHttpResponseCodec.decode(W3CHttpResponseCodec.java:138)
	at org.openqa.selenium.remote.codec.w3c.W3CHttpResponseCodec.decode(W3CHttpResponseCodec.java:50)
	at org.openqa.selenium.remote.HttpCommandExecutor.execute(HttpCommandExecutor.java:215)
	at org.openqa.selenium.remote.service.DriverCommandExecutor.invokeExecute(DriverCommandExecutor.java:216)
	at org.openqa.selenium.remote.service.DriverCommandExecutor.execute(DriverCommandExecutor.java:174)
	at org.openqa.selenium.remote.RemoteWebDriver.execute(RemoteWebDriver.java:544)
	at org.openqa.selenium.remote.ElementLocation$ElementFinder$2.findElements(ElementLocation.java:182)
	at org.openqa.selenium.remote.ElementLocation.findElements(ElementLocation.java:103)
	at org.openqa.selenium.remote.RemoteWebDriver.findElements(RemoteWebDriver.java:380)
	at org.openqa.selenium.remote.RemoteWebDriver.findElements(RemoteWebDriver.java:374)
	at jdk.internal.reflect.GeneratedMethodAccessor12.invoke(Unknown Source)
	at java.base/jdk.internal.reflect.DelegatingMethodAccessorImpl.invoke(DelegatingMethodAccessorImpl.java:43)
	at org.openqa.selenium.support.decorators.WebDriverDecorator.call(WebDriverDecorator.java:315)
	at org.openqa.selenium.support.decorators.DefaultDecorated.call(DefaultDecorated.java:48)
	at org.openqa.selenium.support.decorators.WebDriverDecorator.lambda$createProxyFactory$3(WebDriverDecorator.java:405)
	at org.openqa.selenium.remote.RemoteWebDriver$ByteBuddy$nygPmo8h.findElements(Unknown Source)
	at com.kms.katalon.core.webui.model.WebUiElementFinder.findElementByNormalMethods(WebUiElementFinder.java:185)
	at com.kms.katalon.core.webui.model.WebUiElementFinder.findElementsBySelectedMethod(WebUiElementFinder.java:86)
	at com.kms.katalon.core.webui.model.WebUiElementFinder.findElementsBySelectedMethod(WebUiElementFinder.java:74)
	at com.kms.katalon.core.webui.model.WebUiElementFinder.findElementsBySelectedMethod(WebUiElementFinder.java:69)
	at com.kms.katalon.core.webui.model.WebUiElementFinder.findElement(WebUiElementFinder.java:43)
	at com.kms.katalon.core.webui.model.WebUiElementFinderWithTimeout.basicFindElement(WebUiElementFinderWithTimeout.java:50)
	at com.kms.katalon.core.webui.model.WebUiElementFinderWithTimeout.lambda$0(WebUiElementFinderWithTimeout.java:29)
	at com.kms.katalon.core.webui.model.SeleniumActionRetryController.performAction(SeleniumActionRetryController.java:96)
	at com.kms.katalon.core.webui.model.SeleniumActionRetryController.performAction(SeleniumActionRetryController.java:83)
	at com.kms.katalon.core.webui.model.WebUiElementFinderWithTimeout.findElement(WebUiElementFinderWithTimeout.java:28)
	at com.kms.katalon.core.webui.keyword.internal.WebUIAbstractKeyword.findWebElement(WebUIAbstractKeyword.groovy:96)
	at com.kms.katalon.core.webui.keyword.builtin.EnhancedClickKeyword$_click_closure1.doCall(EnhancedClickKeyword.groovy:69)
	at java.base/jdk.internal.reflect.NativeMethodAccessorImpl.invoke0(Native Method)
	at java.base/jdk.internal.reflect.NativeMethodAccessorImpl.invoke(NativeMethodAccessorImpl.java:77)
	at java.base/jdk.internal.reflect.DelegatingMethodAccessorImpl.invoke(DelegatingMethodAccessorImpl.java:43)
	at jdk.proxy2/jdk.proxy2.$Proxy50.execute(Unknown Source)
	at com.kms.katalon.core.webui.model.SeleniumActionRetryController.performAction(SeleniumActionRetryController.java:96)
	at com.kms.katalon.core.webui.model.SeleniumActionRetryController.performAction(SeleniumActionRetryController.java:83)
	at com.kms.katalon.core.webui.keyword.internal.WebUIKeywordMain$_runKeywordUntilTimeout_closure1.doCall(WebUIKeywordMain.groovy:135)
	at com.kms.katalon.core.webui.keyword.internal.WebUIKeywordMain$_runKeywordUntilTimeout_closure1.call(WebUIKeywordMain.groovy)
	at com.kms.katalon.core.webui.keyword.internal.WebUIKeywordMain.runKeyword(WebUIKeywordMain.groovy:41)
	... 40 more

2026-01-06 10:23:45.584 INFO  c.k.katalon.core.main.TestCaseExecutor   - END Test Cases/OP/OP1.1
2026-01-06 10:23:45.591 INFO  c.k.katalon.core.main.TestCaseExecutor   - --------------------
2026-01-06 10:23:45.592 INFO  c.k.katalon.core.main.TestCaseExecutor   - START Test Cases/OP/OP1.1
2026-01-06 10:23:45.626 DEBUG testcase.OP1.1                           - 1: callTestCase(findTestCase("Login/LG-01"), [:], STOP_ON_FAILURE)
2026-01-06 10:23:45.769 INFO  c.k.katalon.core.main.TestCaseExecutor   - --------------------
2026-01-06 10:23:45.770 INFO  c.k.katalon.core.main.TestCaseExecutor   - CALL Test Cases/Login/LG-01
2026-01-06 10:23:45.906 DEBUG testcase.LG-01                           - 1: LOCAL_PAGELOAD = 300
2026-01-06 10:23:45.907 DEBUG testcase.LG-01                           - 2: WAIT_ELEMENT_BEFORE_RELOAD = 120
2026-01-06 10:23:45.908 DEBUG testcase.LG-01                           - 3: MAX_RELOAD_ATTEMPTS = 5
2026-01-06 10:23:45.909 DEBUG testcase.LG-01                           - 4: AFTER_LOGIN_WAIT = 120
2026-01-06 10:23:45.910 DEBUG testcase.LG-01                           - 5: SHORT = 5
2026-01-06 10:23:45.911 DEBUG testcase.LG-01                           - 6: MEDIUM = 15
2026-01-06 10:23:45.912 DEBUG testcase.LG-01                           - 7: LONG = 30
2026-01-06 10:23:45.929 DEBUG testcase.LG-01                           - 8: openBrowser("")
2026-01-06 10:23:45.938 WARN  c.k.k.core.webui.driver.DriverFactory    - A browser is already opened. Closing browser and opening a new one
2026-01-06 10:23:45.998 INFO  c.k.k.core.webui.driver.DriverFactory    - Starting 'Chrome' driver
2026-01-06 10:23:45.999 INFO  c.k.k.c.w.util.WebDriverPropertyUtil     - User set preference: ['args', '[--user-data-dir=C:\QA\Profiles\KatalonChrome, --profile-directory=Default]']
2026-01-06 10:23:46.001 INFO  c.k.k.core.webui.driver.DriverFactory    - Action delay is set to 0 milliseconds
1月 06, 2026 10:23:47 午前 org.openqa.selenium.devtools.CdpVersionFinder findNearestMatch
WARNING: Unable to find CDP implementation matching 143
1月 06, 2026 10:23:47 午前 org.openqa.selenium.chromium.ChromiumDriver lambda$new$4
WARNING: Unable to find version of CDP to use for 143.0.7499.170. You may need to include a dependency on a specific version of the CDP using something similar to `org.seleniumhq.selenium:selenium-devtools-v86:4.34.0` where the version ("v86") matches the version of the chromium-based browser you're using and the version number of the artifact is the same as Selenium's.
2026-01-06 10:23:47.251 INFO  c.k.k.core.webui.driver.DriverFactory    - sessionId = 05217fcb7f81bff1e14adfdb35dc2c7a
2026-01-06 10:23:47.251 INFO  c.k.k.core.webui.driver.DriverFactory    - browser = Chrome 143.0.7499.170
2026-01-06 10:23:47.252 INFO  c.k.k.core.webui.driver.DriverFactory    - platform = Windows 10
2026-01-06 10:23:47.252 INFO  c.k.k.core.webui.driver.DriverFactory    - seleniumVersion = 4.34.0
2026-01-06 10:23:47.253 INFO  c.k.k.core.webui.driver.DriverFactory    - proxyInformation = ProxyInformation { proxyOption=NO_PROXY, proxyServerType=HTTP, username=, password=********, proxyServerAddress=, proxyServerPort=0, executionList="", isApplyToDesiredCapabilities=true }
2026-01-06 10:23:47.267 DEBUG testcase.LG-01                           - 9: maximizeWindow()
2026-01-06 10:23:47.279 DEBUG testcase.LG-01                           - 10: navigateToUrl("https://qa.engagement.magiqdev.cloud/login")
2026-01-06 10:23:47.341 DEBUG testcase.LG-01                           - 11: waitForPageLoad(LOCAL_PAGELOAD)
2026-01-06 10:23:47.928 DEBUG testcase.LG-01                           - 12: spanAdmin = new com.kms.katalon.core.testobject.TestObject(obj_span_admin_test_1)
2026-01-06 10:23:47.929 DEBUG testcase.LG-01                           - 13: spanAdmin.addProperty("xpath", EQUALS, "//button[.//span[contains(normalize-space(), 'test')]]")
2026-01-06 10:23:47.931 DEBUG testcase.LG-01                           - 14: iExitToApp = new com.kms.katalon.core.testobject.TestObject(obj_i_exit_to_app)
2026-01-06 10:23:47.933 DEBUG testcase.LG-01                           - 15: iExitToApp.addProperty("xpath", EQUALS, "//i[normalize-space(text())='exit_to_app']")
2026-01-06 10:23:47.944 DEBUG testcase.LG-01                           - 16: userNameInput = new com.kms.katalon.core.testobject.TestObject(obj_input_userName)
2026-01-06 10:23:47.945 DEBUG testcase.LG-01                           - 17: userNameInput.addProperty("id", EQUALS, "userName")
2026-01-06 10:23:47.947 DEBUG testcase.LG-01                           - 18: currentUrl = getUrl()
2026-01-06 10:23:47.974 DEBUG testcase.LG-01                           - 19: if (currentUrl == "https://qa.engagement.magiqdev.cloud/news")
2026-01-06 10:23:47.975 DEBUG testcase.LG-01                           - 20: userNameField = new com.kms.katalon.core.testobject.TestObject(userName)
2026-01-06 10:23:47.976 DEBUG testcase.LG-01                           - 21: userNameField.addProperty("id", EQUALS, "userName")
2026-01-06 10:23:47.977 DEBUG testcase.LG-01                           - 22: passwordField = new com.kms.katalon.core.testobject.TestObject(password)
2026-01-06 10:23:47.978 DEBUG testcase.LG-01                           - 23: passwordField.addProperty("xpath", EQUALS, "//input[@type='password' or contains(@aria-label,'password') or contains(@placeholder,'Password')]")
2026-01-06 10:23:47.979 DEBUG testcase.LG-01                           - 24: loginBtn = new com.kms.katalon.core.testobject.TestObject(loginBtn)
2026-01-06 10:23:47.980 DEBUG testcase.LG-01                           - 25: loginBtn.addProperty("css", EQUALS, "button.btn-login")
2026-01-06 10:23:47.986 DEBUG testcase.LG-01                           - 26: loginBtn.addProperty("xpath", EQUALS, "//button[contains(@class,'btn-login') or normalize-space(.)='Login' or .//span[normalize-space(.)='Login']]")
2026-01-06 10:23:47.987 DEBUG testcase.LG-01                           - 27: appBar = new com.kms.katalon.core.testobject.TestObject(appBar)
2026-01-06 10:23:47.989 DEBUG testcase.LG-01                           - 28: appBar.addProperty("css", EQUALS, ".mat-app-bar")
2026-01-06 10:23:47.990 DEBUG testcase.LG-01                           - 29: appBar.addProperty("xpath", EQUALS, "//*[contains(@class,'mat-app-bar')]")
2026-01-06 10:23:47.991 DEBUG testcase.LG-01                           - 30: usernameVisible = false
2026-01-06 10:23:47.992 DEBUG testcase.LG-01                           - 31: attempts = 0
2026-01-06 10:23:47.992 DEBUG testcase.LG-01                           - 32: usernameVisible = waitForElementVisible(userNameField, 3, OPTIONAL)
2026-01-06 10:23:51.710 WARN  k.k.c.w.k.b.WaitForElementVisibleKeyword - Web element with id: 'userName' located by 'By.xpath: //*[@id = 'userName']' not found
2026-01-06 10:23:51.714 DEBUG testcase.LG-01                           - 33: if (!(usernameVisible))
2026-01-06 10:23:51.717 DEBUG testcase.LG-01                           - 1: okBtn = new com.kms.katalon.core.testobject.TestObject(ok_button_in_modal)
2026-01-06 10:23:51.718 DEBUG testcase.LG-01                           - 2: okBtn.addProperty("xpath", EQUALS, "//footer[contains(@class,'mdc-dialog__actions')]" + "//button[@aria-label='Ok' and .//span[@class='mdc-button__label' and normalize-space()='Ok']]")
2026-01-06 10:23:51.719 DEBUG testcase.LG-01                           - 3: waitForElementClickable(okBtn, 5)
2026-01-06 10:23:57.294 WARN  k.c.w.k.b.WaitForElementClickableKeyword - Web element with id: 'ok_button_in_modal' located by 'By.xpath: //footer[contains(@class,'mdc-dialog__actions')]//button[@aria-label='Ok' and .//span[@class='mdc-button__label' and normalize-space()='Ok']]' not found
2026-01-06 10:23:57.295 DEBUG testcase.LG-01                           - 4: enhancedClick(okBtn)
2026-01-06 10:24:07.578 ERROR c.k.k.core.keyword.internal.KeywordMain  - ❌ Unable to click on object 'ok_button_in_modal' (Root cause: com.kms.katalon.core.exception.StepFailedException: Unable to click on object 'ok_button_in_modal'
	at com.kms.katalon.core.webui.keyword.internal.WebUIKeywordMain.stepFailed(WebUIKeywordMain.groovy:177)
	at com.kms.katalon.core.webui.keyword.internal.WebUIKeywordMain.runKeyword(WebUIKeywordMain.groovy:49)
	at com.kms.katalon.core.webui.keyword.internal.WebUIKeywordMain.runKeywordUntilTimeout(WebUIKeywordMain.groovy:133)
	at com.kms.katalon.core.webui.keyword.builtin.EnhancedClickKeyword.click(EnhancedClickKeyword.groovy:95)
	at com.kms.katalon.core.webui.keyword.builtin.EnhancedClickKeyword.execute(EnhancedClickKeyword.groovy:41)
	at com.kms.katalon.core.keyword.internal.KeywordExecutor.executeKeywordForPlatform(KeywordExecutor.groovy:90)
	at com.kms.katalon.core.webui.keyword.WebUiBuiltInKeywords.enhancedClick(WebUiBuiltInKeywords.groovy:747)
	at LG-01.run(LG-01:133)
	at com.kms.katalon.core.main.ScriptEngine.run(ScriptEngine.java:194)
	at com.kms.katalon.core.main.ScriptEngine.runScriptAsRawText(ScriptEngine.java:119)
	at com.kms.katalon.core.main.TestCaseExecutor.runScript(TestCaseExecutor.java:490)
	at com.kms.katalon.core.main.TestCaseExecutor.doExecute(TestCaseExecutor.java:481)
	at com.kms.katalon.core.main.TestCaseExecutor.processExecutionPhase(TestCaseExecutor.java:460)
	at com.kms.katalon.core.main.TestCaseExecutor.accessMainPhase(TestCaseExecutor.java:452)
	at com.kms.katalon.core.main.TestCaseExecutor.execute(TestCaseExecutor.java:322)
	at com.kms.katalon.core.main.TestCaseMain.runTestCase(TestCaseMain.java:151)
	at com.kms.katalon.core.keyword.builtin.CallTestCaseKeyword$_callTestCase_closure1.doCall(CallTestCaseKeyword.groovy:59)
	at com.kms.katalon.core.keyword.builtin.CallTestCaseKeyword$_callTestCase_closure1.call(CallTestCaseKeyword.groovy)
	at com.kms.katalon.core.keyword.internal.KeywordMain.runKeyword(KeywordMain.groovy:75)
	at com.kms.katalon.core.keyword.builtin.CallTestCaseKeyword.callTestCase(CallTestCaseKeyword.groovy:81)
	at com.kms.katalon.core.keyword.builtin.CallTestCaseKeyword.execute(CallTestCaseKeyword.groovy:44)
	at com.kms.katalon.core.keyword.internal.KeywordExecutor.executeKeywordForPlatform(KeywordExecutor.groovy:90)
	at com.kms.katalon.core.keyword.BuiltinKeywords.callTestCase(BuiltinKeywords.groovy:310)
	at java.base/jdk.internal.reflect.NativeMethodAccessorImpl.invoke0(Native Method)
	at java.base/jdk.internal.reflect.NativeMethodAccessorImpl.invoke(NativeMethodAccessorImpl.java:77)
	at java.base/jdk.internal.reflect.DelegatingMethodAccessorImpl.invoke(DelegatingMethodAccessorImpl.java:43)
	at OP1.1.run(OP1.1:20)
	at com.kms.katalon.core.main.ScriptEngine.run(ScriptEngine.java:194)
	at com.kms.katalon.core.main.ScriptEngine.runScriptAsRawText(ScriptEngine.java:119)
	at com.kms.katalon.core.main.TestCaseExecutor.runScript(TestCaseExecutor.java:490)
	at com.kms.katalon.core.main.TestCaseExecutor.doExecute(TestCaseExecutor.java:481)
	at com.kms.katalon.core.main.TestCaseExecutor.processExecutionPhase(TestCaseExecutor.java:460)
	at com.kms.katalon.core.main.TestCaseExecutor.accessMainPhase(TestCaseExecutor.java:452)
	at com.kms.katalon.core.main.TestCaseExecutor.execute(TestCaseExecutor.java:322)
	at com.kms.katalon.core.main.TestCaseExecutor.execute(TestCaseExecutor.java:410)
	at com.kms.katalon.core.common.CommonExecutor.accessTestCaseMainPhase(CommonExecutor.java:71)
	at com.kms.katalon.core.main.TestSuiteExecutor.accessTestSuiteMainPhase(TestSuiteExecutor.java:153)
	at com.kms.katalon.core.main.TestSuiteExecutor.execute(TestSuiteExecutor.java:110)
	at com.kms.katalon.core.main.TestCaseMain.startTestSuite(TestCaseMain.java:205)
	at TempTestSuite1767669793820.run(TempTestSuite1767669793820.groovy:35)
	at java.base/jdk.internal.reflect.NativeMethodAccessorImpl.invoke0(Native Method)
	at java.base/jdk.internal.reflect.NativeMethodAccessorImpl.invoke(NativeMethodAccessorImpl.java:77)
	at java.base/jdk.internal.reflect.DelegatingMethodAccessorImpl.invoke(DelegatingMethodAccessorImpl.java:43)
Caused by: com.kms.katalon.core.webui.exception.WebElementNotFoundException: Web element with id: 'ok_button_in_modal' located by 'By.xpath: //footer[contains(@class,'mdc-dialog__actions')]//button[@aria-label='Ok' and .//span[@class='mdc-button__label' and normalize-space()='Ok']]' not found
	at com.kms.katalon.core.webui.model.WebUiElementFinder.findElementByNormalMethods(WebUiElementFinder.java:193)
	at com.kms.katalon.core.webui.model.WebUiElementFinder.findElementsBySelectedMethod(WebUiElementFinder.java:86)
	at com.kms.katalon.core.webui.model.WebUiElementFinder.findElementsBySelectedMethod(WebUiElementFinder.java:74)
	at com.kms.katalon.core.webui.model.WebUiElementFinder.findElementsBySelectedMethod(WebUiElementFinder.java:69)
	at com.kms.katalon.core.webui.model.WebUiElementFinder.findElement(WebUiElementFinder.java:43)
	at com.kms.katalon.core.webui.model.WebUiElementFinderWithTimeout.basicFindElement(WebUiElementFinderWithTimeout.java:50)
	at com.kms.katalon.core.webui.model.WebUiElementFinderWithTimeout.lambda$0(WebUiElementFinderWithTimeout.java:29)
	at com.kms.katalon.core.webui.model.SeleniumActionRetryController.performAction(SeleniumActionRetryController.java:96)
	at com.kms.katalon.core.webui.model.SeleniumActionRetryController.performAction(SeleniumActionRetryController.java:83)
	at com.kms.katalon.core.webui.model.WebUiElementFinderWithTimeout.findElement(WebUiElementFinderWithTimeout.java:28)
	at com.kms.katalon.core.webui.keyword.internal.WebUIAbstractKeyword.findWebElement(WebUIAbstractKeyword.groovy:96)
	at com.kms.katalon.core.webui.keyword.builtin.EnhancedClickKeyword$_click_closure1.doCall(EnhancedClickKeyword.groovy:69)
	at java.base/jdk.internal.reflect.NativeMethodAccessorImpl.invoke0(Native Method)
	at java.base/jdk.internal.reflect.NativeMethodAccessorImpl.invoke(NativeMethodAccessorImpl.java:77)
	at java.base/jdk.internal.reflect.DelegatingMethodAccessorImpl.invoke(DelegatingMethodAccessorImpl.java:43)
	at jdk.proxy2/jdk.proxy2.$Proxy50.execute(Unknown Source)
	at com.kms.katalon.core.webui.model.SeleniumActionRetryController.performAction(SeleniumActionRetryController.java:96)
	at com.kms.katalon.core.webui.model.SeleniumActionRetryController.performAction(SeleniumActionRetryController.java:83)
	at com.kms.katalon.core.webui.keyword.internal.WebUIKeywordMain$_runKeywordUntilTimeout_closure1.doCall(WebUIKeywordMain.groovy:135)
	at com.kms.katalon.core.webui.keyword.internal.WebUIKeywordMain$_runKeywordUntilTimeout_closure1.call(WebUIKeywordMain.groovy)
	at com.kms.katalon.core.webui.keyword.internal.WebUIKeywordMain.runKeyword(WebUIKeywordMain.groovy:41)
	at com.kms.katalon.core.webui.keyword.internal.WebUIKeywordMain.runKeywordUntilTimeout(WebUIKeywordMain.groovy:133)
	at com.kms.katalon.core.webui.keyword.builtin.EnhancedClickKeyword.click(EnhancedClickKeyword.groovy:95)
	at com.kms.katalon.core.webui.keyword.builtin.EnhancedClickKeyword.execute(EnhancedClickKeyword.groovy:41)
	at com.kms.katalon.core.keyword.internal.KeywordExecutor.executeKeywordForPlatform(KeywordExecutor.groovy:90)
	at com.kms.katalon.core.webui.keyword.WebUiBuiltInKeywords.enhancedClick(WebUiBuiltInKeywords.groovy:747)
	at Script1767340478096.run(Script1767340478096.groovy:133)
	at com.kms.katalon.core.main.ScriptEngine.run(ScriptEngine.java:194)
	at com.kms.katalon.core.main.ScriptEngine.runScriptAsRawText(ScriptEngine.java:119)
	at com.kms.katalon.core.main.TestCaseExecutor.runScript(TestCaseExecutor.java:490)
	at com.kms.katalon.core.main.TestCaseExecutor.doExecute(TestCaseExecutor.java:481)
	at com.kms.katalon.core.main.TestCaseExecutor.processExecutionPhase(TestCaseExecutor.java:460)
	at com.kms.katalon.core.main.TestCaseExecutor.accessMainPhase(TestCaseExecutor.java:452)
	at com.kms.katalon.core.main.TestCaseExecutor.execute(TestCaseExecutor.java:322)
	at com.kms.katalon.core.main.TestCaseMain.runTestCase(TestCaseMain.java:151)
	at com.kms.katalon.core.keyword.builtin.CallTestCaseKeyword$_callTestCase_closure1.doCall(CallTestCaseKeyword.groovy:59)
	at com.kms.katalon.core.keyword.builtin.CallTestCaseKeyword$_callTestCase_closure1.call(CallTestCaseKeyword.groovy)
	at com.kms.katalon.core.keyword.internal.KeywordMain.runKeyword(KeywordMain.groovy:75)
	at com.kms.katalon.core.keyword.builtin.CallTestCaseKeyword.callTestCase(CallTestCaseKeyword.groovy:81)
	at com.kms.katalon.core.keyword.builtin.CallTestCaseKeyword.execute(CallTestCaseKeyword.groovy:44)
	at com.kms.katalon.core.keyword.internal.KeywordExecutor.executeKeywordForPlatform(KeywordExecutor.groovy:90)
	at com.kms.katalon.core.keyword.BuiltinKeywords.callTestCase(BuiltinKeywords.groovy:310)
	at java.base/jdk.internal.reflect.NativeMethodAccessorImpl.invoke0(Native Method)
	at java.base/jdk.internal.reflect.NativeMethodAccessorImpl.invoke(NativeMethodAccessorImpl.java:77)
	at java.base/jdk.internal.reflect.DelegatingMethodAccessorImpl.invoke(DelegatingMethodAccessorImpl.java:43)
	at Script1767663740888.run(Script1767663740888.groovy:20)
	... 16 more
)
2026-01-06 10:24:07.582 ERROR c.k.katalon.core.main.TestCaseExecutor   - ❌ Test Cases/Login/LG-01 FAILED.
Reason:
com.kms.katalon.core.exception.StepFailedException: Unable to click on object 'ok_button_in_modal'
	at com.kms.katalon.core.webui.keyword.internal.WebUIKeywordMain.stepFailed(WebUIKeywordMain.groovy:177)
	at com.kms.katalon.core.webui.keyword.internal.WebUIKeywordMain.runKeyword(WebUIKeywordMain.groovy:49)
	at com.kms.katalon.core.webui.keyword.internal.WebUIKeywordMain.runKeywordUntilTimeout(WebUIKeywordMain.groovy:133)
	at com.kms.katalon.core.webui.keyword.builtin.EnhancedClickKeyword.click(EnhancedClickKeyword.groovy:95)
	at com.kms.katalon.core.webui.keyword.builtin.EnhancedClickKeyword.execute(EnhancedClickKeyword.groovy:41)
	at com.kms.katalon.core.keyword.internal.KeywordExecutor.executeKeywordForPlatform(KeywordExecutor.groovy:90)
	at com.kms.katalon.core.webui.keyword.WebUiBuiltInKeywords.enhancedClick(WebUiBuiltInKeywords.groovy:747)
	at LG-01.run(LG-01:133)
	at com.kms.katalon.core.main.ScriptEngine.run(ScriptEngine.java:194)
	at com.kms.katalon.core.main.ScriptEngine.runScriptAsRawText(ScriptEngine.java:119)
	at com.kms.katalon.core.main.TestCaseExecutor.runScript(TestCaseExecutor.java:490)
	at com.kms.katalon.core.main.TestCaseExecutor.doExecute(TestCaseExecutor.java:481)
	at com.kms.katalon.core.main.TestCaseExecutor.processExecutionPhase(TestCaseExecutor.java:460)
	at com.kms.katalon.core.main.TestCaseExecutor.accessMainPhase(TestCaseExecutor.java:452)
	at com.kms.katalon.core.main.TestCaseExecutor.execute(TestCaseExecutor.java:322)
	at com.kms.katalon.core.main.TestCaseMain.runTestCase(TestCaseMain.java:151)
	at com.kms.katalon.core.keyword.builtin.CallTestCaseKeyword$_callTestCase_closure1.doCall(CallTestCaseKeyword.groovy:59)
	at com.kms.katalon.core.keyword.builtin.CallTestCaseKeyword$_callTestCase_closure1.call(CallTestCaseKeyword.groovy)
	at com.kms.katalon.core.keyword.internal.KeywordMain.runKeyword(KeywordMain.groovy:75)
	at com.kms.katalon.core.keyword.builtin.CallTestCaseKeyword.callTestCase(CallTestCaseKeyword.groovy:81)
	at com.kms.katalon.core.keyword.builtin.CallTestCaseKeyword.execute(CallTestCaseKeyword.groovy:44)
	at com.kms.katalon.core.keyword.internal.KeywordExecutor.executeKeywordForPlatform(KeywordExecutor.groovy:90)
	at com.kms.katalon.core.keyword.BuiltinKeywords.callTestCase(BuiltinKeywords.groovy:310)
	at java.base/jdk.internal.reflect.NativeMethodAccessorImpl.invoke0(Native Method)
	at java.base/jdk.internal.reflect.NativeMethodAccessorImpl.invoke(NativeMethodAccessorImpl.java:77)
	at java.base/jdk.internal.reflect.DelegatingMethodAccessorImpl.invoke(DelegatingMethodAccessorImpl.java:43)
	at OP1.1.run(OP1.1:20)
	at com.kms.katalon.core.main.ScriptEngine.run(ScriptEngine.java:194)
	at com.kms.katalon.core.main.ScriptEngine.runScriptAsRawText(ScriptEngine.java:119)
	at com.kms.katalon.core.main.TestCaseExecutor.runScript(TestCaseExecutor.java:490)
	at com.kms.katalon.core.main.TestCaseExecutor.doExecute(TestCaseExecutor.java:481)
	at com.kms.katalon.core.main.TestCaseExecutor.processExecutionPhase(TestCaseExecutor.java:460)
	at com.kms.katalon.core.main.TestCaseExecutor.accessMainPhase(TestCaseExecutor.java:452)
	at com.kms.katalon.core.main.TestCaseExecutor.execute(TestCaseExecutor.java:322)
	at com.kms.katalon.core.main.TestCaseExecutor.execute(TestCaseExecutor.java:410)
	at com.kms.katalon.core.common.CommonExecutor.accessTestCaseMainPhase(CommonExecutor.java:71)
	at com.kms.katalon.core.main.TestSuiteExecutor.accessTestSuiteMainPhase(TestSuiteExecutor.java:153)
	at com.kms.katalon.core.main.TestSuiteExecutor.execute(TestSuiteExecutor.java:110)
	at com.kms.katalon.core.main.TestCaseMain.startTestSuite(TestCaseMain.java:205)
	at TempTestSuite1767669793820.run(TempTestSuite1767669793820.groovy:35)
	at java.base/jdk.internal.reflect.NativeMethodAccessorImpl.invoke0(Native Method)
	at java.base/jdk.internal.reflect.NativeMethodAccessorImpl.invoke(NativeMethodAccessorImpl.java:77)
	at java.base/jdk.internal.reflect.DelegatingMethodAccessorImpl.invoke(DelegatingMethodAccessorImpl.java:43)
Caused by: com.kms.katalon.core.webui.exception.WebElementNotFoundException: Web element with id: 'ok_button_in_modal' located by 'By.xpath: //footer[contains(@class,'mdc-dialog__actions')]//button[@aria-label='Ok' and .//span[@class='mdc-button__label' and normalize-space()='Ok']]' not found
	at com.kms.katalon.core.webui.model.WebUiElementFinder.findElementByNormalMethods(WebUiElementFinder.java:193)
	at com.kms.katalon.core.webui.model.WebUiElementFinder.findElementsBySelectedMethod(WebUiElementFinder.java:86)
	at com.kms.katalon.core.webui.model.WebUiElementFinder.findElementsBySelectedMethod(WebUiElementFinder.java:74)
	at com.kms.katalon.core.webui.model.WebUiElementFinder.findElementsBySelectedMethod(WebUiElementFinder.java:69)
	at com.kms.katalon.core.webui.model.WebUiElementFinder.findElement(WebUiElementFinder.java:43)
	at com.kms.katalon.core.webui.model.WebUiElementFinderWithTimeout.basicFindElement(WebUiElementFinderWithTimeout.java:50)
	at com.kms.katalon.core.webui.model.WebUiElementFinderWithTimeout.lambda$0(WebUiElementFinderWithTimeout.java:29)
	at com.kms.katalon.core.webui.model.SeleniumActionRetryController.performAction(SeleniumActionRetryController.java:96)
	at com.kms.katalon.core.webui.model.SeleniumActionRetryController.performAction(SeleniumActionRetryController.java:83)
	at com.kms.katalon.core.webui.model.WebUiElementFinderWithTimeout.findElement(WebUiElementFinderWithTimeout.java:28)
	at com.kms.katalon.core.webui.keyword.internal.WebUIAbstractKeyword.findWebElement(WebUIAbstractKeyword.groovy:96)
	at com.kms.katalon.core.webui.keyword.builtin.EnhancedClickKeyword$_click_closure1.doCall(EnhancedClickKeyword.groovy:69)
	at java.base/jdk.internal.reflect.NativeMethodAccessorImpl.invoke0(Native Method)
	at java.base/jdk.internal.reflect.NativeMethodAccessorImpl.invoke(NativeMethodAccessorImpl.java:77)
	at java.base/jdk.internal.reflect.DelegatingMethodAccessorImpl.invoke(DelegatingMethodAccessorImpl.java:43)
	at jdk.proxy2/jdk.proxy2.$Proxy50.execute(Unknown Source)
	at com.kms.katalon.core.webui.model.SeleniumActionRetryController.performAction(SeleniumActionRetryController.java:96)
	at com.kms.katalon.core.webui.model.SeleniumActionRetryController.performAction(SeleniumActionRetryController.java:83)
	at com.kms.katalon.core.webui.keyword.internal.WebUIKeywordMain$_runKeywordUntilTimeout_closure1.doCall(WebUIKeywordMain.groovy:135)
	at com.kms.katalon.core.webui.keyword.internal.WebUIKeywordMain$_runKeywordUntilTimeout_closure1.call(WebUIKeywordMain.groovy)
	at com.kms.katalon.core.webui.keyword.internal.WebUIKeywordMain.runKeyword(WebUIKeywordMain.groovy:41)
	... 41 more

2026-01-06 10:24:07.584 INFO  c.k.katalon.core.main.TestCaseExecutor   - END CALL Test Cases/Login/LG-01
2026-01-06 10:24:07.584 INFO  c.k.katalon.core.main.TestCaseExecutor   - --------------------
2026-01-06 10:24:07.585 ERROR c.k.k.core.keyword.internal.KeywordMain  - ❌ Unable to call Test Case 'Test Cases/Login/LG-01' (Root cause: com.kms.katalon.core.exception.StepFailedException: Call Test Case 'Test Cases/Login/LG-01' failed
	at com.kms.katalon.core.keyword.builtin.CallTestCaseKeyword$_callTestCase_closure1.doCall(CallTestCaseKeyword.groovy:63)
	at com.kms.katalon.core.keyword.builtin.CallTestCaseKeyword$_callTestCase_closure1.call(CallTestCaseKeyword.groovy)
	at com.kms.katalon.core.keyword.internal.KeywordMain.runKeyword(KeywordMain.groovy:75)
	at com.kms.katalon.core.keyword.builtin.CallTestCaseKeyword.callTestCase(CallTestCaseKeyword.groovy:81)
	at com.kms.katalon.core.keyword.builtin.CallTestCaseKeyword.execute(CallTestCaseKeyword.groovy:44)
	at com.kms.katalon.core.keyword.internal.KeywordExecutor.executeKeywordForPlatform(KeywordExecutor.groovy:90)
	at com.kms.katalon.core.keyword.BuiltinKeywords.callTestCase(BuiltinKeywords.groovy:310)
	at java.base/jdk.internal.reflect.NativeMethodAccessorImpl.invoke0(Native Method)
	at java.base/jdk.internal.reflect.NativeMethodAccessorImpl.invoke(NativeMethodAccessorImpl.java:77)
	at java.base/jdk.internal.reflect.DelegatingMethodAccessorImpl.invoke(DelegatingMethodAccessorImpl.java:43)
	at OP1.1.run(OP1.1:20)
	at com.kms.katalon.core.main.ScriptEngine.run(ScriptEngine.java:194)
	at com.kms.katalon.core.main.ScriptEngine.runScriptAsRawText(ScriptEngine.java:119)
	at com.kms.katalon.core.main.TestCaseExecutor.runScript(TestCaseExecutor.java:490)
	at com.kms.katalon.core.main.TestCaseExecutor.doExecute(TestCaseExecutor.java:481)
	at com.kms.katalon.core.main.TestCaseExecutor.processExecutionPhase(TestCaseExecutor.java:460)
	at com.kms.katalon.core.main.TestCaseExecutor.accessMainPhase(TestCaseExecutor.java:452)
	at com.kms.katalon.core.main.TestCaseExecutor.execute(TestCaseExecutor.java:322)
	at com.kms.katalon.core.main.TestCaseExecutor.execute(TestCaseExecutor.java:410)
	at com.kms.katalon.core.common.CommonExecutor.accessTestCaseMainPhase(CommonExecutor.java:71)
	at com.kms.katalon.core.main.TestSuiteExecutor.accessTestSuiteMainPhase(TestSuiteExecutor.java:153)
	at com.kms.katalon.core.main.TestSuiteExecutor.execute(TestSuiteExecutor.java:110)
	at com.kms.katalon.core.main.TestCaseMain.startTestSuite(TestCaseMain.java:205)
	at TempTestSuite1767669793820.run(TempTestSuite1767669793820.groovy:35)
	at java.base/jdk.internal.reflect.NativeMethodAccessorImpl.invoke0(Native Method)
	at java.base/jdk.internal.reflect.NativeMethodAccessorImpl.invoke(NativeMethodAccessorImpl.java:77)
	at java.base/jdk.internal.reflect.DelegatingMethodAccessorImpl.invoke(DelegatingMethodAccessorImpl.java:43)
Caused by: com.kms.katalon.core.exception.StepFailedException: Unable to click on object 'ok_button_in_modal'
	at com.kms.katalon.core.webui.keyword.internal.WebUIKeywordMain.stepFailed(WebUIKeywordMain.groovy:177)
	at com.kms.katalon.core.webui.keyword.internal.WebUIKeywordMain.runKeyword(WebUIKeywordMain.groovy:49)
	at com.kms.katalon.core.webui.keyword.internal.WebUIKeywordMain.runKeywordUntilTimeout(WebUIKeywordMain.groovy:133)
	at com.kms.katalon.core.webui.keyword.builtin.EnhancedClickKeyword.click(EnhancedClickKeyword.groovy:95)
	at com.kms.katalon.core.webui.keyword.builtin.EnhancedClickKeyword.execute(EnhancedClickKeyword.groovy:41)
	at com.kms.katalon.core.keyword.internal.KeywordExecutor.executeKeywordForPlatform(KeywordExecutor.groovy:90)
	at com.kms.katalon.core.webui.keyword.WebUiBuiltInKeywords.enhancedClick(WebUiBuiltInKeywords.groovy:747)
	at LG-01.run(LG-01:133)
	at com.kms.katalon.core.main.ScriptEngine.run(ScriptEngine.java:194)
	at com.kms.katalon.core.main.ScriptEngine.runScriptAsRawText(ScriptEngine.java:119)
	at com.kms.katalon.core.main.TestCaseExecutor.runScript(TestCaseExecutor.java:490)
	at com.kms.katalon.core.main.TestCaseExecutor.doExecute(TestCaseExecutor.java:481)
	at com.kms.katalon.core.main.TestCaseExecutor.processExecutionPhase(TestCaseExecutor.java:460)
	at com.kms.katalon.core.main.TestCaseExecutor.accessMainPhase(TestCaseExecutor.java:452)
	at com.kms.katalon.core.main.TestCaseExecutor.execute(TestCaseExecutor.java:322)
	at com.kms.katalon.core.main.TestCaseMain.runTestCase(TestCaseMain.java:151)
	at com.kms.katalon.core.keyword.builtin.CallTestCaseKeyword$_callTestCase_closure1.doCall(CallTestCaseKeyword.groovy:59)
	... 26 more
Caused by: com.kms.katalon.core.webui.exception.WebElementNotFoundException: Web element with id: 'ok_button_in_modal' located by 'By.xpath: //footer[contains(@class,'mdc-dialog__actions')]//button[@aria-label='Ok' and .//span[@class='mdc-button__label' and normalize-space()='Ok']]' not found
	at com.kms.katalon.core.webui.model.WebUiElementFinder.findElementByNormalMethods(WebUiElementFinder.java:193)
	at com.kms.katalon.core.webui.model.WebUiElementFinder.findElementsBySelectedMethod(WebUiElementFinder.java:86)
	at com.kms.katalon.core.webui.model.WebUiElementFinder.findElementsBySelectedMethod(WebUiElementFinder.java:74)
	at com.kms.katalon.core.webui.model.WebUiElementFinder.findElementsBySelectedMethod(WebUiElementFinder.java:69)
	at com.kms.katalon.core.webui.model.WebUiElementFinder.findElement(WebUiElementFinder.java:43)
	at com.kms.katalon.core.webui.model.WebUiElementFinderWithTimeout.basicFindElement(WebUiElementFinderWithTimeout.java:50)
	at com.kms.katalon.core.webui.model.WebUiElementFinderWithTimeout.lambda$0(WebUiElementFinderWithTimeout.java:29)
	at com.kms.katalon.core.webui.model.SeleniumActionRetryController.performAction(SeleniumActionRetryController.java:96)
	at com.kms.katalon.core.webui.model.SeleniumActionRetryController.performAction(SeleniumActionRetryController.java:83)
	at com.kms.katalon.core.webui.model.WebUiElementFinderWithTimeout.findElement(WebUiElementFinderWithTimeout.java:28)
	at com.kms.katalon.core.webui.keyword.internal.WebUIAbstractKeyword.findWebElement(WebUIAbstractKeyword.groovy:96)
	at com.kms.katalon.core.webui.keyword.builtin.EnhancedClickKeyword$_click_closure1.doCall(EnhancedClickKeyword.groovy:69)
	at java.base/jdk.internal.reflect.NativeMethodAccessorImpl.invoke0(Native Method)
	at java.base/jdk.internal.reflect.NativeMethodAccessorImpl.invoke(NativeMethodAccessorImpl.java:77)
	at java.base/jdk.internal.reflect.DelegatingMethodAccessorImpl.invoke(DelegatingMethodAccessorImpl.java:43)
	at jdk.proxy2/jdk.proxy2.$Proxy50.execute(Unknown Source)
	at com.kms.katalon.core.webui.model.SeleniumActionRetryController.performAction(SeleniumActionRetryController.java:96)
	at com.kms.katalon.core.webui.model.SeleniumActionRetryController.performAction(SeleniumActionRetryController.java:83)
	at com.kms.katalon.core.webui.keyword.internal.WebUIKeywordMain$_runKeywordUntilTimeout_closure1.doCall(WebUIKeywordMain.groovy:135)
	at com.kms.katalon.core.webui.keyword.internal.WebUIKeywordMain$_runKeywordUntilTimeout_closure1.call(WebUIKeywordMain.groovy)
	at com.kms.katalon.core.webui.keyword.internal.WebUIKeywordMain.runKeyword(WebUIKeywordMain.groovy:41)
	... 41 more
)
2026-01-06 10:24:07.587 ERROR c.k.katalon.core.main.TestCaseExecutor   - ❌ Test Cases/OP/OP1.1 FAILED.
Reason:
com.kms.katalon.core.exception.StepFailedException: Call Test Case 'Test Cases/Login/LG-01' failed
	at com.kms.katalon.core.keyword.builtin.CallTestCaseKeyword$_callTestCase_closure1.doCall(CallTestCaseKeyword.groovy:63)
	at com.kms.katalon.core.keyword.builtin.CallTestCaseKeyword$_callTestCase_closure1.call(CallTestCaseKeyword.groovy)
	at com.kms.katalon.core.keyword.internal.KeywordMain.runKeyword(KeywordMain.groovy:75)
	at com.kms.katalon.core.keyword.builtin.CallTestCaseKeyword.callTestCase(CallTestCaseKeyword.groovy:81)
	at com.kms.katalon.core.keyword.builtin.CallTestCaseKeyword.execute(CallTestCaseKeyword.groovy:44)
	at com.kms.katalon.core.keyword.internal.KeywordExecutor.executeKeywordForPlatform(KeywordExecutor.groovy:90)
	at com.kms.katalon.core.keyword.BuiltinKeywords.callTestCase(BuiltinKeywords.groovy:310)
	at java.base/jdk.internal.reflect.NativeMethodAccessorImpl.invoke0(Native Method)
	at java.base/jdk.internal.reflect.NativeMethodAccessorImpl.invoke(NativeMethodAccessorImpl.java:77)
	at java.base/jdk.internal.reflect.DelegatingMethodAccessorImpl.invoke(DelegatingMethodAccessorImpl.java:43)
	at OP1.1.run(OP1.1:20)
	at com.kms.katalon.core.main.ScriptEngine.run(ScriptEngine.java:194)
	at com.kms.katalon.core.main.ScriptEngine.runScriptAsRawText(ScriptEngine.java:119)
	at com.kms.katalon.core.main.TestCaseExecutor.runScript(TestCaseExecutor.java:490)
	at com.kms.katalon.core.main.TestCaseExecutor.doExecute(TestCaseExecutor.java:481)
	at com.kms.katalon.core.main.TestCaseExecutor.processExecutionPhase(TestCaseExecutor.java:460)
	at com.kms.katalon.core.main.TestCaseExecutor.accessMainPhase(TestCaseExecutor.java:452)
	at com.kms.katalon.core.main.TestCaseExecutor.execute(TestCaseExecutor.java:322)
	at com.kms.katalon.core.main.TestCaseExecutor.execute(TestCaseExecutor.java:410)
	at com.kms.katalon.core.common.CommonExecutor.accessTestCaseMainPhase(CommonExecutor.java:71)
	at com.kms.katalon.core.main.TestSuiteExecutor.accessTestSuiteMainPhase(TestSuiteExecutor.java:153)
	at com.kms.katalon.core.main.TestSuiteExecutor.execute(TestSuiteExecutor.java:110)
	at com.kms.katalon.core.main.TestCaseMain.startTestSuite(TestCaseMain.java:205)
	at TempTestSuite1767669793820.run(TempTestSuite1767669793820.groovy:35)
	at java.base/jdk.internal.reflect.NativeMethodAccessorImpl.invoke0(Native Method)
	at java.base/jdk.internal.reflect.NativeMethodAccessorImpl.invoke(NativeMethodAccessorImpl.java:77)
	at java.base/jdk.internal.reflect.DelegatingMethodAccessorImpl.invoke(DelegatingMethodAccessorImpl.java:43)
Caused by: com.kms.katalon.core.exception.StepFailedException: Unable to click on object 'ok_button_in_modal'
	at com.kms.katalon.core.webui.keyword.internal.WebUIKeywordMain.stepFailed(WebUIKeywordMain.groovy:177)
	at com.kms.katalon.core.webui.keyword.internal.WebUIKeywordMain.runKeyword(WebUIKeywordMain.groovy:49)
	at com.kms.katalon.core.webui.keyword.internal.WebUIKeywordMain.runKeywordUntilTimeout(WebUIKeywordMain.groovy:133)
	at com.kms.katalon.core.webui.keyword.builtin.EnhancedClickKeyword.click(EnhancedClickKeyword.groovy:95)
	at com.kms.katalon.core.webui.keyword.builtin.EnhancedClickKeyword.execute(EnhancedClickKeyword.groovy:41)
	at com.kms.katalon.core.keyword.internal.KeywordExecutor.executeKeywordForPlatform(KeywordExecutor.groovy:90)
	at com.kms.katalon.core.webui.keyword.WebUiBuiltInKeywords.enhancedClick(WebUiBuiltInKeywords.groovy:747)
	at LG-01.run(LG-01:133)
	at com.kms.katalon.core.main.ScriptEngine.run(ScriptEngine.java:194)
	at com.kms.katalon.core.main.ScriptEngine.runScriptAsRawText(ScriptEngine.java:119)
	at com.kms.katalon.core.main.TestCaseExecutor.runScript(TestCaseExecutor.java:490)
	at com.kms.katalon.core.main.TestCaseExecutor.doExecute(TestCaseExecutor.java:481)
	at com.kms.katalon.core.main.TestCaseExecutor.processExecutionPhase(TestCaseExecutor.java:460)
	at com.kms.katalon.core.main.TestCaseExecutor.accessMainPhase(TestCaseExecutor.java:452)
	at com.kms.katalon.core.main.TestCaseExecutor.execute(TestCaseExecutor.java:322)
	at com.kms.katalon.core.main.TestCaseMain.runTestCase(TestCaseMain.java:151)
	at com.kms.katalon.core.keyword.builtin.CallTestCaseKeyword$_callTestCase_closure1.doCall(CallTestCaseKeyword.groovy:59)
	... 26 more
Caused by: com.kms.katalon.core.webui.exception.WebElementNotFoundException: Web element with id: 'ok_button_in_modal' located by 'By.xpath: //footer[contains(@class,'mdc-dialog__actions')]//button[@aria-label='Ok' and .//span[@class='mdc-button__label' and normalize-space()='Ok']]' not found
	at com.kms.katalon.core.webui.model.WebUiElementFinder.findElementByNormalMethods(WebUiElementFinder.java:193)
	at com.kms.katalon.core.webui.model.WebUiElementFinder.findElementsBySelectedMethod(WebUiElementFinder.java:86)
	at com.kms.katalon.core.webui.model.WebUiElementFinder.findElementsBySelectedMethod(WebUiElementFinder.java:74)
	at com.kms.katalon.core.webui.model.WebUiElementFinder.findElementsBySelectedMethod(WebUiElementFinder.java:69)
	at com.kms.katalon.core.webui.model.WebUiElementFinder.findElement(WebUiElementFinder.java:43)
	at com.kms.katalon.core.webui.model.WebUiElementFinderWithTimeout.basicFindElement(WebUiElementFinderWithTimeout.java:50)
	at com.kms.katalon.core.webui.model.WebUiElementFinderWithTimeout.lambda$0(WebUiElementFinderWithTimeout.java:29)
	at com.kms.katalon.core.webui.model.SeleniumActionRetryController.performAction(SeleniumActionRetryController.java:96)
	at com.kms.katalon.core.webui.model.SeleniumActionRetryController.performAction(SeleniumActionRetryController.java:83)
	at com.kms.katalon.core.webui.model.WebUiElementFinderWithTimeout.findElement(WebUiElementFinderWithTimeout.java:28)
	at com.kms.katalon.core.webui.keyword.internal.WebUIAbstractKeyword.findWebElement(WebUIAbstractKeyword.groovy:96)
	at com.kms.katalon.core.webui.keyword.builtin.EnhancedClickKeyword$_click_closure1.doCall(EnhancedClickKeyword.groovy:69)
	at java.base/jdk.internal.reflect.NativeMethodAccessorImpl.invoke0(Native Method)
	at java.base/jdk.internal.reflect.NativeMethodAccessorImpl.invoke(NativeMethodAccessorImpl.java:77)
	at java.base/jdk.internal.reflect.DelegatingMethodAccessorImpl.invoke(DelegatingMethodAccessorImpl.java:43)
	at jdk.proxy2/jdk.proxy2.$Proxy50.execute(Unknown Source)
	at com.kms.katalon.core.webui.model.SeleniumActionRetryController.performAction(SeleniumActionRetryController.java:96)
	at com.kms.katalon.core.webui.model.SeleniumActionRetryController.performAction(SeleniumActionRetryController.java:83)
	at com.kms.katalon.core.webui.keyword.internal.WebUIKeywordMain$_runKeywordUntilTimeout_closure1.doCall(WebUIKeywordMain.groovy:135)
	at com.kms.katalon.core.webui.keyword.internal.WebUIKeywordMain$_runKeywordUntilTimeout_closure1.call(WebUIKeywordMain.groovy)
	at com.kms.katalon.core.webui.keyword.internal.WebUIKeywordMain.runKeyword(WebUIKeywordMain.groovy:41)
	... 41 more

2026-01-06 10:24:07.590 INFO  c.k.katalon.core.main.TestCaseExecutor   - END Test Cases/OP/OP1.1
2026-01-06 10:24:07.593 INFO  c.k.katalon.core.main.TestCaseExecutor   - --------------------
2026-01-06 10:24:07.593 INFO  c.k.katalon.core.main.TestCaseExecutor   - START Test Cases/OP/OP1.1
2026-01-06 10:24:07.623 DEBUG testcase.OP1.1                           - 1: callTestCase(findTestCase("Login/LG-01"), [:], STOP_ON_FAILURE)
2026-01-06 10:24:07.689 INFO  c.k.katalon.core.main.TestCaseExecutor   - --------------------
2026-01-06 10:24:07.689 INFO  c.k.katalon.core.main.TestCaseExecutor   - CALL Test Cases/Login/LG-01
2026-01-06 10:24:07.725 DEBUG testcase.LG-01                           - 1: LOCAL_PAGELOAD = 300
2026-01-06 10:24:07.726 DEBUG testcase.LG-01                           - 2: WAIT_ELEMENT_BEFORE_RELOAD = 120
2026-01-06 10:24:07.727 DEBUG testcase.LG-01                           - 3: MAX_RELOAD_ATTEMPTS = 5
2026-01-06 10:24:07.728 DEBUG testcase.LG-01                           - 4: AFTER_LOGIN_WAIT = 120
2026-01-06 10:24:07.728 DEBUG testcase.LG-01                           - 5: SHORT = 5
2026-01-06 10:24:07.729 DEBUG testcase.LG-01                           - 6: MEDIUM = 15
2026-01-06 10:24:07.735 DEBUG testcase.LG-01                           - 7: LONG = 30
2026-01-06 10:24:07.736 DEBUG testcase.LG-01                           - 8: openBrowser("")
2026-01-06 10:24:07.742 WARN  c.k.k.core.webui.driver.DriverFactory    - A browser is already opened. Closing browser and opening a new one
2026-01-06 10:24:08.152 INFO  c.k.k.core.webui.driver.DriverFactory    - Starting 'Chrome' driver
2026-01-06 10:24:08.152 INFO  c.k.k.c.w.util.WebDriverPropertyUtil     - User set preference: ['args', '[--user-data-dir=C:\QA\Profiles\KatalonChrome, --profile-directory=Default]']
2026-01-06 10:24:08.153 INFO  c.k.k.core.webui.driver.DriverFactory    - Action delay is set to 0 milliseconds
1月 06, 2026 10:24:08 午前 org.openqa.selenium.devtools.CdpVersionFinder findNearestMatch
WARNING: Unable to find CDP implementation matching 143
1月 06, 2026 10:24:08 午前 org.openqa.selenium.chromium.ChromiumDriver lambda$new$4
WARNING: Unable to find version of CDP to use for 143.0.7499.170. You may need to include a dependency on a specific version of the CDP using something similar to `org.seleniumhq.selenium:selenium-devtools-v86:4.34.0` where the version ("v86") matches the version of the chromium-based browser you're using and the version number of the artifact is the same as Selenium's.
2026-01-06 10:24:08.995 INFO  c.k.k.core.webui.driver.DriverFactory    - sessionId = 84f46111ec914cd87b65eb0389433444
2026-01-06 10:24:08.995 INFO  c.k.k.core.webui.driver.DriverFactory    - browser = Chrome 143.0.7499.170
2026-01-06 10:24:08.996 INFO  c.k.k.core.webui.driver.DriverFactory    - platform = Windows 10
2026-01-06 10:24:08.996 INFO  c.k.k.core.webui.driver.DriverFactory    - seleniumVersion = 4.34.0
2026-01-06 10:24:08.997 INFO  c.k.k.core.webui.driver.DriverFactory    - proxyInformation = ProxyInformation { proxyOption=NO_PROXY, proxyServerType=HTTP, username=, password=********, proxyServerAddress=, proxyServerPort=0, executionList="", isApplyToDesiredCapabilities=true }
2026-01-06 10:24:09.017 DEBUG testcase.LG-01                           - 9: maximizeWindow()
2026-01-06 10:24:09.032 DEBUG testcase.LG-01                           - 10: navigateToUrl("https://qa.engagement.magiqdev.cloud/login")
2026-01-06 10:24:09.735 DEBUG testcase.LG-01                           - 11: waitForPageLoad(LOCAL_PAGELOAD)
2026-01-06 10:24:09.775 DEBUG testcase.LG-01                           - 12: spanAdmin = new com.kms.katalon.core.testobject.TestObject(obj_span_admin_test_1)
2026-01-06 10:24:09.776 DEBUG testcase.LG-01                           - 13: spanAdmin.addProperty("xpath", EQUALS, "//button[.//span[contains(normalize-space(), 'test')]]")
2026-01-06 10:24:09.777 DEBUG testcase.LG-01                           - 14: iExitToApp = new com.kms.katalon.core.testobject.TestObject(obj_i_exit_to_app)
2026-01-06 10:24:09.777 DEBUG testcase.LG-01                           - 15: iExitToApp.addProperty("xpath", EQUALS, "//i[normalize-space(text())='exit_to_app']")
2026-01-06 10:24:09.778 DEBUG testcase.LG-01                           - 16: userNameInput = new com.kms.katalon.core.testobject.TestObject(obj_input_userName)
2026-01-06 10:24:09.778 DEBUG testcase.LG-01                           - 17: userNameInput.addProperty("id", EQUALS, "userName")
2026-01-06 10:24:09.778 DEBUG testcase.LG-01                           - 18: currentUrl = getUrl()
2026-01-06 10:24:09.795 DEBUG testcase.LG-01                           - 19: if (currentUrl == "https://qa.engagement.magiqdev.cloud/news")
2026-01-06 10:24:09.795 DEBUG testcase.LG-01                           - 20: userNameField = new com.kms.katalon.core.testobject.TestObject(userName)
2026-01-06 10:24:09.796 DEBUG testcase.LG-01                           - 21: userNameField.addProperty("id", EQUALS, "userName")
2026-01-06 10:24:09.796 DEBUG testcase.LG-01                           - 22: passwordField = new com.kms.katalon.core.testobject.TestObject(password)
2026-01-06 10:24:09.797 DEBUG testcase.LG-01                           - 23: passwordField.addProperty("xpath", EQUALS, "//input[@type='password' or contains(@aria-label,'password') or contains(@placeholder,'Password')]")
2026-01-06 10:24:09.799 DEBUG testcase.LG-01                           - 24: loginBtn = new com.kms.katalon.core.testobject.TestObject(loginBtn)
2026-01-06 10:24:09.800 DEBUG testcase.LG-01                           - 25: loginBtn.addProperty("css", EQUALS, "button.btn-login")
2026-01-06 10:24:09.802 DEBUG testcase.LG-01                           - 26: loginBtn.addProperty("xpath", EQUALS, "//button[contains(@class,'btn-login') or normalize-space(.)='Login' or .//span[normalize-space(.)='Login']]")
2026-01-06 10:24:09.802 DEBUG testcase.LG-01                           - 27: appBar = new com.kms.katalon.core.testobject.TestObject(appBar)
2026-01-06 10:24:09.803 DEBUG testcase.LG-01                           - 28: appBar.addProperty("css", EQUALS, ".mat-app-bar")
2026-01-06 10:24:09.803 DEBUG testcase.LG-01                           - 29: appBar.addProperty("xpath", EQUALS, "//*[contains(@class,'mat-app-bar')]")
2026-01-06 10:24:09.803 DEBUG testcase.LG-01                           - 30: usernameVisible = false
2026-01-06 10:24:09.804 DEBUG testcase.LG-01                           - 31: attempts = 0
2026-01-06 10:24:09.804 DEBUG testcase.LG-01                           - 32: usernameVisible = waitForElementVisible(userNameField, 3, OPTIONAL)
2026-01-06 10:24:13.210 DEBUG testcase.LG-01                           - 33: if (!(usernameVisible))
2026-01-06 10:24:13.211 DEBUG testcase.LG-01                           - 34: if (!(usernameVisible))
2026-01-06 10:24:13.213 DEBUG testcase.LG-01                           - 35: setText(userNameField, "admin1test@gmail.com")
2026-01-06 10:24:13.845 DEBUG testcase.LG-01                           - 36: passwordVisible = waitForElementVisible(passwordField, WAIT_ELEMENT_BEFORE_RELOAD, OPTIONAL)
2026-01-06 10:24:14.096 DEBUG testcase.LG-01                           - 37: if (!(passwordVisible))
2026-01-06 10:24:14.099 DEBUG testcase.LG-01                           - 38: if (!(passwordVisible))
2026-01-06 10:24:14.100 DEBUG testcase.LG-01                           - 39: setEncryptedText(passwordField, "vckfKYHQ/X5a0LrHpsIEKA==")
2026-01-06 10:24:14.457 DEBUG testcase.LG-01                           - 40: loginClickable = waitForElementClickable(loginBtn, WAIT_ELEMENT_BEFORE_RELOAD, OPTIONAL)
2026-01-06 10:24:14.721 DEBUG testcase.LG-01                           - 41: if (!(loginClickable))
2026-01-06 10:24:14.722 DEBUG testcase.LG-01                           - 42: if (!(loginClickable))
2026-01-06 10:24:14.723 DEBUG testcase.LG-01                           - 43: click(loginBtn)
2026-01-06 10:24:15.263 DEBUG testcase.LG-01                           - 44: appBarVisible = false
2026-01-06 10:24:15.266 DEBUG testcase.LG-01                           - 45: waited = 0
2026-01-06 10:24:15.268 DEBUG testcase.LG-01                           - 46: step = 3
2026-01-06 10:24:15.269 DEBUG testcase.LG-01                           - 47: while (waited < AFTER_LOGIN_WAIT || appBarVisible)
2026-01-06 10:24:15.270 DEBUG testcase.LG-01                           - 1: if (verifyElementVisible(appBar, OPTIONAL))
2026-01-06 10:24:25.726 DEBUG testcase.LG-01                           - 1: appBarVisible = true
2026-01-06 10:24:25.727 DEBUG testcase.LG-01                           - 2: break
2026-01-06 10:24:25.728 DEBUG testcase.LG-01                           - 48: if (!(appBarVisible))
2026-01-06 10:24:25.729 DEBUG testcase.LG-01                           - 49: if (appBarVisible)
2026-01-06 10:24:25.730 DEBUG testcase.LG-01                           - 1: comment("Login thành công: thấy class 'mat-app-bar'.")
2026-01-06 10:24:25.738 INFO  c.k.k.c.keyword.builtin.CommentKeyword   - Login thành công: thấy class 'mat-app-bar'.
2026-01-06 10:24:25.739 INFO  c.k.katalon.core.main.TestCaseExecutor   - END CALL Test Cases/Login/LG-01
2026-01-06 10:24:25.739 INFO  c.k.katalon.core.main.TestCaseExecutor   - --------------------
2026-01-06 10:24:25.740 DEBUG testcase.OP1.1                           - 2: PAGELOAD_TIMEOUT = 300
2026-01-06 10:24:25.742 DEBUG testcase.OP1.1                           - 3: WAIT_FIELD = 60
2026-01-06 10:24:25.743 DEBUG testcase.OP1.1                           - 4: MAX_RELOAD_ATTEMPTS = 1
2026-01-06 10:24:25.744 DEBUG testcase.OP1.1                           - 5: WAIT_AFTER_CLICK = 90
2026-01-06 10:24:25.745 DEBUG testcase.OP1.1                           - 6: WAIT_TIMEOUT = 120
2026-01-06 10:24:25.746 DEBUG testcase.OP1.1                           - 7: MEDIUM = 15
2026-01-06 10:24:25.748 DEBUG testcase.OP1.1                           - 8: SHORT = 5
2026-01-06 10:24:25.749 DEBUG testcase.OP1.1                           - 9: LONG = 30
2026-01-06 10:24:25.751 DEBUG testcase.OP1.1                           - 10: try
2026-01-06 10:24:25.753 DEBUG testcase.OP1.1                           - 1: screen = getDefaultToolkit().getScreenSize()
2026-01-06 10:24:25.835 DEBUG testcase.OP1.1                           - 2: x = 5
2026-01-06 10:24:25.837 DEBUG testcase.OP1.1                           - 3: y = height - 5
2026-01-06 10:24:25.867 DEBUG testcase.OP1.1                           - 4: robot = new java.awt.Robot()
2026-01-06 10:24:25.877 DEBUG testcase.OP1.1                           - 5: robot.mouseMove(x, y)
2026-01-06 10:24:25.886 DEBUG testcase.OP1.1                           - 6: comment(🖱️ Đã di chuyển trỏ chuột tới góc trái dưới: ($x, $y))
2026-01-06 10:24:25.926 INFO  c.k.k.c.keyword.builtin.CommentKeyword   - 🖱️ Đã di chuyển trỏ chuột tới góc trái dưới: (5, 1075)
2026-01-06 10:24:25.927 DEBUG testcase.OP1.1                           - 7: Thread.sleep(400)
2026-01-06 10:24:26.348 DEBUG testcase.OP1.1                           - 13: driver = getWebDriver()
2026-01-06 10:24:26.350 DEBUG testcase.OP1.1                           - 14: bodyEl = driver.findElement(By.tagName("body"))
2026-01-06 10:24:26.951 DEBUG testcase.OP1.1                           - 15: actions = new org.openqa.selenium.interactions.Actions(driver)
2026-01-06 10:24:26.961 DEBUG testcase.OP1.1                           - 16: targetX = 0
2026-01-06 10:24:26.962 DEBUG testcase.OP1.1                           - 17: targetY = 300
2026-01-06 10:24:26.963 DEBUG testcase.OP1.1                           - 18: moveToElement(bodyEl, targetX, targetY).perform()
2026-01-06 10:24:27.095 DEBUG testcase.OP1.1                           - 19: comment(🖱️ Đã move Actions tới body offset (x=$targetX, y=$targetY).)
2026-01-06 10:24:27.098 INFO  c.k.k.c.keyword.builtin.CommentKeyword   - 🖱️ Đã move Actions tới body offset (x=0, y=300).
2026-01-06 10:24:27.099 DEBUG testcase.OP1.1                           - 20: click().perform()
2026-01-06 10:24:27.109 DEBUG testcase.OP1.1                           - 21: comment(✅ Đã click bằng Actions tại mép trái (x≈0), giữa màn hình (y≈$targetY).)
2026-01-06 10:24:27.111 INFO  c.k.k.c.keyword.builtin.CommentKeyword   - ✅ Đã click bằng Actions tại mép trái (x≈0), giữa màn hình (y≈300).
2026-01-06 10:24:27.112 DEBUG testcase.OP1.1                           - 22: aAccount = new com.kms.katalon.core.testobject.TestObject(a_account)
2026-01-06 10:24:27.114 DEBUG testcase.OP1.1                           - 23: aAccount.addProperty("xpath", EQUALS, "//a[@href='account']")
2026-01-06 10:24:27.116 DEBUG testcase.OP1.1                           - 24: present = waitForElementPresent(aAccount, WAIT_TIMEOUT, OPTIONAL)
2026-01-06 10:24:27.356 DEBUG testcase.OP1.1                           - 25: visible = waitForElementVisible(aAccount, WAIT_TIMEOUT, OPTIONAL)
2026-01-06 10:24:27.594 DEBUG testcase.OP1.1                           - 26: clickable = waitForElementClickable(aAccount, WAIT_TIMEOUT, OPTIONAL)
2026-01-06 10:24:27.841 DEBUG testcase.OP1.1                           - 27: if (!(present && visible))
2026-01-06 10:24:27.842 DEBUG testcase.OP1.1                           - 28: if (clickable)
2026-01-06 10:24:27.843 DEBUG testcase.OP1.1                           - 1: click(aAccount)
2026-01-06 10:24:28.186 DEBUG testcase.OP1.1                           - 2: comment("✅ Đã click vào liên kết account.")
2026-01-06 10:24:28.190 INFO  c.k.k.c.keyword.builtin.CommentKeyword   - ✅ Đã click vào liên kết account.
2026-01-06 10:24:28.191 INFO  c.k.katalon.core.main.TestCaseExecutor   - END Test Cases/OP/OP1.1
2026-01-06 10:24:28.195 INFO  c.k.katalon.core.main.TestCaseExecutor   - --------------------
2026-01-06 10:24:28.195 INFO  c.k.katalon.core.main.TestCaseExecutor   - START Test Cases/OP/OP1.6
2026-01-06 10:24:28.290 DEBUG testcase.OP1.6                           - 1: verifyElementHasAttribute(findTestObject("TO_address"), "disabled", 5)
2026-01-06 10:24:29.886 DEBUG testcase.OP1.6                           - 2: verifyElementHasAttribute(findTestObject("TO_email"), "disabled", 5)
2026-01-06 10:24:30.130 DEBUG testcase.OP1.6                           - 3: verifyElementHasAttribute(findTestObject("TO_full_name"), "disabled", 5)
2026-01-06 10:24:30.369 DEBUG testcase.OP1.6                           - 4: verifyElementHasAttribute(findTestObject("TO_phone_number"), "disabled", 5)
2026-01-06 10:24:30.601 DEBUG testcase.OP1.6                           - 5: verifyElementHasAttribute(findTestObject("TO_user_role"), "disabled", 5)
2026-01-06 10:24:36.809 INFO  c.k.k.c.webui.common.WebUiCommonHelper   - Unable to find the element located by 'By.xpath: //input[@aria-label='aria-label="User Role"']

'. Please recheck the objects properties to make sure the desired element is located. 
2026-01-06 10:24:36.810 WARN  c.w.k.b.VerifyElementHasAttributeKeyword - Object 'Object Repository/TO_user_role' is not present
2026-01-06 10:24:36.811 INFO  c.k.katalon.core.main.TestCaseExecutor   - END Test Cases/OP/OP1.6
2026-01-06 10:24:36.813 INFO  c.k.katalon.core.main.TestCaseExecutor   - --------------------
2026-01-06 10:24:36.813 INFO  c.k.katalon.core.main.TestCaseExecutor   - START Test Cases/OP/OP1.7
2026-01-06 10:24:36.859 DEBUG testcase.OP1.7                           - 1: scrollToElement(findTestObject("TO_edit_details"), 5)
2026-01-06 10:24:37.115 DEBUG testcase.OP1.7                           - 2: click(findTestObject("TO_edit_details"))
2026-01-06 10:24:37.421 DEBUG testcase.OP1.7                           - 3: verifyElementNotHasAttribute(findTestObject("TO_full_name"), "disabled", 5)
2026-01-06 10:24:37.696 DEBUG testcase.OP1.7                           - 4: verifyElementNotHasAttribute(findTestObject("TO_address"), "disabled", 5)
2026-01-06 10:24:37.951 DEBUG testcase.OP1.7                           - 5: verifyElementNotHasAttribute(findTestObject("TO_phone_number"), "disabled", 5)
2026-01-06 10:24:38.184 DEBUG testcase.OP1.7                           - 6: verifyElementAttributeValue(findTestObject("TO_edit_details"), "aria-label", "Apply Changes", 5)
2026-01-06 10:24:38.453 INFO  c.k.katalon.core.main.TestCaseExecutor   - END Test Cases/OP/OP1.7
2026-01-06 10:24:38.456 INFO  c.k.katalon.core.main.TestCaseExecutor   - --------------------
2026-01-06 10:24:38.457 INFO  c.k.katalon.core.main.TestCaseExecutor   - START Test Cases/OP/OP1.8
2026-01-06 10:24:38.536 DEBUG testcase.OP1.8                           - 1: setText(findTestObject("TO_full_name"), "Admin test 2")
2026-01-06 10:24:39.113 DEBUG testcase.OP1.8                           - 2: setText(findTestObject("TO_phone_number"), "123456789")
2026-01-06 10:24:39.674 DEBUG testcase.OP1.8                           - 3: setText(findTestObject("TO_address"), "address 123")
2026-01-06 10:24:40.247 DEBUG testcase.OP1.8                           - 4: scrollToElement(findTestObject("TO_edit_details"), 5)
2026-01-06 10:24:40.500 DEBUG testcase.OP1.8                           - 5: click(findTestObject("TO_edit_details"))
2026-01-06 10:24:40.828 DEBUG testcase.OP1.8                           - 6: callTestCase(findTestCase("OP/OP1.6"), [:], STOP_ON_FAILURE)
2026-01-06 10:24:40.905 INFO  c.k.katalon.core.main.TestCaseExecutor   - --------------------
2026-01-06 10:24:40.905 INFO  c.k.katalon.core.main.TestCaseExecutor   - CALL Test Cases/OP/OP1.6
2026-01-06 10:24:40.912 DEBUG testcase.OP1.6                           - 1: verifyElementHasAttribute(findTestObject("TO_address"), "disabled", 5)
2026-01-06 10:24:42.726 DEBUG testcase.OP1.6                           - 2: verifyElementHasAttribute(findTestObject("TO_email"), "disabled", 5)
2026-01-06 10:24:42.973 DEBUG testcase.OP1.6                           - 3: verifyElementHasAttribute(findTestObject("TO_full_name"), "disabled", 5)
2026-01-06 10:24:43.208 DEBUG testcase.OP1.6                           - 4: verifyElementHasAttribute(findTestObject("TO_phone_number"), "disabled", 5)
2026-01-06 10:24:43.456 DEBUG testcase.OP1.6                           - 5: verifyElementHasAttribute(findTestObject("TO_user_role"), "disabled", 5)
2026-01-06 10:24:49.506 INFO  c.k.k.c.webui.common.WebUiCommonHelper   - Unable to find the element located by 'By.xpath: //input[@aria-label='aria-label="User Role"']

'. Please recheck the objects properties to make sure the desired element is located. 
2026-01-06 10:24:49.507 WARN  c.w.k.b.VerifyElementHasAttributeKeyword - Object 'Object Repository/TO_user_role' is not present
2026-01-06 10:24:49.507 INFO  c.k.katalon.core.main.TestCaseExecutor   - END CALL Test Cases/OP/OP1.6
2026-01-06 10:24:49.508 INFO  c.k.katalon.core.main.TestCaseExecutor   - --------------------
2026-01-06 10:24:49.508 DEBUG testcase.OP1.8                           - 7: verifyElementAttributeValue(findTestObject("TO_full_name"), "value", "Admin test 2", 5)
2026-01-06 10:24:49.748 DEBUG testcase.OP1.8                           - 8: verifyElementAttributeValue(findTestObject("TO_phone_number"), "value", "123456789", 5)
2026-01-06 10:24:49.982 DEBUG testcase.OP1.8                           - 9: verifyElementAttributeValue(findTestObject("TO_address"), "value", "address 123", 5)
2026-01-06 10:24:50.227 INFO  c.k.katalon.core.main.TestCaseExecutor   - END Test Cases/OP/OP1.8
2026-01-06 10:24:50.603 INFO  c.k.katalon.core.main.TestSuiteExecutor  - --------------------
2026-01-06 10:24:50.603 INFO  c.k.katalon.core.main.TestSuiteExecutor  - END Test Suites/TS_OP
2026-01-06 10:24:50.603 INFO  c.k.katalon.core.main.TestSuiteExecutor  - ====================
