<?xml version="1.0" encoding="UTF-8" standalone="no"?>
<!DOCTYPE log SYSTEM "logger.dtd">
<log>
<record>
  <date>2026-01-06T04:47:39.854659500Z</date>
  <millis>1767674859854</millis>
  <nanos>659500</nanos>
  <sequence>0</sequence>
  <level>START</level>
  <class>com.kms.katalon.core.logging.XmlKeywordLogger</class>
  <method>startSuite</method>
  <thread>1</thread>
  <message>Start Test Suite : Test Suites/TC_CO</message>
  <nestedLevel>0</nestedLevel>
  <escapedJava>false</escapedJava>
  <property name="rerunTestFailImmediately">true</property>
  <property name="retryCount">3</property>
  <property name="name">TC_CO</property>
  <property name="description"></property>
  <property name="id">Test Suites/TC_CO</property>
</record>
<record>
  <date>2026-01-06T04:47:39.878658900Z</date>
  <millis>1767674859878</millis>
  <nanos>658900</nanos>
  <sequence>1</sequence>
  <level>RUN_DATA</level>
  <class>com.kms.katalon.core.logging.XmlKeywordLogger</class>
  <method>logMessage</method>
  <thread>1</thread>
  <message>userFullName = Cong Thanh</message>
  <nestedLevel>0</nestedLevel>
  <escapedJava>false</escapedJava>
  <property name="userFullName">Cong Thanh</property>
</record>
<record>
  <date>2026-01-06T04:47:39.879658500Z</date>
  <millis>1767674859879</millis>
  <nanos>658500</nanos>
  <sequence>2</sequence>
  <level>RUN_DATA</level>
  <class>com.kms.katalon.core.logging.XmlKeywordLogger</class>
  <method>logMessage</method>
  <thread>1</thread>
  <message>projectName = magiq</message>
  <nestedLevel>0</nestedLevel>
  <escapedJava>false</escapedJava>
  <property name="projectName">magiq</property>
</record>
<record>
  <date>2026-01-06T04:47:39.879658500Z</date>
  <millis>1767674859879</millis>
  <nanos>658500</nanos>
  <sequence>3</sequence>
  <level>RUN_DATA</level>
  <class>com.kms.katalon.core.logging.XmlKeywordLogger</class>
  <method>logMessage</method>
  <thread>1</thread>
  <message>hostName = Administrator - WINDOWS-10</message>
  <nestedLevel>0</nestedLevel>
  <escapedJava>false</escapedJava>
  <property name="hostName">Administrator - WINDOWS-10</property>
</record>
<record>
  <date>2026-01-06T04:47:39.880658700Z</date>
  <millis>1767674859880</millis>
  <nanos>658700</nanos>
  <sequence>4</sequence>
  <level>RUN_DATA</level>
  <class>com.kms.katalon.core.logging.XmlKeywordLogger</class>
  <method>logMessage</method>
  <thread>1</thread>
  <message>os = Windows 10 64bit</message>
  <nestedLevel>0</nestedLevel>
  <escapedJava>false</escapedJava>
  <property name="os">Windows 10 64bit</property>
</record>
<record>
  <date>2026-01-06T04:47:39.881661Z</date>
  <millis>1767674859881</millis>
  <nanos>661000</nanos>
  <sequence>5</sequence>
  <level>RUN_DATA</level>
  <class>com.kms.katalon.core.logging.XmlKeywordLogger</class>
  <method>logMessage</method>
  <thread>1</thread>
  <message>hostAddress = 192.168.126.20</message>
  <nestedLevel>0</nestedLevel>
  <escapedJava>false</escapedJava>
  <property name="hostAddress">192.168.126.20</property>
</record>
<record>
  <date>2026-01-06T04:47:39.883662Z</date>
  <millis>1767674859883</millis>
  <nanos>662000</nanos>
  <sequence>6</sequence>
  <level>RUN_DATA</level>
  <class>com.kms.katalon.core.logging.XmlKeywordLogger</class>
  <method>logMessage</method>
  <thread>1</thread>
  <message>katalonVersion = 10.4.2.0</message>
  <nestedLevel>0</nestedLevel>
  <escapedJava>false</escapedJava>
  <property name="katalonVersion">10.4.2.0</property>
</record>
<record>
  <date>2026-01-06T04:47:40.360664Z</date>
  <millis>1767674860360</millis>
  <nanos>664000</nanos>
  <sequence>7</sequence>
  <level>START</level>
  <class>com.kms.katalon.core.logging.XmlKeywordLogger</class>
  <method>startKeyword</method>
  <thread>1</thread>
  <message>Start setup action : setUp</message>
  <nestedLevel>0</nestedLevel>
  <escapedJava>false</escapedJava>
  <property name="isIgnoredIfFailed">false</property>
</record>
<record>
  <date>2026-01-06T04:47:40.887842Z</date>
  <millis>1767674860887</millis>
  <nanos>842000</nanos>
  <sequence>8</sequence>
  <level>START</level>
  <class>com.kms.katalon.core.logging.XmlKeywordLogger</class>
  <method>startKeyword</method>
  <thread>1</thread>
  <message>Start action : args = [&amp;quot;--user-data-dir=C:\QA\Profiles\KatalonChrome&amp;quot;, &amp;quot;--profile-directory=Default&amp;quot;]</message>
  <nestedLevel>1</nestedLevel>
  <escapedJava>false</escapedJava>
  <property name="startLine">38</property>
  <property name="stepIndex">1</property>
</record>
<record>
  <date>2026-01-06T04:47:40.891842600Z</date>
  <millis>1767674860891</millis>
  <nanos>842600</nanos>
  <sequence>9</sequence>
  <level>END</level>
  <class>com.kms.katalon.core.logging.XmlKeywordLogger</class>
  <method>endKeyword</method>
  <thread>1</thread>
  <message>End action : args = [&amp;quot;--user-data-dir=C:\QA\Profiles\KatalonChrome&amp;quot;, &amp;quot;--profile-directory=Default&amp;quot;]</message>
  <nestedLevel>1</nestedLevel>
  <escapedJava>false</escapedJava>
</record>
<record>
  <date>2026-01-06T04:47:40.892843900Z</date>
  <millis>1767674860892</millis>
  <nanos>843900</nanos>
  <sequence>10</sequence>
  <level>START</level>
  <class>com.kms.katalon.core.logging.XmlKeywordLogger</class>
  <method>startKeyword</method>
  <thread>1</thread>
  <message>Start action : setWebDriverPreferencesProperty(&amp;quot;args&amp;quot;, args)</message>
  <nestedLevel>1</nestedLevel>
  <escapedJava>false</escapedJava>
  <property name="startLine">42</property>
  <property name="stepIndex">2</property>
</record>
<record>
  <date>2026-01-06T04:47:40.897856900Z</date>
  <millis>1767674860897</millis>
  <nanos>856900</nanos>
  <sequence>11</sequence>
  <level>END</level>
  <class>com.kms.katalon.core.logging.XmlKeywordLogger</class>
  <method>endKeyword</method>
  <thread>1</thread>
  <message>End action : setWebDriverPreferencesProperty(&amp;quot;args&amp;quot;, args)</message>
  <nestedLevel>1</nestedLevel>
  <escapedJava>false</escapedJava>
</record>
<record>
  <date>2026-01-06T04:47:40.914850900Z</date>
  <millis>1767674860914</millis>
  <nanos>850900</nanos>
  <sequence>13</sequence>
  <level>PASSED</level>
  <class>com.kms.katalon.core.logging.XmlKeywordLogger</class>
  <method>logMessage</method>
  <thread>1</thread>
  <message>Method &amp;apos;setUp&amp;apos; complete successfully</message>
  <nestedLevel>0</nestedLevel>
  <escapedJava>false</escapedJava>
  <property name="testops-execution-stacktrace">com.kms.katalon.core.logging.KeywordLogger.logPassed(KeywordLogger.java:332)
com.kms.katalon.core.logging.KeywordLogger.logPassed(KeywordLogger.java:346)
com.kms.katalon.core.main.TestSuiteExecutor.runMethod(TestSuiteExecutor.java:244)
com.kms.katalon.core.main.TestSuiteExecutor.lambda$0(TestSuiteExecutor.java:204)
com.kms.katalon.core.main.TestSuiteExecutor.invokeTestSuiteMethod(TestSuiteExecutor.java:203)
com.kms.katalon.core.main.TestSuiteExecutor.accessTestSuiteMainPhase(TestSuiteExecutor.java:137)
com.kms.katalon.core.main.TestSuiteExecutor.execute(TestSuiteExecutor.java:110)
com.kms.katalon.core.main.TestCaseMain.startTestSuite(TestCaseMain.java:205)
TempTestSuite1767674856199.run(TempTestSuite1767674856199.groovy:35)
java.base/jdk.internal.reflect.NativeMethodAccessorImpl.invoke0(Native Method)
java.base/jdk.internal.reflect.NativeMethodAccessorImpl.invoke(NativeMethodAccessorImpl.java:77)
java.base/jdk.internal.reflect.DelegatingMethodAccessorImpl.invoke(DelegatingMethodAccessorImpl.java:43)
</property>
</record>
<record>
  <date>2026-01-06T04:47:40.915843700Z</date>
  <millis>1767674860915</millis>
  <nanos>843700</nanos>
  <sequence>14</sequence>
  <level>END</level>
  <class>com.kms.katalon.core.logging.XmlKeywordLogger</class>
  <method>endKeyword</method>
  <thread>1</thread>
  <message>End End action : setUp</message>
  <nestedLevel>0</nestedLevel>
  <escapedJava>false</escapedJava>
</record>
<record>
  <date>2026-01-06T04:47:41.400843600Z</date>
  <millis>1767674861400</millis>
  <nanos>843600</nanos>
  <sequence>15</sequence>
  <level>START</level>
  <class>com.kms.katalon.core.logging.XmlKeywordLogger</class>
  <method>startTest</method>
  <thread>1</thread>
  <message>Start Test Case : Test Cases/CO/TC1.1</message>
  <nestedLevel>1</nestedLevel>
  <escapedJava>false</escapedJava>
  <property name="remainingRetryCount">3</property>
  <property name="origin"></property>
  <property name="name">Test Cases/CO/TC1.1</property>
  <property name="description"></property>
  <property name="iteration"></property>
  <property name="id">Test Cases/CO/TC1.1</property>
  <property name="source">C:\Users\Administrator\git\magiq\Test Cases\CO\TC1.1.tc</property>
  <property name="tag"></property>
  <property name="isOptional">false</property>
  <property name="currentRetryCount">0</property>
</record>
<record>
  <date>2026-01-06T04:47:41.925844500Z</date>
  <millis>1767674861925</millis>
  <nanos>844500</nanos>
  <sequence>17</sequence>
  <level>START</level>
  <class>com.kms.katalon.core.logging.XmlKeywordLogger</class>
  <method>startKeyword</method>
  <thread>1</thread>
  <message>Start action : callTestCase(findTestCase(&amp;quot;Login/LG-01&amp;quot;), [:], STOP_ON_FAILURE)</message>
  <nestedLevel>1</nestedLevel>
  <escapedJava>false</escapedJava>
  <property name="startLine">42</property>
  <property name="stepIndex">1</property>
</record>
<record>
  <date>2026-01-06T04:47:42.146842200Z</date>
  <millis>1767674862146</millis>
  <nanos>842200</nanos>
  <sequence>21</sequence>
  <level>START</level>
  <class>com.kms.katalon.core.logging.XmlKeywordLogger</class>
  <method>startTest</method>
  <thread>1</thread>
  <message>Start Test Case : Test Cases/Login/LG-01</message>
  <nestedLevel>2</nestedLevel>
  <escapedJava>false</escapedJava>
  <property name="origin"></property>
  <property name="name">Test Cases/Login/LG-01</property>
  <property name="description"></property>
  <property name="iteration"></property>
  <property name="id">Test Cases/Login/LG-01</property>
  <property name="source">C:\Users\Administrator\git\magiq\Test Cases\Login\LG-01.tc</property>
  <property name="tag"></property>
  <property name="isOptional">false</property>
</record>
<record>
  <date>2026-01-06T04:47:42.469840200Z</date>
  <millis>1767674862469</millis>
  <nanos>840200</nanos>
  <sequence>23</sequence>
  <level>START</level>
  <class>com.kms.katalon.core.logging.XmlKeywordLogger</class>
  <method>startKeyword</method>
  <thread>1</thread>
  <message>Start action : LOCAL_PAGELOAD = 300</message>
  <nestedLevel>1</nestedLevel>
  <escapedJava>false</escapedJava>
  <property name="startLine">10</property>
  <property name="stepIndex">1</property>
</record>
<record>
  <date>2026-01-06T04:47:42.473840200Z</date>
  <millis>1767674862473</millis>
  <nanos>840200</nanos>
  <sequence>24</sequence>
  <level>END</level>
  <class>com.kms.katalon.core.logging.XmlKeywordLogger</class>
  <method>endKeyword</method>
  <thread>1</thread>
  <message>End action : LOCAL_PAGELOAD = 300</message>
  <nestedLevel>1</nestedLevel>
  <escapedJava>false</escapedJava>
</record>
<record>
  <date>2026-01-06T04:47:42.474844500Z</date>
  <millis>1767674862474</millis>
  <nanos>844500</nanos>
  <sequence>25</sequence>
  <level>START</level>
  <class>com.kms.katalon.core.logging.XmlKeywordLogger</class>
  <method>startKeyword</method>
  <thread>1</thread>
  <message>Start action : WAIT_ELEMENT_BEFORE_RELOAD = 120</message>
  <nestedLevel>1</nestedLevel>
  <escapedJava>false</escapedJava>
  <property name="startLine">11</property>
  <property name="stepIndex">2</property>
</record>
<record>
  <date>2026-01-06T04:47:42.477840700Z</date>
  <millis>1767674862477</millis>
  <nanos>840700</nanos>
  <sequence>26</sequence>
  <level>END</level>
  <class>com.kms.katalon.core.logging.XmlKeywordLogger</class>
  <method>endKeyword</method>
  <thread>1</thread>
  <message>End action : WAIT_ELEMENT_BEFORE_RELOAD = 120</message>
  <nestedLevel>1</nestedLevel>
  <escapedJava>false</escapedJava>
</record>
<record>
  <date>2026-01-06T04:47:42.481840900Z</date>
  <millis>1767674862481</millis>
  <nanos>840900</nanos>
  <sequence>27</sequence>
  <level>START</level>
  <class>com.kms.katalon.core.logging.XmlKeywordLogger</class>
  <method>startKeyword</method>
  <thread>1</thread>
  <message>Start action : MAX_RELOAD_ATTEMPTS = 5</message>
  <nestedLevel>1</nestedLevel>
  <escapedJava>false</escapedJava>
  <property name="startLine">12</property>
  <property name="stepIndex">3</property>
</record>
<record>
  <date>2026-01-06T04:47:42.484840400Z</date>
  <millis>1767674862484</millis>
  <nanos>840400</nanos>
  <sequence>28</sequence>
  <level>END</level>
  <class>com.kms.katalon.core.logging.XmlKeywordLogger</class>
  <method>endKeyword</method>
  <thread>1</thread>
  <message>End action : MAX_RELOAD_ATTEMPTS = 5</message>
  <nestedLevel>1</nestedLevel>
  <escapedJava>false</escapedJava>
</record>
<record>
  <date>2026-01-06T04:47:42.485841500Z</date>
  <millis>1767674862485</millis>
  <nanos>841500</nanos>
  <sequence>29</sequence>
  <level>START</level>
  <class>com.kms.katalon.core.logging.XmlKeywordLogger</class>
  <method>startKeyword</method>
  <thread>1</thread>
  <message>Start action : AFTER_LOGIN_WAIT = 120</message>
  <nestedLevel>1</nestedLevel>
  <escapedJava>false</escapedJava>
  <property name="startLine">13</property>
  <property name="stepIndex">4</property>
</record>
<record>
  <date>2026-01-06T04:47:42.489842600Z</date>
  <millis>1767674862489</millis>
  <nanos>842600</nanos>
  <sequence>30</sequence>
  <level>END</level>
  <class>com.kms.katalon.core.logging.XmlKeywordLogger</class>
  <method>endKeyword</method>
  <thread>1</thread>
  <message>End action : AFTER_LOGIN_WAIT = 120</message>
  <nestedLevel>1</nestedLevel>
  <escapedJava>false</escapedJava>
</record>
<record>
  <date>2026-01-06T04:47:42.490848600Z</date>
  <millis>1767674862490</millis>
  <nanos>848600</nanos>
  <sequence>31</sequence>
  <level>START</level>
  <class>com.kms.katalon.core.logging.XmlKeywordLogger</class>
  <method>startKeyword</method>
  <thread>1</thread>
  <message>Start action : SHORT = 5</message>
  <nestedLevel>1</nestedLevel>
  <escapedJava>false</escapedJava>
  <property name="startLine">14</property>
  <property name="stepIndex">5</property>
</record>
<record>
  <date>2026-01-06T04:47:42.494839300Z</date>
  <millis>1767674862494</millis>
  <nanos>839300</nanos>
  <sequence>32</sequence>
  <level>END</level>
  <class>com.kms.katalon.core.logging.XmlKeywordLogger</class>
  <method>endKeyword</method>
  <thread>1</thread>
  <message>End action : SHORT = 5</message>
  <nestedLevel>1</nestedLevel>
  <escapedJava>false</escapedJava>
</record>
<record>
  <date>2026-01-06T04:47:42.495844200Z</date>
  <millis>1767674862495</millis>
  <nanos>844200</nanos>
  <sequence>33</sequence>
  <level>START</level>
  <class>com.kms.katalon.core.logging.XmlKeywordLogger</class>
  <method>startKeyword</method>
  <thread>1</thread>
  <message>Start action : MEDIUM = 15</message>
  <nestedLevel>1</nestedLevel>
  <escapedJava>false</escapedJava>
  <property name="startLine">15</property>
  <property name="stepIndex">6</property>
</record>
<record>
  <date>2026-01-06T04:47:42.501860600Z</date>
  <millis>1767674862501</millis>
  <nanos>860600</nanos>
  <sequence>34</sequence>
  <level>END</level>
  <class>com.kms.katalon.core.logging.XmlKeywordLogger</class>
  <method>endKeyword</method>
  <thread>1</thread>
  <message>End action : MEDIUM = 15</message>
  <nestedLevel>1</nestedLevel>
  <escapedJava>false</escapedJava>
</record>
<record>
  <date>2026-01-06T04:47:42.502847400Z</date>
  <millis>1767674862502</millis>
  <nanos>847400</nanos>
  <sequence>35</sequence>
  <level>START</level>
  <class>com.kms.katalon.core.logging.XmlKeywordLogger</class>
  <method>startKeyword</method>
  <thread>1</thread>
  <message>Start action : LONG = 30</message>
  <nestedLevel>1</nestedLevel>
  <escapedJava>false</escapedJava>
  <property name="startLine">16</property>
  <property name="stepIndex">7</property>
</record>
<record>
  <date>2026-01-06T04:47:42.505844Z</date>
  <millis>1767674862505</millis>
  <nanos>844000</nanos>
  <sequence>36</sequence>
  <level>END</level>
  <class>com.kms.katalon.core.logging.XmlKeywordLogger</class>
  <method>endKeyword</method>
  <thread>1</thread>
  <message>End action : LONG = 30</message>
  <nestedLevel>1</nestedLevel>
  <escapedJava>false</escapedJava>
</record>
<record>
  <date>2026-01-06T04:47:42.506842300Z</date>
  <millis>1767674862506</millis>
  <nanos>842300</nanos>
  <sequence>37</sequence>
  <level>START</level>
  <class>com.kms.katalon.core.logging.XmlKeywordLogger</class>
  <method>startKeyword</method>
  <thread>1</thread>
  <message>Start action : openBrowser(&amp;quot;&amp;quot;)</message>
  <nestedLevel>1</nestedLevel>
  <escapedJava>false</escapedJava>
  <property name="startLine">19</property>
  <property name="stepIndex">8</property>
</record>
<record>
  <date>2026-01-06T04:47:42.722841100Z</date>
  <millis>1767674862722</millis>
  <nanos>841100</nanos>
  <sequence>40</sequence>
  <level>INFO</level>
  <class>com.kms.katalon.core.logging.XmlKeywordLogger</class>
  <method>logMessage</method>
  <thread>1</thread>
  <message>Starting &amp;apos;Chrome&amp;apos; driver</message>
  <nestedLevel>2</nestedLevel>
  <escapedJava>false</escapedJava>
</record>
<record>
  <date>2026-01-06T04:47:42.737839900Z</date>
  <millis>1767674862737</millis>
  <nanos>839900</nanos>
  <sequence>41</sequence>
  <level>INFO</level>
  <class>com.kms.katalon.core.logging.XmlKeywordLogger</class>
  <method>logMessage</method>
  <thread>1</thread>
  <message>User set preference: [&amp;apos;args&amp;apos;, &amp;apos;[--user-data-dir=C:\QA\Profiles\KatalonChrome, --profile-directory=Default]&amp;apos;]</message>
  <nestedLevel>2</nestedLevel>
  <escapedJava>false</escapedJava>
</record>
<record>
  <date>2026-01-06T04:47:42.823837100Z</date>
  <millis>1767674862823</millis>
  <nanos>837100</nanos>
  <sequence>42</sequence>
  <level>INFO</level>
  <class>com.kms.katalon.core.logging.XmlKeywordLogger</class>
  <method>logMessage</method>
  <thread>1</thread>
  <message>Action delay is set to 0 milliseconds</message>
  <nestedLevel>2</nestedLevel>
  <escapedJava>false</escapedJava>
</record>
<record>
  <date>2026-01-06T04:47:43.485838400Z</date>
  <millis>1767674863485</millis>
  <nanos>838400</nanos>
  <sequence>46</sequence>
  <level>FAILED</level>
  <class>com.kms.katalon.core.logging.XmlKeywordLogger</class>
  <method>logMessage</method>
  <thread>1</thread>
  <message>Unable to open browser with url: &amp;apos;&amp;apos; (Root cause: com.kms.katalon.core.exception.StepFailedException: Unable to open browser with url: &amp;apos;&amp;apos;
	at com.kms.katalon.core.webui.keyword.internal.WebUIKeywordMain.stepFailed(WebUIKeywordMain.groovy:177)
	at com.kms.katalon.core.webui.keyword.internal.WebUIKeywordMain.runKeyword(WebUIKeywordMain.groovy:49)
	at com.kms.katalon.core.webui.keyword.builtin.OpenBrowserKeyword.openBrowser(OpenBrowserKeyword.groovy:55)
	at com.kms.katalon.core.webui.keyword.builtin.OpenBrowserKeyword.execute(OpenBrowserKeyword.groovy:37)
	at com.kms.katalon.core.keyword.internal.KeywordExecutor.executeKeywordForPlatform(KeywordExecutor.groovy:90)
	at com.kms.katalon.core.webui.keyword.WebUiBuiltInKeywords.openBrowser(WebUiBuiltInKeywords.groovy:62)
	at LG-01.run(LG-01:19)
	at com.kms.katalon.core.main.ScriptEngine.run(ScriptEngine.java:194)
	at com.kms.katalon.core.main.ScriptEngine.runScriptAsRawText(ScriptEngine.java:119)
	at com.kms.katalon.core.main.TestCaseExecutor.runScript(TestCaseExecutor.java:490)
	at com.kms.katalon.core.main.TestCaseExecutor.doExecute(TestCaseExecutor.java:481)
	at com.kms.katalon.core.main.TestCaseExecutor.processExecutionPhase(TestCaseExecutor.java:460)
	at com.kms.katalon.core.main.TestCaseExecutor.accessMainPhase(TestCaseExecutor.java:452)
	at com.kms.katalon.core.main.TestCaseExecutor.execute(TestCaseExecutor.java:322)
	at com.kms.katalon.core.main.TestCaseMain.runTestCase(TestCaseMain.java:151)
	at com.kms.katalon.core.keyword.builtin.CallTestCaseKeyword$_callTestCase_closure1.doCall(CallTestCaseKeyword.groovy:59)
	at com.kms.katalon.core.keyword.builtin.CallTestCaseKeyword$_callTestCase_closure1.call(CallTestCaseKeyword.groovy)
	at com.kms.katalon.core.keyword.internal.KeywordMain.runKeyword(KeywordMain.groovy:75)
	at com.kms.katalon.core.keyword.builtin.CallTestCaseKeyword.callTestCase(CallTestCaseKeyword.groovy:81)
	at com.kms.katalon.core.keyword.builtin.CallTestCaseKeyword.execute(CallTestCaseKeyword.groovy:44)
	at com.kms.katalon.core.keyword.internal.KeywordExecutor.executeKeywordForPlatform(KeywordExecutor.groovy:90)
	at com.kms.katalon.core.keyword.BuiltinKeywords.callTestCase(BuiltinKeywords.groovy:310)
	at java.base/jdk.internal.reflect.NativeMethodAccessorImpl.invoke0(Native Method)
	at java.base/jdk.internal.reflect.NativeMethodAccessorImpl.invoke(NativeMethodAccessorImpl.java:77)
	at java.base/jdk.internal.reflect.DelegatingMethodAccessorImpl.invoke(DelegatingMethodAccessorImpl.java:43)
	at TC1.1.run(TC1.1:42)
	at com.kms.katalon.core.main.ScriptEngine.run(ScriptEngine.java:194)
	at com.kms.katalon.core.main.ScriptEngine.runScriptAsRawText(ScriptEngine.java:119)
	at com.kms.katalon.core.main.TestCaseExecutor.runScript(TestCaseExecutor.java:490)
	at com.kms.katalon.core.main.TestCaseExecutor.doExecute(TestCaseExecutor.java:481)
	at com.kms.katalon.core.main.TestCaseExecutor.processExecutionPhase(TestCaseExecutor.java:460)
	at com.kms.katalon.core.main.TestCaseExecutor.accessMainPhase(TestCaseExecutor.java:452)
	at com.kms.katalon.core.main.TestCaseExecutor.execute(TestCaseExecutor.java:322)
	at com.kms.katalon.core.common.CommonExecutor.accessTestCaseMainPhase(CommonExecutor.java:71)
	at com.kms.katalon.core.main.TestSuiteExecutor.accessTestSuiteMainPhase(TestSuiteExecutor.java:153)
	at com.kms.katalon.core.main.TestSuiteExecutor.execute(TestSuiteExecutor.java:110)
	at com.kms.katalon.core.main.TestCaseMain.startTestSuite(TestCaseMain.java:205)
	at TempTestSuite1767674856199.run(TempTestSuite1767674856199.groovy:35)
	at java.base/jdk.internal.reflect.NativeMethodAccessorImpl.invoke0(Native Method)
	at java.base/jdk.internal.reflect.NativeMethodAccessorImpl.invoke(NativeMethodAccessorImpl.java:77)
	at java.base/jdk.internal.reflect.DelegatingMethodAccessorImpl.invoke(DelegatingMethodAccessorImpl.java:43)
Caused by: org.openqa.selenium.SessionNotCreatedException: Could not start a new session. Response code 500. Message: session not created: Chrome failed to start: crashed.
  (session not created: DevToolsActivePort file doesn&amp;apos;t exist)
  (The process started from chrome location C:\Program Files\Google\Chrome\Application\chrome.exe is no longer running, so ChromeDriver is assuming that Chrome has crashed.) 
Host info: host: &amp;apos;WINDOWS-10&amp;apos;, ip: &amp;apos;192.168.126.20&amp;apos;
Build info: version: &amp;apos;4.34.0&amp;apos;, revision: &amp;apos;707dcb4246*&amp;apos;
System info: os.name: &amp;apos;Windows 10&amp;apos;, os.arch: &amp;apos;amd64&amp;apos;, os.version: &amp;apos;10.0&amp;apos;, java.version: &amp;apos;17.0.14&amp;apos;
Driver info: com.kms.katalon.selenium.driver.CChromeDriver
Command: [null, newSession {capabilities=[Capabilities {browserName: chrome, goog:chromeOptions: {args: [disable-features=DisableLoa..., --user-data-dir=C:\QA\Profi..., --profile-directory=Default], extensions: []}, unhandledPromptBehavior: {alert: ignore, beforeUnload: ignore, confirm: ignore, default: ignore, file: ignore, prompt: ignore}, webSocketUrl: true}]}]
	at org.openqa.selenium.remote.ProtocolHandshake.createSession(ProtocolHandshake.java:114)
	at org.openqa.selenium.remote.ProtocolHandshake.createSession(ProtocolHandshake.java:75)
	at org.openqa.selenium.remote.ProtocolHandshake.createSession(ProtocolHandshake.java:61)
	at org.openqa.selenium.remote.HttpCommandExecutor.execute(HttpCommandExecutor.java:187)
	at org.openqa.selenium.remote.service.DriverCommandExecutor.invokeExecute(DriverCommandExecutor.java:216)
	at org.openqa.selenium.remote.service.DriverCommandExecutor.execute(DriverCommandExecutor.java:174)
	at org.openqa.selenium.remote.RemoteWebDriver.execute(RemoteWebDriver.java:544)
	at org.openqa.selenium.remote.RemoteWebDriver.startSession(RemoteWebDriver.java:244)
	at org.openqa.selenium.remote.RemoteWebDriver.&amp;lt;init&amp;gt;(RemoteWebDriver.java:173)
	at org.openqa.selenium.chromium.ChromiumDriver.&amp;lt;init&amp;gt;(ChromiumDriver.java:110)
	at org.openqa.selenium.chrome.ChromeDriver.&amp;lt;init&amp;gt;(ChromeDriver.java:88)
	at org.openqa.selenium.chrome.ChromeDriver.&amp;lt;init&amp;gt;(ChromeDriver.java:83)
	at org.openqa.selenium.chrome.ChromeDriver.&amp;lt;init&amp;gt;(ChromeDriver.java:72)
	at com.kms.katalon.selenium.driver.CChromeDriver.&amp;lt;init&amp;gt;(CChromeDriver.java:15)
	at com.kms.katalon.core.webui.driver.chrome.ChromeDriverBuilder.createDriver(ChromeDriverBuilder.java:60)
	at com.kms.katalon.core.webui.driver.AbstractDriverBuilder.build(AbstractDriverBuilder.java:53)
	at com.kms.katalon.core.webui.driver.DriverFactory.startNewBrowser(DriverFactory.java:247)
	at com.kms.katalon.core.webui.driver.DriverFactory.openWebDriver(DriverFactory.java:149)
	at com.kms.katalon.core.webui.keyword.builtin.OpenBrowserKeyword$_openBrowser_closure1.doCall(OpenBrowserKeyword.groovy:44)
	at com.kms.katalon.core.webui.keyword.builtin.OpenBrowserKeyword$_openBrowser_closure1.call(OpenBrowserKeyword.groovy)
	at com.kms.katalon.core.webui.keyword.internal.WebUIKeywordMain.runKeyword(WebUIKeywordMain.groovy:41)
	at com.kms.katalon.core.webui.keyword.builtin.OpenBrowserKeyword.openBrowser(OpenBrowserKeyword.groovy:55)
	at com.kms.katalon.core.webui.keyword.builtin.OpenBrowserKeyword.execute(OpenBrowserKeyword.groovy:37)
	at com.kms.katalon.core.keyword.internal.KeywordExecutor.executeKeywordForPlatform(KeywordExecutor.groovy:90)
	at com.kms.katalon.core.webui.keyword.WebUiBuiltInKeywords.openBrowser(WebUiBuiltInKeywords.groovy:62)
	at Script1767340478096.run(Script1767340478096.groovy:19)
	at com.kms.katalon.core.main.ScriptEngine.run(ScriptEngine.java:194)
	at com.kms.katalon.core.main.ScriptEngine.runScriptAsRawText(ScriptEngine.java:119)
	at com.kms.katalon.core.main.TestCaseExecutor.runScript(TestCaseExecutor.java:490)
	at com.kms.katalon.core.main.TestCaseExecutor.doExecute(TestCaseExecutor.java:481)
	at com.kms.katalon.core.main.TestCaseExecutor.processExecutionPhase(TestCaseExecutor.java:460)
	at com.kms.katalon.core.main.TestCaseExecutor.accessMainPhase(TestCaseExecutor.java:452)
	at com.kms.katalon.core.main.TestCaseExecutor.execute(TestCaseExecutor.java:322)
	at com.kms.katalon.core.main.TestCaseMain.runTestCase(TestCaseMain.java:151)
	at com.kms.katalon.core.keyword.builtin.CallTestCaseKeyword$_callTestCase_closure1.doCall(CallTestCaseKeyword.groovy:59)
	at com.kms.katalon.core.keyword.builtin.CallTestCaseKeyword$_callTestCase_closure1.call(CallTestCaseKeyword.groovy)
	at com.kms.katalon.core.keyword.internal.KeywordMain.runKeyword(KeywordMain.groovy:75)
	at com.kms.katalon.core.keyword.builtin.CallTestCaseKeyword.callTestCase(CallTestCaseKeyword.groovy:81)
	at com.kms.katalon.core.keyword.builtin.CallTestCaseKeyword.execute(CallTestCaseKeyword.groovy:44)
	at com.kms.katalon.core.keyword.internal.KeywordExecutor.executeKeywordForPlatform(KeywordExecutor.groovy:90)
	at com.kms.katalon.core.keyword.BuiltinKeywords.callTestCase(BuiltinKeywords.groovy:310)
	at java.base/jdk.internal.reflect.NativeMethodAccessorImpl.invoke0(Native Method)
	at java.base/jdk.internal.reflect.NativeMethodAccessorImpl.invoke(NativeMethodAccessorImpl.java:77)
	at java.base/jdk.internal.reflect.DelegatingMethodAccessorImpl.invoke(DelegatingMethodAccessorImpl.java:43)
	at Script1767670064994.run(Script1767670064994.groovy:42)
	... 15 more
)</message>
  <nestedLevel>2</nestedLevel>
  <escapedJava>false</escapedJava>
  <property name="failed.exception.class">org.openqa.selenium.SessionNotCreatedException</property>
  <property name="failed.exception.stacktrace">org.openqa.selenium.SessionNotCreatedException: Could not start a new session. Response code 500. Message: session not created: Chrome failed to start: crashed.
  (session not created: DevToolsActivePort file doesn&apos;t exist)
  (The process started from chrome location C:\Program Files\Google\Chrome\Application\chrome.exe is no longer running, so ChromeDriver is assuming that Chrome has crashed.) 
Host info: host: &apos;WINDOWS-10&apos;, ip: &apos;192.168.126.20&apos;
Build info: version: &apos;4.34.0&apos;, revision: &apos;707dcb4246*&apos;
System info: os.name: &apos;Windows 10&apos;, os.arch: &apos;amd64&apos;, os.version: &apos;10.0&apos;, java.version: &apos;17.0.14&apos;
Driver info: com.kms.katalon.selenium.driver.CChromeDriver
Command: [null, newSession {capabilities=[Capabilities {browserName: chrome, goog:chromeOptions: {args: [disable-features=DisableLoa..., --user-data-dir=C:\QA\Profi..., --profile-directory=Default], extensions: []}, unhandledPromptBehavior: {alert: ignore, beforeUnload: ignore, confirm: ignore, default: ignore, file: ignore, prompt: ignore}, webSocketUrl: true}]}]
	at org.openqa.selenium.remote.ProtocolHandshake.createSession(ProtocolHandshake.java:114)
	at org.openqa.selenium.remote.ProtocolHandshake.createSession(ProtocolHandshake.java:75)
	at org.openqa.selenium.remote.ProtocolHandshake.createSession(ProtocolHandshake.java:61)
	at org.openqa.selenium.remote.HttpCommandExecutor.execute(HttpCommandExecutor.java:187)
	at org.openqa.selenium.remote.service.DriverCommandExecutor.invokeExecute(DriverCommandExecutor.java:216)
	at org.openqa.selenium.remote.service.DriverCommandExecutor.execute(DriverCommandExecutor.java:174)
	at org.openqa.selenium.remote.RemoteWebDriver.execute(RemoteWebDriver.java:544)
	at org.openqa.selenium.remote.RemoteWebDriver.startSession(RemoteWebDriver.java:244)
	at org.openqa.selenium.remote.RemoteWebDriver.&lt;init&gt;(RemoteWebDriver.java:173)
	at org.openqa.selenium.chromium.ChromiumDriver.&lt;init&gt;(ChromiumDriver.java:110)
	at org.openqa.selenium.chrome.ChromeDriver.&lt;init&gt;(ChromeDriver.java:88)
	at org.openqa.selenium.chrome.ChromeDriver.&lt;init&gt;(ChromeDriver.java:83)
	at org.openqa.selenium.chrome.ChromeDriver.&lt;init&gt;(ChromeDriver.java:72)
	at com.kms.katalon.selenium.driver.CChromeDriver.&lt;init&gt;(CChromeDriver.java:15)
	at com.kms.katalon.core.webui.driver.chrome.ChromeDriverBuilder.createDriver(ChromeDriverBuilder.java:60)
	at com.kms.katalon.core.webui.driver.AbstractDriverBuilder.build(AbstractDriverBuilder.java:53)
	at com.kms.katalon.core.webui.driver.DriverFactory.startNewBrowser(DriverFactory.java:247)
	at com.kms.katalon.core.webui.driver.DriverFactory.openWebDriver(DriverFactory.java:149)
	at com.kms.katalon.core.webui.keyword.builtin.OpenBrowserKeyword$_openBrowser_closure1.doCall(OpenBrowserKeyword.groovy:44)
	at com.kms.katalon.core.webui.keyword.builtin.OpenBrowserKeyword$_openBrowser_closure1.call(OpenBrowserKeyword.groovy)
	at com.kms.katalon.core.webui.keyword.internal.WebUIKeywordMain.runKeyword(WebUIKeywordMain.groovy:41)
	at com.kms.katalon.core.webui.keyword.builtin.OpenBrowserKeyword.openBrowser(OpenBrowserKeyword.groovy:55)
	at com.kms.katalon.core.webui.keyword.builtin.OpenBrowserKeyword.execute(OpenBrowserKeyword.groovy:37)
	at com.kms.katalon.core.keyword.internal.KeywordExecutor.executeKeywordForPlatform(KeywordExecutor.groovy:90)
	at com.kms.katalon.core.webui.keyword.WebUiBuiltInKeywords.openBrowser(WebUiBuiltInKeywords.groovy:62)
	at LG-01.run(LG-01:19)
	at com.kms.katalon.core.main.ScriptEngine.run(ScriptEngine.java:194)
	at com.kms.katalon.core.main.ScriptEngine.runScriptAsRawText(ScriptEngine.java:119)
	at com.kms.katalon.core.main.TestCaseExecutor.runScript(TestCaseExecutor.java:490)
	at com.kms.katalon.core.main.TestCaseExecutor.doExecute(TestCaseExecutor.java:481)
	at com.kms.katalon.core.main.TestCaseExecutor.processExecutionPhase(TestCaseExecutor.java:460)
	at com.kms.katalon.core.main.TestCaseExecutor.accessMainPhase(TestCaseExecutor.java:452)
	at com.kms.katalon.core.main.TestCaseExecutor.execute(TestCaseExecutor.java:322)
	at com.kms.katalon.core.main.TestCaseMain.runTestCase(TestCaseMain.java:151)
	at com.kms.katalon.core.keyword.builtin.CallTestCaseKeyword$_callTestCase_closure1.doCall(CallTestCaseKeyword.groovy:59)
	at com.kms.katalon.core.keyword.builtin.CallTestCaseKeyword$_callTestCase_closure1.call(CallTestCaseKeyword.groovy)
	at com.kms.katalon.core.keyword.internal.KeywordMain.runKeyword(KeywordMain.groovy:75)
	at com.kms.katalon.core.keyword.builtin.CallTestCaseKeyword.callTestCase(CallTestCaseKeyword.groovy:81)
	at com.kms.katalon.core.keyword.builtin.CallTestCaseKeyword.execute(CallTestCaseKeyword.groovy:44)
	at com.kms.katalon.core.keyword.internal.KeywordExecutor.executeKeywordForPlatform(KeywordExecutor.groovy:90)
	at com.kms.katalon.core.keyword.BuiltinKeywords.callTestCase(BuiltinKeywords.groovy:310)
	at java.base/jdk.internal.reflect.NativeMethodAccessorImpl.invoke0(Native Method)
	at java.base/jdk.internal.reflect.NativeMethodAccessorImpl.invoke(NativeMethodAccessorImpl.java:77)
	at java.base/jdk.internal.reflect.DelegatingMethodAccessorImpl.invoke(DelegatingMethodAccessorImpl.java:43)
	at TC1.1.run(TC1.1:42)
	at com.kms.katalon.core.main.ScriptEngine.run(ScriptEngine.java:194)
	at com.kms.katalon.core.main.ScriptEngine.runScriptAsRawText(ScriptEngine.java:119)
	at com.kms.katalon.core.main.TestCaseExecutor.runScript(TestCaseExecutor.java:490)
	at com.kms.katalon.core.main.TestCaseExecutor.doExecute(TestCaseExecutor.java:481)
	at com.kms.katalon.core.main.TestCaseExecutor.processExecutionPhase(TestCaseExecutor.java:460)
	at com.kms.katalon.core.main.TestCaseExecutor.accessMainPhase(TestCaseExecutor.java:452)
	at com.kms.katalon.core.main.TestCaseExecutor.execute(TestCaseExecutor.java:322)
	at com.kms.katalon.core.common.CommonExecutor.accessTestCaseMainPhase(CommonExecutor.java:71)
	at com.kms.katalon.core.main.TestSuiteExecutor.accessTestSuiteMainPhase(TestSuiteExecutor.java:153)
	at com.kms.katalon.core.main.TestSuiteExecutor.execute(TestSuiteExecutor.java:110)
	at com.kms.katalon.core.main.TestCaseMain.startTestSuite(TestCaseMain.java:205)
	at TempTestSuite1767674856199.run(TempTestSuite1767674856199.groovy:35)
	at java.base/jdk.internal.reflect.NativeMethodAccessorImpl.invoke0(Native Method)
	at java.base/jdk.internal.reflect.NativeMethodAccessorImpl.invoke(NativeMethodAccessorImpl.java:77)
	at java.base/jdk.internal.reflect.DelegatingMethodAccessorImpl.invoke(DelegatingMethodAccessorImpl.java:43)
</property>
  <property name="failed.exception.message">Could not start a new session. Response code 500. Message: session not created: Chrome failed to start: crashed.
  (session not created: DevToolsActivePort file doesn&apos;t exist)
  (The process started from chrome location C:\Program Files\Google\Chrome\Application\chrome.exe is no longer running, so ChromeDriver is assuming that Chrome has crashed.) 
Host info: host: &apos;WINDOWS-10&apos;, ip: &apos;192.168.126.20&apos;
Build info: version: &apos;4.34.0&apos;, revision: &apos;707dcb4246*&apos;
System info: os.name: &apos;Windows 10&apos;, os.arch: &apos;amd64&apos;, os.version: &apos;10.0&apos;, java.version: &apos;17.0.14&apos;
Driver info: com.kms.katalon.selenium.driver.CChromeDriver
Command: [null, newSession {capabilities=[Capabilities {browserName: chrome, goog:chromeOptions: {args: [disable-features=DisableLoa..., --user-data-dir=C:\QA\Profi..., --profile-directory=Default], extensions: []}, unhandledPromptBehavior: {alert: ignore, beforeUnload: ignore, confirm: ignore, default: ignore, file: ignore, prompt: ignore}, webSocketUrl: true}]}]</property>
</record>
<record>
  <date>2026-01-06T04:47:43.491843100Z</date>
  <millis>1767674863491</millis>
  <nanos>843100</nanos>
  <sequence>49</sequence>
  <level>END</level>
  <class>com.kms.katalon.core.logging.XmlKeywordLogger</class>
  <method>endKeyword</method>
  <thread>1</thread>
  <message>End action : openBrowser(&amp;quot;&amp;quot;)</message>
  <nestedLevel>1</nestedLevel>
  <escapedJava>false</escapedJava>
</record>
<record>
  <date>2026-01-06T04:47:43.492859500Z</date>
  <millis>1767674863492</millis>
  <nanos>859500</nanos>
  <sequence>52</sequence>
  <level>FAILED</level>
  <class>com.kms.katalon.core.logging.XmlKeywordLogger</class>
  <method>logMessage</method>
  <thread>1</thread>
  <message>Test Cases/Login/LG-01 FAILED.
Reason:
com.kms.katalon.core.exception.StepFailedException: Unable to open browser with url: &amp;apos;&amp;apos;
	at com.kms.katalon.core.webui.keyword.internal.WebUIKeywordMain.stepFailed(WebUIKeywordMain.groovy:177)
	at com.kms.katalon.core.webui.keyword.internal.WebUIKeywordMain.runKeyword(WebUIKeywordMain.groovy:49)
	at com.kms.katalon.core.webui.keyword.builtin.OpenBrowserKeyword.openBrowser(OpenBrowserKeyword.groovy:55)
	at com.kms.katalon.core.webui.keyword.builtin.OpenBrowserKeyword.execute(OpenBrowserKeyword.groovy:37)
	at com.kms.katalon.core.keyword.internal.KeywordExecutor.executeKeywordForPlatform(KeywordExecutor.groovy:90)
	at com.kms.katalon.core.webui.keyword.WebUiBuiltInKeywords.openBrowser(WebUiBuiltInKeywords.groovy:62)
	at LG-01.run(LG-01:19)
	at com.kms.katalon.core.main.ScriptEngine.run(ScriptEngine.java:194)
	at com.kms.katalon.core.main.ScriptEngine.runScriptAsRawText(ScriptEngine.java:119)
	at com.kms.katalon.core.main.TestCaseExecutor.runScript(TestCaseExecutor.java:490)
	at com.kms.katalon.core.main.TestCaseExecutor.doExecute(TestCaseExecutor.java:481)
	at com.kms.katalon.core.main.TestCaseExecutor.processExecutionPhase(TestCaseExecutor.java:460)
	at com.kms.katalon.core.main.TestCaseExecutor.accessMainPhase(TestCaseExecutor.java:452)
	at com.kms.katalon.core.main.TestCaseExecutor.execute(TestCaseExecutor.java:322)
	at com.kms.katalon.core.main.TestCaseMain.runTestCase(TestCaseMain.java:151)
	at com.kms.katalon.core.keyword.builtin.CallTestCaseKeyword$_callTestCase_closure1.doCall(CallTestCaseKeyword.groovy:59)
	at com.kms.katalon.core.keyword.builtin.CallTestCaseKeyword$_callTestCase_closure1.call(CallTestCaseKeyword.groovy)
	at com.kms.katalon.core.keyword.internal.KeywordMain.runKeyword(KeywordMain.groovy:75)
	at com.kms.katalon.core.keyword.builtin.CallTestCaseKeyword.callTestCase(CallTestCaseKeyword.groovy:81)
	at com.kms.katalon.core.keyword.builtin.CallTestCaseKeyword.execute(CallTestCaseKeyword.groovy:44)
	at com.kms.katalon.core.keyword.internal.KeywordExecutor.executeKeywordForPlatform(KeywordExecutor.groovy:90)
	at com.kms.katalon.core.keyword.BuiltinKeywords.callTestCase(BuiltinKeywords.groovy:310)
	at java.base/jdk.internal.reflect.NativeMethodAccessorImpl.invoke0(Native Method)
	at java.base/jdk.internal.reflect.NativeMethodAccessorImpl.invoke(NativeMethodAccessorImpl.java:77)
	at java.base/jdk.internal.reflect.DelegatingMethodAccessorImpl.invoke(DelegatingMethodAccessorImpl.java:43)
	at TC1.1.run(TC1.1:42)
	at com.kms.katalon.core.main.ScriptEngine.run(ScriptEngine.java:194)
	at com.kms.katalon.core.main.ScriptEngine.runScriptAsRawText(ScriptEngine.java:119)
	at com.kms.katalon.core.main.TestCaseExecutor.runScript(TestCaseExecutor.java:490)
	at com.kms.katalon.core.main.TestCaseExecutor.doExecute(TestCaseExecutor.java:481)
	at com.kms.katalon.core.main.TestCaseExecutor.processExecutionPhase(TestCaseExecutor.java:460)
	at com.kms.katalon.core.main.TestCaseExecutor.accessMainPhase(TestCaseExecutor.java:452)
	at com.kms.katalon.core.main.TestCaseExecutor.execute(TestCaseExecutor.java:322)
	at com.kms.katalon.core.common.CommonExecutor.accessTestCaseMainPhase(CommonExecutor.java:71)
	at com.kms.katalon.core.main.TestSuiteExecutor.accessTestSuiteMainPhase(TestSuiteExecutor.java:153)
	at com.kms.katalon.core.main.TestSuiteExecutor.execute(TestSuiteExecutor.java:110)
	at com.kms.katalon.core.main.TestCaseMain.startTestSuite(TestCaseMain.java:205)
	at TempTestSuite1767674856199.run(TempTestSuite1767674856199.groovy:35)
	at java.base/jdk.internal.reflect.NativeMethodAccessorImpl.invoke0(Native Method)
	at java.base/jdk.internal.reflect.NativeMethodAccessorImpl.invoke(NativeMethodAccessorImpl.java:77)
	at java.base/jdk.internal.reflect.DelegatingMethodAccessorImpl.invoke(DelegatingMethodAccessorImpl.java:43)
Caused by: org.openqa.selenium.SessionNotCreatedException: Could not start a new session. Response code 500. Message: session not created: Chrome failed to start: crashed.
  (session not created: DevToolsActivePort file doesn&amp;apos;t exist)
  (The process started from chrome location C:\Program Files\Google\Chrome\Application\chrome.exe is no longer running, so ChromeDriver is assuming that Chrome has crashed.) 
Host info: host: &amp;apos;WINDOWS-10&amp;apos;, ip: &amp;apos;192.168.126.20&amp;apos;
Build info: version: &amp;apos;4.34.0&amp;apos;, revision: &amp;apos;707dcb4246*&amp;apos;
System info: os.name: &amp;apos;Windows 10&amp;apos;, os.arch: &amp;apos;amd64&amp;apos;, os.version: &amp;apos;10.0&amp;apos;, java.version: &amp;apos;17.0.14&amp;apos;
Driver info: com.kms.katalon.selenium.driver.CChromeDriver
Command: [null, newSession {capabilities=[Capabilities {browserName: chrome, goog:chromeOptions: {args: [disable-features=DisableLoa..., --user-data-dir=C:\QA\Profi..., --profile-directory=Default], extensions: []}, unhandledPromptBehavior: {alert: ignore, beforeUnload: ignore, confirm: ignore, default: ignore, file: ignore, prompt: ignore}, webSocketUrl: true}]}]
	at org.openqa.selenium.remote.ProtocolHandshake.createSession(ProtocolHandshake.java:114)
	at org.openqa.selenium.remote.ProtocolHandshake.createSession(ProtocolHandshake.java:75)
	at org.openqa.selenium.remote.ProtocolHandshake.createSession(ProtocolHandshake.java:61)
	at org.openqa.selenium.remote.HttpCommandExecutor.execute(HttpCommandExecutor.java:187)
	at org.openqa.selenium.remote.service.DriverCommandExecutor.invokeExecute(DriverCommandExecutor.java:216)
	at org.openqa.selenium.remote.service.DriverCommandExecutor.execute(DriverCommandExecutor.java:174)
	at org.openqa.selenium.remote.RemoteWebDriver.execute(RemoteWebDriver.java:544)
	at org.openqa.selenium.remote.RemoteWebDriver.startSession(RemoteWebDriver.java:244)
	at org.openqa.selenium.remote.RemoteWebDriver.&amp;lt;init&amp;gt;(RemoteWebDriver.java:173)
	at org.openqa.selenium.chromium.ChromiumDriver.&amp;lt;init&amp;gt;(ChromiumDriver.java:110)
	at org.openqa.selenium.chrome.ChromeDriver.&amp;lt;init&amp;gt;(ChromeDriver.java:88)
	at org.openqa.selenium.chrome.ChromeDriver.&amp;lt;init&amp;gt;(ChromeDriver.java:83)
	at org.openqa.selenium.chrome.ChromeDriver.&amp;lt;init&amp;gt;(ChromeDriver.java:72)
	at com.kms.katalon.selenium.driver.CChromeDriver.&amp;lt;init&amp;gt;(CChromeDriver.java:15)
	at com.kms.katalon.core.webui.driver.chrome.ChromeDriverBuilder.createDriver(ChromeDriverBuilder.java:60)
	at com.kms.katalon.core.webui.driver.AbstractDriverBuilder.build(AbstractDriverBuilder.java:53)
	at com.kms.katalon.core.webui.driver.DriverFactory.startNewBrowser(DriverFactory.java:247)
	at com.kms.katalon.core.webui.driver.DriverFactory.openWebDriver(DriverFactory.java:149)
	at com.kms.katalon.core.webui.keyword.builtin.OpenBrowserKeyword$_openBrowser_closure1.doCall(OpenBrowserKeyword.groovy:44)
	at com.kms.katalon.core.webui.keyword.builtin.OpenBrowserKeyword$_openBrowser_closure1.call(OpenBrowserKeyword.groovy)
	at com.kms.katalon.core.webui.keyword.internal.WebUIKeywordMain.runKeyword(WebUIKeywordMain.groovy:41)
	... 39 more
</message>
  <exception>
    <message>com.kms.katalon.core.exception.StepFailedException: Unable to open browser with url: ''</message>
    <frame>
      <class>com.kms.katalon.core.logging.XmlKeywordLogger</class>
      <method>logMessage</method>
      <line>512</line>
    </frame>
    <frame>
      <class>com.kms.katalon.core.logging.KeywordLogger</class>
      <method>logMessage</method>
      <line>447</line>
    </frame>
    <frame>
      <class>com.kms.katalon.core.main.TestCaseExecutor</class>
      <method>logError</method>
      <line>599</line>
    </frame>
    <frame>
      <class>com.kms.katalon.core.main.TestCaseExecutor</class>
      <method>onExecutionError</method>
      <line>187</line>
    </frame>
    <frame>
      <class>com.kms.katalon.core.main.TestCaseExecutor</class>
      <method>processExecutionPhase</method>
      <line>470</line>
    </frame>
    <frame>
      <class>com.kms.katalon.core.main.TestCaseExecutor</class>
      <method>accessMainPhase</method>
      <line>452</line>
    </frame>
    <frame>
      <class>com.kms.katalon.core.main.TestCaseExecutor</class>
      <method>execute</method>
      <line>322</line>
    </frame>
    <frame>
      <class>com.kms.katalon.core.main.TestCaseMain</class>
      <method>runTestCase</method>
      <line>151</line>
    </frame>
    <frame>
      <class>com.kms.katalon.core.keyword.builtin.CallTestCaseKeyword$_callTestCase_closure1</class>
      <method>doCall</method>
      <line>59</line>
    </frame>
    <frame>
      <class>com.kms.katalon.core.keyword.builtin.CallTestCaseKeyword$_callTestCase_closure1</class>
      <method>call</method>
    </frame>
    <frame>
      <class>com.kms.katalon.core.keyword.internal.KeywordMain</class>
      <method>runKeyword</method>
      <line>75</line>
    </frame>
    <frame>
      <class>com.kms.katalon.core.keyword.builtin.CallTestCaseKeyword</class>
      <method>callTestCase</method>
      <line>81</line>
    </frame>
    <frame>
      <class>com.kms.katalon.core.keyword.builtin.CallTestCaseKeyword</class>
      <method>execute</method>
      <line>44</line>
    </frame>
    <frame>
      <class>com.kms.katalon.core.keyword.internal.KeywordExecutor</class>
      <method>executeKeywordForPlatform</method>
      <line>90</line>
    </frame>
    <frame>
      <class>com.kms.katalon.core.keyword.BuiltinKeywords</class>
      <method>callTestCase</method>
      <line>310</line>
    </frame>
    <frame>
      <class>jdk.internal.reflect.NativeMethodAccessorImpl</class>
      <method>invoke0</method>
    </frame>
    <frame>
      <class>jdk.internal.reflect.NativeMethodAccessorImpl</class>
      <method>invoke</method>
      <line>77</line>
    </frame>
    <frame>
      <class>jdk.internal.reflect.DelegatingMethodAccessorImpl</class>
      <method>invoke</method>
      <line>43</line>
    </frame>
    <frame>
      <class>java.lang.reflect.Method</class>
      <method>invoke</method>
      <line>569</line>
    </frame>
    <frame>
      <class>org.codehaus.groovy.reflection.CachedMethod</class>
      <method>invoke</method>
      <line>107</line>
    </frame>
    <frame>
      <class>groovy.lang.MetaMethod</class>
      <method>doMethodInvoke</method>
      <line>323</line>
    </frame>
    <frame>
      <class>groovy.lang.MetaClassImpl</class>
      <method>invokeStaticMethod</method>
      <line>1536</line>
    </frame>
    <frame>
      <class>org.codehaus.groovy.vmplugin.v8.IndyInterface</class>
      <method>fromCache</method>
      <line>318</line>
    </frame>
    <frame>
      <class>Script1767670064994</class>
      <method>run</method>
      <line>42</line>
    </frame>
    <frame>
      <class>com.kms.katalon.core.main.ScriptEngine</class>
      <method>run</method>
      <line>194</line>
    </frame>
    <frame>
      <class>com.kms.katalon.core.main.ScriptEngine</class>
      <method>runScriptAsRawText</method>
      <line>119</line>
    </frame>
    <frame>
      <class>com.kms.katalon.core.main.TestCaseExecutor</class>
      <method>runScript</method>
      <line>490</line>
    </frame>
    <frame>
      <class>com.kms.katalon.core.main.TestCaseExecutor</class>
      <method>doExecute</method>
      <line>481</line>
    </frame>
    <frame>
      <class>com.kms.katalon.core.main.TestCaseExecutor</class>
      <method>processExecutionPhase</method>
      <line>460</line>
    </frame>
    <frame>
      <class>com.kms.katalon.core.main.TestCaseExecutor</class>
      <method>accessMainPhase</method>
      <line>452</line>
    </frame>
    <frame>
      <class>com.kms.katalon.core.main.TestCaseExecutor</class>
      <method>execute</method>
      <line>322</line>
    </frame>
    <frame>
      <class>com.kms.katalon.core.common.CommonExecutor</class>
      <method>accessTestCaseMainPhase</method>
      <line>71</line>
    </frame>
    <frame>
      <class>com.kms.katalon.core.main.TestSuiteExecutor</class>
      <method>accessTestSuiteMainPhase</method>
      <line>153</line>
    </frame>
    <frame>
      <class>com.kms.katalon.core.main.TestSuiteExecutor</class>
      <method>execute</method>
      <line>110</line>
    </frame>
    <frame>
      <class>com.kms.katalon.core.main.TestCaseMain</class>
      <method>startTestSuite</method>
      <line>205</line>
    </frame>
    <frame>
      <class>org.codehaus.groovy.vmplugin.v8.IndyInterface</class>
      <method>fromCache</method>
      <line>318</line>
    </frame>
    <frame>
      <class>TempTestSuite1767674856199</class>
      <method>run</method>
      <line>35</line>
    </frame>
    <frame>
      <class>groovy.lang.GroovyShell</class>
      <method>runScriptOrMainOrTestOrRunnable</method>
      <line>254</line>
    </frame>
    <frame>
      <class>groovy.lang.GroovyShell</class>
      <method>run</method>
      <line>360</line>
    </frame>
    <frame>
      <class>groovy.lang.GroovyShell</class>
      <method>run</method>
      <line>349</line>
    </frame>
    <frame>
      <class>groovy.ui.GroovyMain</class>
      <method>processOnce</method>
      <line>652</line>
    </frame>
    <frame>
      <class>groovy.ui.GroovyMain</class>
      <method>run</method>
      <line>398</line>
    </frame>
    <frame>
      <class>groovy.ui.GroovyMain</class>
      <method>access$1400</method>
      <line>68</line>
    </frame>
    <frame>
      <class>groovy.ui.GroovyMain$GroovyCommand</class>
      <method>process</method>
      <line>322</line>
    </frame>
    <frame>
      <class>groovy.ui.GroovyMain</class>
      <method>processArgs</method>
      <line>142</line>
    </frame>
    <frame>
      <class>groovy.ui.GroovyMain</class>
      <method>main</method>
      <line>115</line>
    </frame>
    <frame>
      <class>jdk.internal.reflect.NativeMethodAccessorImpl</class>
      <method>invoke0</method>
    </frame>
    <frame>
      <class>jdk.internal.reflect.NativeMethodAccessorImpl</class>
      <method>invoke</method>
      <line>77</line>
    </frame>
    <frame>
      <class>jdk.internal.reflect.DelegatingMethodAccessorImpl</class>
      <method>invoke</method>
      <line>43</line>
    </frame>
    <frame>
      <class>java.lang.reflect.Method</class>
      <method>invoke</method>
      <line>569</line>
    </frame>
    <frame>
      <class>org.codehaus.groovy.tools.GroovyStarter</class>
      <method>rootLoader</method>
      <line>117</line>
    </frame>
    <frame>
      <class>org.codehaus.groovy.tools.GroovyStarter</class>
      <method>main</method>
      <line>39</line>
    </frame>
  </exception>
  <nestedLevel>0</nestedLevel>
  <escapedJava>false</escapedJava>
  <property name="failed.exception.stacktrace">org.openqa.selenium.SessionNotCreatedException: Could not start a new session. Response code 500. Message: session not created: Chrome failed to start: crashed.
  (session not created: DevToolsActivePort file doesn&apos;t exist)
  (The process started from chrome location C:\Program Files\Google\Chrome\Application\chrome.exe is no longer running, so ChromeDriver is assuming that Chrome has crashed.) 
Host info: host: &apos;WINDOWS-10&apos;, ip: &apos;192.168.126.20&apos;
Build info: version: &apos;4.34.0&apos;, revision: &apos;707dcb4246*&apos;
System info: os.name: &apos;Windows 10&apos;, os.arch: &apos;amd64&apos;, os.version: &apos;10.0&apos;, java.version: &apos;17.0.14&apos;
Driver info: com.kms.katalon.selenium.driver.CChromeDriver
Command: [null, newSession {capabilities=[Capabilities {browserName: chrome, goog:chromeOptions: {args: [disable-features=DisableLoa..., --user-data-dir=C:\QA\Profi..., --profile-directory=Default], extensions: []}, unhandledPromptBehavior: {alert: ignore, beforeUnload: ignore, confirm: ignore, default: ignore, file: ignore, prompt: ignore}, webSocketUrl: true}]}]
	at org.openqa.selenium.remote.ProtocolHandshake.createSession(ProtocolHandshake.java:114)
	at org.openqa.selenium.remote.ProtocolHandshake.createSession(ProtocolHandshake.java:75)
	at org.openqa.selenium.remote.ProtocolHandshake.createSession(ProtocolHandshake.java:61)
	at org.openqa.selenium.remote.HttpCommandExecutor.execute(HttpCommandExecutor.java:187)
	at org.openqa.selenium.remote.service.DriverCommandExecutor.invokeExecute(DriverCommandExecutor.java:216)
	at org.openqa.selenium.remote.service.DriverCommandExecutor.execute(DriverCommandExecutor.java:174)
	at org.openqa.selenium.remote.RemoteWebDriver.execute(RemoteWebDriver.java:544)
	at org.openqa.selenium.remote.RemoteWebDriver.startSession(RemoteWebDriver.java:244)
	at org.openqa.selenium.remote.RemoteWebDriver.&lt;init&gt;(RemoteWebDriver.java:173)
	at org.openqa.selenium.chromium.ChromiumDriver.&lt;init&gt;(ChromiumDriver.java:110)
	at org.openqa.selenium.chrome.ChromeDriver.&lt;init&gt;(ChromeDriver.java:88)
	at org.openqa.selenium.chrome.ChromeDriver.&lt;init&gt;(ChromeDriver.java:83)
	at org.openqa.selenium.chrome.ChromeDriver.&lt;init&gt;(ChromeDriver.java:72)
	at com.kms.katalon.selenium.driver.CChromeDriver.&lt;init&gt;(CChromeDriver.java:15)
	at com.kms.katalon.core.webui.driver.chrome.ChromeDriverBuilder.createDriver(ChromeDriverBuilder.java:60)
	at com.kms.katalon.core.webui.driver.AbstractDriverBuilder.build(AbstractDriverBuilder.java:53)
	at com.kms.katalon.core.webui.driver.DriverFactory.startNewBrowser(DriverFactory.java:247)
	at com.kms.katalon.core.webui.driver.DriverFactory.openWebDriver(DriverFactory.java:149)
	at com.kms.katalon.core.webui.keyword.builtin.OpenBrowserKeyword$_openBrowser_closure1.doCall(OpenBrowserKeyword.groovy:44)
	at com.kms.katalon.core.webui.keyword.builtin.OpenBrowserKeyword$_openBrowser_closure1.call(OpenBrowserKeyword.groovy)
	at com.kms.katalon.core.webui.keyword.internal.WebUIKeywordMain.runKeyword(WebUIKeywordMain.groovy:41)
	at com.kms.katalon.core.webui.keyword.builtin.OpenBrowserKeyword.openBrowser(OpenBrowserKeyword.groovy:55)
	at com.kms.katalon.core.webui.keyword.builtin.OpenBrowserKeyword.execute(OpenBrowserKeyword.groovy:37)
	at com.kms.katalon.core.keyword.internal.KeywordExecutor.executeKeywordForPlatform(KeywordExecutor.groovy:90)
	at com.kms.katalon.core.webui.keyword.WebUiBuiltInKeywords.openBrowser(WebUiBuiltInKeywords.groovy:62)
	at LG-01.run(LG-01:19)
	at com.kms.katalon.core.main.ScriptEngine.run(ScriptEngine.java:194)
	at com.kms.katalon.core.main.ScriptEngine.runScriptAsRawText(ScriptEngine.java:119)
	at com.kms.katalon.core.main.TestCaseExecutor.runScript(TestCaseExecutor.java:490)
	at com.kms.katalon.core.main.TestCaseExecutor.doExecute(TestCaseExecutor.java:481)
	at com.kms.katalon.core.main.TestCaseExecutor.processExecutionPhase(TestCaseExecutor.java:460)
	at com.kms.katalon.core.main.TestCaseExecutor.accessMainPhase(TestCaseExecutor.java:452)
	at com.kms.katalon.core.main.TestCaseExecutor.execute(TestCaseExecutor.java:322)
	at com.kms.katalon.core.main.TestCaseMain.runTestCase(TestCaseMain.java:151)
	at com.kms.katalon.core.keyword.builtin.CallTestCaseKeyword$_callTestCase_closure1.doCall(CallTestCaseKeyword.groovy:59)
	at com.kms.katalon.core.keyword.builtin.CallTestCaseKeyword$_callTestCase_closure1.call(CallTestCaseKeyword.groovy)
	at com.kms.katalon.core.keyword.internal.KeywordMain.runKeyword(KeywordMain.groovy:75)
	at com.kms.katalon.core.keyword.builtin.CallTestCaseKeyword.callTestCase(CallTestCaseKeyword.groovy:81)
	at com.kms.katalon.core.keyword.builtin.CallTestCaseKeyword.execute(CallTestCaseKeyword.groovy:44)
	at com.kms.katalon.core.keyword.internal.KeywordExecutor.executeKeywordForPlatform(KeywordExecutor.groovy:90)
	at com.kms.katalon.core.keyword.BuiltinKeywords.callTestCase(BuiltinKeywords.groovy:310)
	at java.base/jdk.internal.reflect.NativeMethodAccessorImpl.invoke0(Native Method)
	at java.base/jdk.internal.reflect.NativeMethodAccessorImpl.invoke(NativeMethodAccessorImpl.java:77)
	at java.base/jdk.internal.reflect.DelegatingMethodAccessorImpl.invoke(DelegatingMethodAccessorImpl.java:43)
	at TC1.1.run(TC1.1:42)
	at com.kms.katalon.core.main.ScriptEngine.run(ScriptEngine.java:194)
	at com.kms.katalon.core.main.ScriptEngine.runScriptAsRawText(ScriptEngine.java:119)
	at com.kms.katalon.core.main.TestCaseExecutor.runScript(TestCaseExecutor.java:490)
	at com.kms.katalon.core.main.TestCaseExecutor.doExecute(TestCaseExecutor.java:481)
	at com.kms.katalon.core.main.TestCaseExecutor.processExecutionPhase(TestCaseExecutor.java:460)
	at com.kms.katalon.core.main.TestCaseExecutor.accessMainPhase(TestCaseExecutor.java:452)
	at com.kms.katalon.core.main.TestCaseExecutor.execute(TestCaseExecutor.java:322)
	at com.kms.katalon.core.common.CommonExecutor.accessTestCaseMainPhase(CommonExecutor.java:71)
	at com.kms.katalon.core.main.TestSuiteExecutor.accessTestSuiteMainPhase(TestSuiteExecutor.java:153)
	at com.kms.katalon.core.main.TestSuiteExecutor.execute(TestSuiteExecutor.java:110)
	at com.kms.katalon.core.main.TestCaseMain.startTestSuite(TestCaseMain.java:205)
	at TempTestSuite1767674856199.run(TempTestSuite1767674856199.groovy:35)
	at java.base/jdk.internal.reflect.NativeMethodAccessorImpl.invoke0(Native Method)
	at java.base/jdk.internal.reflect.NativeMethodAccessorImpl.invoke(NativeMethodAccessorImpl.java:77)
	at java.base/jdk.internal.reflect.DelegatingMethodAccessorImpl.invoke(DelegatingMethodAccessorImpl.java:43)
</property>
  <property name="failed.exception.class">org.openqa.selenium.SessionNotCreatedException</property>
  <property name="failed.exception.message">Could not start a new session. Response code 500. Message: session not created: Chrome failed to start: crashed.
  (session not created: DevToolsActivePort file doesn&apos;t exist)
  (The process started from chrome location C:\Program Files\Google\Chrome\Application\chrome.exe is no longer running, so ChromeDriver is assuming that Chrome has crashed.) 
Host info: host: &apos;WINDOWS-10&apos;, ip: &apos;192.168.126.20&apos;
Build info: version: &apos;4.34.0&apos;, revision: &apos;707dcb4246*&apos;
System info: os.name: &apos;Windows 10&apos;, os.arch: &apos;amd64&apos;, os.version: &apos;10.0&apos;, java.version: &apos;17.0.14&apos;
Driver info: com.kms.katalon.selenium.driver.CChromeDriver
Command: [null, newSession {capabilities=[Capabilities {browserName: chrome, goog:chromeOptions: {args: [disable-features=DisableLoa..., --user-data-dir=C:\QA\Profi..., --profile-directory=Default], extensions: []}, unhandledPromptBehavior: {alert: ignore, beforeUnload: ignore, confirm: ignore, default: ignore, file: ignore, prompt: ignore}, webSocketUrl: true}]}]</property>
</record>
<record>
  <date>2026-01-06T04:47:43.497838700Z</date>
  <millis>1767674863497</millis>
  <nanos>838700</nanos>
  <sequence>54</sequence>
  <level>END</level>
  <class>com.kms.katalon.core.logging.XmlKeywordLogger</class>
  <method>endTest</method>
  <thread>1</thread>
  <message>End Test Case : Test Cases/Login/LG-01</message>
  <nestedLevel>1</nestedLevel>
  <escapedJava>false</escapedJava>
</record>
<record>
  <date>2026-01-06T04:47:43.505841100Z</date>
  <millis>1767674863505</millis>
  <nanos>841100</nanos>
  <sequence>59</sequence>
  <level>FAILED</level>
  <class>com.kms.katalon.core.logging.XmlKeywordLogger</class>
  <method>logMessage</method>
  <thread>1</thread>
  <message>Unable to call Test Case &amp;apos;Test Cases/Login/LG-01&amp;apos; (Root cause: com.kms.katalon.core.exception.StepFailedException: Call Test Case &amp;apos;Test Cases/Login/LG-01&amp;apos; failed
	at com.kms.katalon.core.keyword.builtin.CallTestCaseKeyword$_callTestCase_closure1.doCall(CallTestCaseKeyword.groovy:63)
	at com.kms.katalon.core.keyword.builtin.CallTestCaseKeyword$_callTestCase_closure1.call(CallTestCaseKeyword.groovy)
	at com.kms.katalon.core.keyword.internal.KeywordMain.runKeyword(KeywordMain.groovy:75)
	at com.kms.katalon.core.keyword.builtin.CallTestCaseKeyword.callTestCase(CallTestCaseKeyword.groovy:81)
	at com.kms.katalon.core.keyword.builtin.CallTestCaseKeyword.execute(CallTestCaseKeyword.groovy:44)
	at com.kms.katalon.core.keyword.internal.KeywordExecutor.executeKeywordForPlatform(KeywordExecutor.groovy:90)
	at com.kms.katalon.core.keyword.BuiltinKeywords.callTestCase(BuiltinKeywords.groovy:310)
	at java.base/jdk.internal.reflect.NativeMethodAccessorImpl.invoke0(Native Method)
	at java.base/jdk.internal.reflect.NativeMethodAccessorImpl.invoke(NativeMethodAccessorImpl.java:77)
	at java.base/jdk.internal.reflect.DelegatingMethodAccessorImpl.invoke(DelegatingMethodAccessorImpl.java:43)
	at TC1.1.run(TC1.1:42)
	at com.kms.katalon.core.main.ScriptEngine.run(ScriptEngine.java:194)
	at com.kms.katalon.core.main.ScriptEngine.runScriptAsRawText(ScriptEngine.java:119)
	at com.kms.katalon.core.main.TestCaseExecutor.runScript(TestCaseExecutor.java:490)
	at com.kms.katalon.core.main.TestCaseExecutor.doExecute(TestCaseExecutor.java:481)
	at com.kms.katalon.core.main.TestCaseExecutor.processExecutionPhase(TestCaseExecutor.java:460)
	at com.kms.katalon.core.main.TestCaseExecutor.accessMainPhase(TestCaseExecutor.java:452)
	at com.kms.katalon.core.main.TestCaseExecutor.execute(TestCaseExecutor.java:322)
	at com.kms.katalon.core.common.CommonExecutor.accessTestCaseMainPhase(CommonExecutor.java:71)
	at com.kms.katalon.core.main.TestSuiteExecutor.accessTestSuiteMainPhase(TestSuiteExecutor.java:153)
	at com.kms.katalon.core.main.TestSuiteExecutor.execute(TestSuiteExecutor.java:110)
	at com.kms.katalon.core.main.TestCaseMain.startTestSuite(TestCaseMain.java:205)
	at TempTestSuite1767674856199.run(TempTestSuite1767674856199.groovy:35)
	at java.base/jdk.internal.reflect.NativeMethodAccessorImpl.invoke0(Native Method)
	at java.base/jdk.internal.reflect.NativeMethodAccessorImpl.invoke(NativeMethodAccessorImpl.java:77)
	at java.base/jdk.internal.reflect.DelegatingMethodAccessorImpl.invoke(DelegatingMethodAccessorImpl.java:43)
Caused by: com.kms.katalon.core.exception.StepFailedException: Unable to open browser with url: &amp;apos;&amp;apos;
	at com.kms.katalon.core.webui.keyword.internal.WebUIKeywordMain.stepFailed(WebUIKeywordMain.groovy:177)
	at com.kms.katalon.core.webui.keyword.internal.WebUIKeywordMain.runKeyword(WebUIKeywordMain.groovy:49)
	at com.kms.katalon.core.webui.keyword.builtin.OpenBrowserKeyword.openBrowser(OpenBrowserKeyword.groovy:55)
	at com.kms.katalon.core.webui.keyword.builtin.OpenBrowserKeyword.execute(OpenBrowserKeyword.groovy:37)
	at com.kms.katalon.core.keyword.internal.KeywordExecutor.executeKeywordForPlatform(KeywordExecutor.groovy:90)
	at com.kms.katalon.core.webui.keyword.WebUiBuiltInKeywords.openBrowser(WebUiBuiltInKeywords.groovy:62)
	at LG-01.run(LG-01:19)
	at com.kms.katalon.core.main.ScriptEngine.run(ScriptEngine.java:194)
	at com.kms.katalon.core.main.ScriptEngine.runScriptAsRawText(ScriptEngine.java:119)
	at com.kms.katalon.core.main.TestCaseExecutor.runScript(TestCaseExecutor.java:490)
	at com.kms.katalon.core.main.TestCaseExecutor.doExecute(TestCaseExecutor.java:481)
	at com.kms.katalon.core.main.TestCaseExecutor.processExecutionPhase(TestCaseExecutor.java:460)
	at com.kms.katalon.core.main.TestCaseExecutor.accessMainPhase(TestCaseExecutor.java:452)
	at com.kms.katalon.core.main.TestCaseExecutor.execute(TestCaseExecutor.java:322)
	at com.kms.katalon.core.main.TestCaseMain.runTestCase(TestCaseMain.java:151)
	at com.kms.katalon.core.keyword.builtin.CallTestCaseKeyword$_callTestCase_closure1.doCall(CallTestCaseKeyword.groovy:59)
	... 25 more
Caused by: org.openqa.selenium.SessionNotCreatedException: Could not start a new session. Response code 500. Message: session not created: Chrome failed to start: crashed.
  (session not created: DevToolsActivePort file doesn&amp;apos;t exist)
  (The process started from chrome location C:\Program Files\Google\Chrome\Application\chrome.exe is no longer running, so ChromeDriver is assuming that Chrome has crashed.) 
Host info: host: &amp;apos;WINDOWS-10&amp;apos;, ip: &amp;apos;192.168.126.20&amp;apos;
Build info: version: &amp;apos;4.34.0&amp;apos;, revision: &amp;apos;707dcb4246*&amp;apos;
System info: os.name: &amp;apos;Windows 10&amp;apos;, os.arch: &amp;apos;amd64&amp;apos;, os.version: &amp;apos;10.0&amp;apos;, java.version: &amp;apos;17.0.14&amp;apos;
Driver info: com.kms.katalon.selenium.driver.CChromeDriver
Command: [null, newSession {capabilities=[Capabilities {browserName: chrome, goog:chromeOptions: {args: [disable-features=DisableLoa..., --user-data-dir=C:\QA\Profi..., --profile-directory=Default], extensions: []}, unhandledPromptBehavior: {alert: ignore, beforeUnload: ignore, confirm: ignore, default: ignore, file: ignore, prompt: ignore}, webSocketUrl: true}]}]
	at org.openqa.selenium.remote.ProtocolHandshake.createSession(ProtocolHandshake.java:114)
	at org.openqa.selenium.remote.ProtocolHandshake.createSession(ProtocolHandshake.java:75)
	at org.openqa.selenium.remote.ProtocolHandshake.createSession(ProtocolHandshake.java:61)
	at org.openqa.selenium.remote.HttpCommandExecutor.execute(HttpCommandExecutor.java:187)
	at org.openqa.selenium.remote.service.DriverCommandExecutor.invokeExecute(DriverCommandExecutor.java:216)
	at org.openqa.selenium.remote.service.DriverCommandExecutor.execute(DriverCommandExecutor.java:174)
	at org.openqa.selenium.remote.RemoteWebDriver.execute(RemoteWebDriver.java:544)
	at org.openqa.selenium.remote.RemoteWebDriver.startSession(RemoteWebDriver.java:244)
	at org.openqa.selenium.remote.RemoteWebDriver.&amp;lt;init&amp;gt;(RemoteWebDriver.java:173)
	at org.openqa.selenium.chromium.ChromiumDriver.&amp;lt;init&amp;gt;(ChromiumDriver.java:110)
	at org.openqa.selenium.chrome.ChromeDriver.&amp;lt;init&amp;gt;(ChromeDriver.java:88)
	at org.openqa.selenium.chrome.ChromeDriver.&amp;lt;init&amp;gt;(ChromeDriver.java:83)
	at org.openqa.selenium.chrome.ChromeDriver.&amp;lt;init&amp;gt;(ChromeDriver.java:72)
	at com.kms.katalon.selenium.driver.CChromeDriver.&amp;lt;init&amp;gt;(CChromeDriver.java:15)
	at com.kms.katalon.core.webui.driver.chrome.ChromeDriverBuilder.createDriver(ChromeDriverBuilder.java:60)
	at com.kms.katalon.core.webui.driver.AbstractDriverBuilder.build(AbstractDriverBuilder.java:53)
	at com.kms.katalon.core.webui.driver.DriverFactory.startNewBrowser(DriverFactory.java:247)
	at com.kms.katalon.core.webui.driver.DriverFactory.openWebDriver(DriverFactory.java:149)
	at com.kms.katalon.core.webui.keyword.builtin.OpenBrowserKeyword$_openBrowser_closure1.doCall(OpenBrowserKeyword.groovy:44)
	at com.kms.katalon.core.webui.keyword.builtin.OpenBrowserKeyword$_openBrowser_closure1.call(OpenBrowserKeyword.groovy)
	at com.kms.katalon.core.webui.keyword.internal.WebUIKeywordMain.runKeyword(WebUIKeywordMain.groovy:41)
	... 39 more
)</message>
  <nestedLevel>1</nestedLevel>
  <escapedJava>false</escapedJava>
  <property name="failed.exception.class">org.openqa.selenium.SessionNotCreatedException</property>
  <property name="failed.exception.stacktrace">org.openqa.selenium.SessionNotCreatedException: Could not start a new session. Response code 500. Message: session not created: Chrome failed to start: crashed.
  (session not created: DevToolsActivePort file doesn&apos;t exist)
  (The process started from chrome location C:\Program Files\Google\Chrome\Application\chrome.exe is no longer running, so ChromeDriver is assuming that Chrome has crashed.) 
Host info: host: &apos;WINDOWS-10&apos;, ip: &apos;192.168.126.20&apos;
Build info: version: &apos;4.34.0&apos;, revision: &apos;707dcb4246*&apos;
System info: os.name: &apos;Windows 10&apos;, os.arch: &apos;amd64&apos;, os.version: &apos;10.0&apos;, java.version: &apos;17.0.14&apos;
Driver info: com.kms.katalon.selenium.driver.CChromeDriver
Command: [null, newSession {capabilities=[Capabilities {browserName: chrome, goog:chromeOptions: {args: [disable-features=DisableLoa..., --user-data-dir=C:\QA\Profi..., --profile-directory=Default], extensions: []}, unhandledPromptBehavior: {alert: ignore, beforeUnload: ignore, confirm: ignore, default: ignore, file: ignore, prompt: ignore}, webSocketUrl: true}]}]
	at org.openqa.selenium.remote.ProtocolHandshake.createSession(ProtocolHandshake.java:114)
	at org.openqa.selenium.remote.ProtocolHandshake.createSession(ProtocolHandshake.java:75)
	at org.openqa.selenium.remote.ProtocolHandshake.createSession(ProtocolHandshake.java:61)
	at org.openqa.selenium.remote.HttpCommandExecutor.execute(HttpCommandExecutor.java:187)
	at org.openqa.selenium.remote.service.DriverCommandExecutor.invokeExecute(DriverCommandExecutor.java:216)
	at org.openqa.selenium.remote.service.DriverCommandExecutor.execute(DriverCommandExecutor.java:174)
	at org.openqa.selenium.remote.RemoteWebDriver.execute(RemoteWebDriver.java:544)
	at org.openqa.selenium.remote.RemoteWebDriver.startSession(RemoteWebDriver.java:244)
	at org.openqa.selenium.remote.RemoteWebDriver.&lt;init&gt;(RemoteWebDriver.java:173)
	at org.openqa.selenium.chromium.ChromiumDriver.&lt;init&gt;(ChromiumDriver.java:110)
	at org.openqa.selenium.chrome.ChromeDriver.&lt;init&gt;(ChromeDriver.java:88)
	at org.openqa.selenium.chrome.ChromeDriver.&lt;init&gt;(ChromeDriver.java:83)
	at org.openqa.selenium.chrome.ChromeDriver.&lt;init&gt;(ChromeDriver.java:72)
	at com.kms.katalon.selenium.driver.CChromeDriver.&lt;init&gt;(CChromeDriver.java:15)
	at com.kms.katalon.core.webui.driver.chrome.ChromeDriverBuilder.createDriver(ChromeDriverBuilder.java:60)
	at com.kms.katalon.core.webui.driver.AbstractDriverBuilder.build(AbstractDriverBuilder.java:53)
	at com.kms.katalon.core.webui.driver.DriverFactory.startNewBrowser(DriverFactory.java:247)
	at com.kms.katalon.core.webui.driver.DriverFactory.openWebDriver(DriverFactory.java:149)
	at com.kms.katalon.core.webui.keyword.builtin.OpenBrowserKeyword$_openBrowser_closure1.doCall(OpenBrowserKeyword.groovy:44)
	at com.kms.katalon.core.webui.keyword.builtin.OpenBrowserKeyword$_openBrowser_closure1.call(OpenBrowserKeyword.groovy)
	at com.kms.katalon.core.webui.keyword.internal.WebUIKeywordMain.runKeyword(WebUIKeywordMain.groovy:41)
	at com.kms.katalon.core.webui.keyword.builtin.OpenBrowserKeyword.openBrowser(OpenBrowserKeyword.groovy:55)
	at com.kms.katalon.core.webui.keyword.builtin.OpenBrowserKeyword.execute(OpenBrowserKeyword.groovy:37)
	at com.kms.katalon.core.keyword.internal.KeywordExecutor.executeKeywordForPlatform(KeywordExecutor.groovy:90)
	at com.kms.katalon.core.webui.keyword.WebUiBuiltInKeywords.openBrowser(WebUiBuiltInKeywords.groovy:62)
	at LG-01.run(LG-01:19)
	at com.kms.katalon.core.main.ScriptEngine.run(ScriptEngine.java:194)
	at com.kms.katalon.core.main.ScriptEngine.runScriptAsRawText(ScriptEngine.java:119)
	at com.kms.katalon.core.main.TestCaseExecutor.runScript(TestCaseExecutor.java:490)
	at com.kms.katalon.core.main.TestCaseExecutor.doExecute(TestCaseExecutor.java:481)
	at com.kms.katalon.core.main.TestCaseExecutor.processExecutionPhase(TestCaseExecutor.java:460)
	at com.kms.katalon.core.main.TestCaseExecutor.accessMainPhase(TestCaseExecutor.java:452)
	at com.kms.katalon.core.main.TestCaseExecutor.execute(TestCaseExecutor.java:322)
	at com.kms.katalon.core.main.TestCaseMain.runTestCase(TestCaseMain.java:151)
	at com.kms.katalon.core.keyword.builtin.CallTestCaseKeyword$_callTestCase_closure1.doCall(CallTestCaseKeyword.groovy:59)
	at com.kms.katalon.core.keyword.builtin.CallTestCaseKeyword$_callTestCase_closure1.call(CallTestCaseKeyword.groovy)
	at com.kms.katalon.core.keyword.internal.KeywordMain.runKeyword(KeywordMain.groovy:75)
	at com.kms.katalon.core.keyword.builtin.CallTestCaseKeyword.callTestCase(CallTestCaseKeyword.groovy:81)
	at com.kms.katalon.core.keyword.builtin.CallTestCaseKeyword.execute(CallTestCaseKeyword.groovy:44)
	at com.kms.katalon.core.keyword.internal.KeywordExecutor.executeKeywordForPlatform(KeywordExecutor.groovy:90)
	at com.kms.katalon.core.keyword.BuiltinKeywords.callTestCase(BuiltinKeywords.groovy:310)
	at java.base/jdk.internal.reflect.NativeMethodAccessorImpl.invoke0(Native Method)
	at java.base/jdk.internal.reflect.NativeMethodAccessorImpl.invoke(NativeMethodAccessorImpl.java:77)
	at java.base/jdk.internal.reflect.DelegatingMethodAccessorImpl.invoke(DelegatingMethodAccessorImpl.java:43)
	at TC1.1.run(TC1.1:42)
	at com.kms.katalon.core.main.ScriptEngine.run(ScriptEngine.java:194)
	at com.kms.katalon.core.main.ScriptEngine.runScriptAsRawText(ScriptEngine.java:119)
	at com.kms.katalon.core.main.TestCaseExecutor.runScript(TestCaseExecutor.java:490)
	at com.kms.katalon.core.main.TestCaseExecutor.doExecute(TestCaseExecutor.java:481)
	at com.kms.katalon.core.main.TestCaseExecutor.processExecutionPhase(TestCaseExecutor.java:460)
	at com.kms.katalon.core.main.TestCaseExecutor.accessMainPhase(TestCaseExecutor.java:452)
	at com.kms.katalon.core.main.TestCaseExecutor.execute(TestCaseExecutor.java:322)
	at com.kms.katalon.core.common.CommonExecutor.accessTestCaseMainPhase(CommonExecutor.java:71)
	at com.kms.katalon.core.main.TestSuiteExecutor.accessTestSuiteMainPhase(TestSuiteExecutor.java:153)
	at com.kms.katalon.core.main.TestSuiteExecutor.execute(TestSuiteExecutor.java:110)
	at com.kms.katalon.core.main.TestCaseMain.startTestSuite(TestCaseMain.java:205)
	at TempTestSuite1767674856199.run(TempTestSuite1767674856199.groovy:35)
	at java.base/jdk.internal.reflect.NativeMethodAccessorImpl.invoke0(Native Method)
	at java.base/jdk.internal.reflect.NativeMethodAccessorImpl.invoke(NativeMethodAccessorImpl.java:77)
	at java.base/jdk.internal.reflect.DelegatingMethodAccessorImpl.invoke(DelegatingMethodAccessorImpl.java:43)
</property>
  <property name="failed.exception.message">Could not start a new session. Response code 500. Message: session not created: Chrome failed to start: crashed.
  (session not created: DevToolsActivePort file doesn&apos;t exist)
  (The process started from chrome location C:\Program Files\Google\Chrome\Application\chrome.exe is no longer running, so ChromeDriver is assuming that Chrome has crashed.) 
Host info: host: &apos;WINDOWS-10&apos;, ip: &apos;192.168.126.20&apos;
Build info: version: &apos;4.34.0&apos;, revision: &apos;707dcb4246*&apos;
System info: os.name: &apos;Windows 10&apos;, os.arch: &apos;amd64&apos;, os.version: &apos;10.0&apos;, java.version: &apos;17.0.14&apos;
Driver info: com.kms.katalon.selenium.driver.CChromeDriver
Command: [null, newSession {capabilities=[Capabilities {browserName: chrome, goog:chromeOptions: {args: [disable-features=DisableLoa..., --user-data-dir=C:\QA\Profi..., --profile-directory=Default], extensions: []}, unhandledPromptBehavior: {alert: ignore, beforeUnload: ignore, confirm: ignore, default: ignore, file: ignore, prompt: ignore}, webSocketUrl: true}]}]</property>
</record>
<record>
  <date>2026-01-06T04:47:43.509841700Z</date>
  <millis>1767674863509</millis>
  <nanos>841700</nanos>
  <sequence>63</sequence>
  <level>END</level>
  <class>com.kms.katalon.core.logging.XmlKeywordLogger</class>
  <method>endKeyword</method>
  <thread>1</thread>
  <message>End action : callTestCase(findTestCase(&amp;quot;Login/LG-01&amp;quot;), [:], STOP_ON_FAILURE)</message>
  <nestedLevel>1</nestedLevel>
  <escapedJava>false</escapedJava>
</record>
<record>
  <date>2026-01-06T04:47:43.510842500Z</date>
  <millis>1767674863510</millis>
  <nanos>842500</nanos>
  <sequence>67</sequence>
  <level>FAILED</level>
  <class>com.kms.katalon.core.logging.XmlKeywordLogger</class>
  <method>logMessage</method>
  <thread>1</thread>
  <message>Test Cases/CO/TC1.1 FAILED.
Reason:
com.kms.katalon.core.exception.StepFailedException: Call Test Case &amp;apos;Test Cases/Login/LG-01&amp;apos; failed
	at com.kms.katalon.core.keyword.builtin.CallTestCaseKeyword$_callTestCase_closure1.doCall(CallTestCaseKeyword.groovy:63)
	at com.kms.katalon.core.keyword.builtin.CallTestCaseKeyword$_callTestCase_closure1.call(CallTestCaseKeyword.groovy)
	at com.kms.katalon.core.keyword.internal.KeywordMain.runKeyword(KeywordMain.groovy:75)
	at com.kms.katalon.core.keyword.builtin.CallTestCaseKeyword.callTestCase(CallTestCaseKeyword.groovy:81)
	at com.kms.katalon.core.keyword.builtin.CallTestCaseKeyword.execute(CallTestCaseKeyword.groovy:44)
	at com.kms.katalon.core.keyword.internal.KeywordExecutor.executeKeywordForPlatform(KeywordExecutor.groovy:90)
	at com.kms.katalon.core.keyword.BuiltinKeywords.callTestCase(BuiltinKeywords.groovy:310)
	at java.base/jdk.internal.reflect.NativeMethodAccessorImpl.invoke0(Native Method)
	at java.base/jdk.internal.reflect.NativeMethodAccessorImpl.invoke(NativeMethodAccessorImpl.java:77)
	at java.base/jdk.internal.reflect.DelegatingMethodAccessorImpl.invoke(DelegatingMethodAccessorImpl.java:43)
	at TC1.1.run(TC1.1:42)
	at com.kms.katalon.core.main.ScriptEngine.run(ScriptEngine.java:194)
	at com.kms.katalon.core.main.ScriptEngine.runScriptAsRawText(ScriptEngine.java:119)
	at com.kms.katalon.core.main.TestCaseExecutor.runScript(TestCaseExecutor.java:490)
	at com.kms.katalon.core.main.TestCaseExecutor.doExecute(TestCaseExecutor.java:481)
	at com.kms.katalon.core.main.TestCaseExecutor.processExecutionPhase(TestCaseExecutor.java:460)
	at com.kms.katalon.core.main.TestCaseExecutor.accessMainPhase(TestCaseExecutor.java:452)
	at com.kms.katalon.core.main.TestCaseExecutor.execute(TestCaseExecutor.java:322)
	at com.kms.katalon.core.common.CommonExecutor.accessTestCaseMainPhase(CommonExecutor.java:71)
	at com.kms.katalon.core.main.TestSuiteExecutor.accessTestSuiteMainPhase(TestSuiteExecutor.java:153)
	at com.kms.katalon.core.main.TestSuiteExecutor.execute(TestSuiteExecutor.java:110)
	at com.kms.katalon.core.main.TestCaseMain.startTestSuite(TestCaseMain.java:205)
	at TempTestSuite1767674856199.run(TempTestSuite1767674856199.groovy:35)
	at java.base/jdk.internal.reflect.NativeMethodAccessorImpl.invoke0(Native Method)
	at java.base/jdk.internal.reflect.NativeMethodAccessorImpl.invoke(NativeMethodAccessorImpl.java:77)
	at java.base/jdk.internal.reflect.DelegatingMethodAccessorImpl.invoke(DelegatingMethodAccessorImpl.java:43)
Caused by: com.kms.katalon.core.exception.StepFailedException: Unable to open browser with url: &amp;apos;&amp;apos;
	at com.kms.katalon.core.webui.keyword.internal.WebUIKeywordMain.stepFailed(WebUIKeywordMain.groovy:177)
	at com.kms.katalon.core.webui.keyword.internal.WebUIKeywordMain.runKeyword(WebUIKeywordMain.groovy:49)
	at com.kms.katalon.core.webui.keyword.builtin.OpenBrowserKeyword.openBrowser(OpenBrowserKeyword.groovy:55)
	at com.kms.katalon.core.webui.keyword.builtin.OpenBrowserKeyword.execute(OpenBrowserKeyword.groovy:37)
	at com.kms.katalon.core.keyword.internal.KeywordExecutor.executeKeywordForPlatform(KeywordExecutor.groovy:90)
	at com.kms.katalon.core.webui.keyword.WebUiBuiltInKeywords.openBrowser(WebUiBuiltInKeywords.groovy:62)
	at LG-01.run(LG-01:19)
	at com.kms.katalon.core.main.ScriptEngine.run(ScriptEngine.java:194)
	at com.kms.katalon.core.main.ScriptEngine.runScriptAsRawText(ScriptEngine.java:119)
	at com.kms.katalon.core.main.TestCaseExecutor.runScript(TestCaseExecutor.java:490)
	at com.kms.katalon.core.main.TestCaseExecutor.doExecute(TestCaseExecutor.java:481)
	at com.kms.katalon.core.main.TestCaseExecutor.processExecutionPhase(TestCaseExecutor.java:460)
	at com.kms.katalon.core.main.TestCaseExecutor.accessMainPhase(TestCaseExecutor.java:452)
	at com.kms.katalon.core.main.TestCaseExecutor.execute(TestCaseExecutor.java:322)
	at com.kms.katalon.core.main.TestCaseMain.runTestCase(TestCaseMain.java:151)
	at com.kms.katalon.core.keyword.builtin.CallTestCaseKeyword$_callTestCase_closure1.doCall(CallTestCaseKeyword.groovy:59)
	... 25 more
Caused by: org.openqa.selenium.SessionNotCreatedException: Could not start a new session. Response code 500. Message: session not created: Chrome failed to start: crashed.
  (session not created: DevToolsActivePort file doesn&amp;apos;t exist)
  (The process started from chrome location C:\Program Files\Google\Chrome\Application\chrome.exe is no longer running, so ChromeDriver is assuming that Chrome has crashed.) 
Host info: host: &amp;apos;WINDOWS-10&amp;apos;, ip: &amp;apos;192.168.126.20&amp;apos;
Build info: version: &amp;apos;4.34.0&amp;apos;, revision: &amp;apos;707dcb4246*&amp;apos;
System info: os.name: &amp;apos;Windows 10&amp;apos;, os.arch: &amp;apos;amd64&amp;apos;, os.version: &amp;apos;10.0&amp;apos;, java.version: &amp;apos;17.0.14&amp;apos;
Driver info: com.kms.katalon.selenium.driver.CChromeDriver
Command: [null, newSession {capabilities=[Capabilities {browserName: chrome, goog:chromeOptions: {args: [disable-features=DisableLoa..., --user-data-dir=C:\QA\Profi..., --profile-directory=Default], extensions: []}, unhandledPromptBehavior: {alert: ignore, beforeUnload: ignore, confirm: ignore, default: ignore, file: ignore, prompt: ignore}, webSocketUrl: true}]}]
	at org.openqa.selenium.remote.ProtocolHandshake.createSession(ProtocolHandshake.java:114)
	at org.openqa.selenium.remote.ProtocolHandshake.createSession(ProtocolHandshake.java:75)
	at org.openqa.selenium.remote.ProtocolHandshake.createSession(ProtocolHandshake.java:61)
	at org.openqa.selenium.remote.HttpCommandExecutor.execute(HttpCommandExecutor.java:187)
	at org.openqa.selenium.remote.service.DriverCommandExecutor.invokeExecute(DriverCommandExecutor.java:216)
	at org.openqa.selenium.remote.service.DriverCommandExecutor.execute(DriverCommandExecutor.java:174)
	at org.openqa.selenium.remote.RemoteWebDriver.execute(RemoteWebDriver.java:544)
	at org.openqa.selenium.remote.RemoteWebDriver.startSession(RemoteWebDriver.java:244)
	at org.openqa.selenium.remote.RemoteWebDriver.&amp;lt;init&amp;gt;(RemoteWebDriver.java:173)
	at org.openqa.selenium.chromium.ChromiumDriver.&amp;lt;init&amp;gt;(ChromiumDriver.java:110)
	at org.openqa.selenium.chrome.ChromeDriver.&amp;lt;init&amp;gt;(ChromeDriver.java:88)
	at org.openqa.selenium.chrome.ChromeDriver.&amp;lt;init&amp;gt;(ChromeDriver.java:83)
	at org.openqa.selenium.chrome.ChromeDriver.&amp;lt;init&amp;gt;(ChromeDriver.java:72)
	at com.kms.katalon.selenium.driver.CChromeDriver.&amp;lt;init&amp;gt;(CChromeDriver.java:15)
	at com.kms.katalon.core.webui.driver.chrome.ChromeDriverBuilder.createDriver(ChromeDriverBuilder.java:60)
	at com.kms.katalon.core.webui.driver.AbstractDriverBuilder.build(AbstractDriverBuilder.java:53)
	at com.kms.katalon.core.webui.driver.DriverFactory.startNewBrowser(DriverFactory.java:247)
	at com.kms.katalon.core.webui.driver.DriverFactory.openWebDriver(DriverFactory.java:149)
	at com.kms.katalon.core.webui.keyword.builtin.OpenBrowserKeyword$_openBrowser_closure1.doCall(OpenBrowserKeyword.groovy:44)
	at com.kms.katalon.core.webui.keyword.builtin.OpenBrowserKeyword$_openBrowser_closure1.call(OpenBrowserKeyword.groovy)
	at com.kms.katalon.core.webui.keyword.internal.WebUIKeywordMain.runKeyword(WebUIKeywordMain.groovy:41)
	... 39 more
</message>
  <exception>
    <message>com.kms.katalon.core.exception.StepFailedException: Call Test Case 'Test Cases/Login/LG-01' failed</message>
    <frame>
      <class>com.kms.katalon.core.logging.XmlKeywordLogger</class>
      <method>logMessage</method>
      <line>512</line>
    </frame>
    <frame>
      <class>com.kms.katalon.core.logging.KeywordLogger</class>
      <method>logMessage</method>
      <line>447</line>
    </frame>
    <frame>
      <class>com.kms.katalon.core.main.TestCaseExecutor</class>
      <method>logError</method>
      <line>599</line>
    </frame>
    <frame>
      <class>com.kms.katalon.core.main.TestCaseExecutor</class>
      <method>onExecutionError</method>
      <line>187</line>
    </frame>
    <frame>
      <class>com.kms.katalon.core.main.TestCaseExecutor</class>
      <method>processExecutionPhase</method>
      <line>470</line>
    </frame>
    <frame>
      <class>com.kms.katalon.core.main.TestCaseExecutor</class>
      <method>accessMainPhase</method>
      <line>452</line>
    </frame>
    <frame>
      <class>com.kms.katalon.core.main.TestCaseExecutor</class>
      <method>execute</method>
      <line>322</line>
    </frame>
    <frame>
      <class>com.kms.katalon.core.common.CommonExecutor</class>
      <method>accessTestCaseMainPhase</method>
      <line>71</line>
    </frame>
    <frame>
      <class>com.kms.katalon.core.main.TestSuiteExecutor</class>
      <method>accessTestSuiteMainPhase</method>
      <line>153</line>
    </frame>
    <frame>
      <class>com.kms.katalon.core.main.TestSuiteExecutor</class>
      <method>execute</method>
      <line>110</line>
    </frame>
    <frame>
      <class>com.kms.katalon.core.main.TestCaseMain</class>
      <method>startTestSuite</method>
      <line>205</line>
    </frame>
    <frame>
      <class>org.codehaus.groovy.vmplugin.v8.IndyInterface</class>
      <method>fromCache</method>
      <line>318</line>
    </frame>
    <frame>
      <class>TempTestSuite1767674856199</class>
      <method>run</method>
      <line>35</line>
    </frame>
    <frame>
      <class>groovy.lang.GroovyShell</class>
      <method>runScriptOrMainOrTestOrRunnable</method>
      <line>254</line>
    </frame>
    <frame>
      <class>groovy.lang.GroovyShell</class>
      <method>run</method>
      <line>360</line>
    </frame>
    <frame>
      <class>groovy.lang.GroovyShell</class>
      <method>run</method>
      <line>349</line>
    </frame>
    <frame>
      <class>groovy.ui.GroovyMain</class>
      <method>processOnce</method>
      <line>652</line>
    </frame>
    <frame>
      <class>groovy.ui.GroovyMain</class>
      <method>run</method>
      <line>398</line>
    </frame>
    <frame>
      <class>groovy.ui.GroovyMain</class>
      <method>access$1400</method>
      <line>68</line>
    </frame>
    <frame>
      <class>groovy.ui.GroovyMain$GroovyCommand</class>
      <method>process</method>
      <line>322</line>
    </frame>
    <frame>
      <class>groovy.ui.GroovyMain</class>
      <method>processArgs</method>
      <line>142</line>
    </frame>
    <frame>
      <class>groovy.ui.GroovyMain</class>
      <method>main</method>
      <line>115</line>
    </frame>
    <frame>
      <class>jdk.internal.reflect.NativeMethodAccessorImpl</class>
      <method>invoke0</method>
    </frame>
    <frame>
      <class>jdk.internal.reflect.NativeMethodAccessorImpl</class>
      <method>invoke</method>
      <line>77</line>
    </frame>
    <frame>
      <class>jdk.internal.reflect.DelegatingMethodAccessorImpl</class>
      <method>invoke</method>
      <line>43</line>
    </frame>
    <frame>
      <class>java.lang.reflect.Method</class>
      <method>invoke</method>
      <line>569</line>
    </frame>
    <frame>
      <class>org.codehaus.groovy.tools.GroovyStarter</class>
      <method>rootLoader</method>
      <line>117</line>
    </frame>
    <frame>
      <class>org.codehaus.groovy.tools.GroovyStarter</class>
      <method>main</method>
      <line>39</line>
    </frame>
  </exception>
  <nestedLevel>0</nestedLevel>
  <escapedJava>false</escapedJava>
  <property name="failed.exception.stacktrace">org.openqa.selenium.SessionNotCreatedException: Could not start a new session. Response code 500. Message: session not created: Chrome failed to start: crashed.
  (session not created: DevToolsActivePort file doesn&apos;t exist)
  (The process started from chrome location C:\Program Files\Google\Chrome\Application\chrome.exe is no longer running, so ChromeDriver is assuming that Chrome has crashed.) 
Host info: host: &apos;WINDOWS-10&apos;, ip: &apos;192.168.126.20&apos;
Build info: version: &apos;4.34.0&apos;, revision: &apos;707dcb4246*&apos;
System info: os.name: &apos;Windows 10&apos;, os.arch: &apos;amd64&apos;, os.version: &apos;10.0&apos;, java.version: &apos;17.0.14&apos;
Driver info: com.kms.katalon.selenium.driver.CChromeDriver
Command: [null, newSession {capabilities=[Capabilities {browserName: chrome, goog:chromeOptions: {args: [disable-features=DisableLoa..., --user-data-dir=C:\QA\Profi..., --profile-directory=Default], extensions: []}, unhandledPromptBehavior: {alert: ignore, beforeUnload: ignore, confirm: ignore, default: ignore, file: ignore, prompt: ignore}, webSocketUrl: true}]}]
	at org.openqa.selenium.remote.ProtocolHandshake.createSession(ProtocolHandshake.java:114)
	at org.openqa.selenium.remote.ProtocolHandshake.createSession(ProtocolHandshake.java:75)
	at org.openqa.selenium.remote.ProtocolHandshake.createSession(ProtocolHandshake.java:61)
	at org.openqa.selenium.remote.HttpCommandExecutor.execute(HttpCommandExecutor.java:187)
	at org.openqa.selenium.remote.service.DriverCommandExecutor.invokeExecute(DriverCommandExecutor.java:216)
	at org.openqa.selenium.remote.service.DriverCommandExecutor.execute(DriverCommandExecutor.java:174)
	at org.openqa.selenium.remote.RemoteWebDriver.execute(RemoteWebDriver.java:544)
	at org.openqa.selenium.remote.RemoteWebDriver.startSession(RemoteWebDriver.java:244)
	at org.openqa.selenium.remote.RemoteWebDriver.&lt;init&gt;(RemoteWebDriver.java:173)
	at org.openqa.selenium.chromium.ChromiumDriver.&lt;init&gt;(ChromiumDriver.java:110)
	at org.openqa.selenium.chrome.ChromeDriver.&lt;init&gt;(ChromeDriver.java:88)
	at org.openqa.selenium.chrome.ChromeDriver.&lt;init&gt;(ChromeDriver.java:83)
	at org.openqa.selenium.chrome.ChromeDriver.&lt;init&gt;(ChromeDriver.java:72)
	at com.kms.katalon.selenium.driver.CChromeDriver.&lt;init&gt;(CChromeDriver.java:15)
	at com.kms.katalon.core.webui.driver.chrome.ChromeDriverBuilder.createDriver(ChromeDriverBuilder.java:60)
	at com.kms.katalon.core.webui.driver.AbstractDriverBuilder.build(AbstractDriverBuilder.java:53)
	at com.kms.katalon.core.webui.driver.DriverFactory.startNewBrowser(DriverFactory.java:247)
	at com.kms.katalon.core.webui.driver.DriverFactory.openWebDriver(DriverFactory.java:149)
	at com.kms.katalon.core.webui.keyword.builtin.OpenBrowserKeyword$_openBrowser_closure1.doCall(OpenBrowserKeyword.groovy:44)
	at com.kms.katalon.core.webui.keyword.builtin.OpenBrowserKeyword$_openBrowser_closure1.call(OpenBrowserKeyword.groovy)
	at com.kms.katalon.core.webui.keyword.internal.WebUIKeywordMain.runKeyword(WebUIKeywordMain.groovy:41)
	at com.kms.katalon.core.webui.keyword.builtin.OpenBrowserKeyword.openBrowser(OpenBrowserKeyword.groovy:55)
	at com.kms.katalon.core.webui.keyword.builtin.OpenBrowserKeyword.execute(OpenBrowserKeyword.groovy:37)
	at com.kms.katalon.core.keyword.internal.KeywordExecutor.executeKeywordForPlatform(KeywordExecutor.groovy:90)
	at com.kms.katalon.core.webui.keyword.WebUiBuiltInKeywords.openBrowser(WebUiBuiltInKeywords.groovy:62)
	at LG-01.run(LG-01:19)
	at com.kms.katalon.core.main.ScriptEngine.run(ScriptEngine.java:194)
	at com.kms.katalon.core.main.ScriptEngine.runScriptAsRawText(ScriptEngine.java:119)
	at com.kms.katalon.core.main.TestCaseExecutor.runScript(TestCaseExecutor.java:490)
	at com.kms.katalon.core.main.TestCaseExecutor.doExecute(TestCaseExecutor.java:481)
	at com.kms.katalon.core.main.TestCaseExecutor.processExecutionPhase(TestCaseExecutor.java:460)
	at com.kms.katalon.core.main.TestCaseExecutor.accessMainPhase(TestCaseExecutor.java:452)
	at com.kms.katalon.core.main.TestCaseExecutor.execute(TestCaseExecutor.java:322)
	at com.kms.katalon.core.main.TestCaseMain.runTestCase(TestCaseMain.java:151)
	at com.kms.katalon.core.keyword.builtin.CallTestCaseKeyword$_callTestCase_closure1.doCall(CallTestCaseKeyword.groovy:59)
	at com.kms.katalon.core.keyword.builtin.CallTestCaseKeyword$_callTestCase_closure1.call(CallTestCaseKeyword.groovy)
	at com.kms.katalon.core.keyword.internal.KeywordMain.runKeyword(KeywordMain.groovy:75)
	at com.kms.katalon.core.keyword.builtin.CallTestCaseKeyword.callTestCase(CallTestCaseKeyword.groovy:81)
	at com.kms.katalon.core.keyword.builtin.CallTestCaseKeyword.execute(CallTestCaseKeyword.groovy:44)
	at com.kms.katalon.core.keyword.internal.KeywordExecutor.executeKeywordForPlatform(KeywordExecutor.groovy:90)
	at com.kms.katalon.core.keyword.BuiltinKeywords.callTestCase(BuiltinKeywords.groovy:310)
	at java.base/jdk.internal.reflect.NativeMethodAccessorImpl.invoke0(Native Method)
	at java.base/jdk.internal.reflect.NativeMethodAccessorImpl.invoke(NativeMethodAccessorImpl.java:77)
	at java.base/jdk.internal.reflect.DelegatingMethodAccessorImpl.invoke(DelegatingMethodAccessorImpl.java:43)
	at TC1.1.run(TC1.1:42)
	at com.kms.katalon.core.main.ScriptEngine.run(ScriptEngine.java:194)
	at com.kms.katalon.core.main.ScriptEngine.runScriptAsRawText(ScriptEngine.java:119)
	at com.kms.katalon.core.main.TestCaseExecutor.runScript(TestCaseExecutor.java:490)
	at com.kms.katalon.core.main.TestCaseExecutor.doExecute(TestCaseExecutor.java:481)
	at com.kms.katalon.core.main.TestCaseExecutor.processExecutionPhase(TestCaseExecutor.java:460)
	at com.kms.katalon.core.main.TestCaseExecutor.accessMainPhase(TestCaseExecutor.java:452)
	at com.kms.katalon.core.main.TestCaseExecutor.execute(TestCaseExecutor.java:322)
	at com.kms.katalon.core.common.CommonExecutor.accessTestCaseMainPhase(CommonExecutor.java:71)
	at com.kms.katalon.core.main.TestSuiteExecutor.accessTestSuiteMainPhase(TestSuiteExecutor.java:153)
	at com.kms.katalon.core.main.TestSuiteExecutor.execute(TestSuiteExecutor.java:110)
	at com.kms.katalon.core.main.TestCaseMain.startTestSuite(TestCaseMain.java:205)
	at TempTestSuite1767674856199.run(TempTestSuite1767674856199.groovy:35)
	at java.base/jdk.internal.reflect.NativeMethodAccessorImpl.invoke0(Native Method)
	at java.base/jdk.internal.reflect.NativeMethodAccessorImpl.invoke(NativeMethodAccessorImpl.java:77)
	at java.base/jdk.internal.reflect.DelegatingMethodAccessorImpl.invoke(DelegatingMethodAccessorImpl.java:43)
</property>
  <property name="failed.exception.class">org.openqa.selenium.SessionNotCreatedException</property>
  <property name="failed.exception.message">Could not start a new session. Response code 500. Message: session not created: Chrome failed to start: crashed.
  (session not created: DevToolsActivePort file doesn&apos;t exist)
  (The process started from chrome location C:\Program Files\Google\Chrome\Application\chrome.exe is no longer running, so ChromeDriver is assuming that Chrome has crashed.) 
Host info: host: &apos;WINDOWS-10&apos;, ip: &apos;192.168.126.20&apos;
Build info: version: &apos;4.34.0&apos;, revision: &apos;707dcb4246*&apos;
System info: os.name: &apos;Windows 10&apos;, os.arch: &apos;amd64&apos;, os.version: &apos;10.0&apos;, java.version: &apos;17.0.14&apos;
Driver info: com.kms.katalon.selenium.driver.CChromeDriver
Command: [null, newSession {capabilities=[Capabilities {browserName: chrome, goog:chromeOptions: {args: [disable-features=DisableLoa..., --user-data-dir=C:\QA\Profi..., --profile-directory=Default], extensions: []}, unhandledPromptBehavior: {alert: ignore, beforeUnload: ignore, confirm: ignore, default: ignore, file: ignore, prompt: ignore}, webSocketUrl: true}]}]</property>
</record>
<record>
  <date>2026-01-06T04:47:43.515838700Z</date>
  <millis>1767674863515</millis>
  <nanos>838700</nanos>
  <sequence>69</sequence>
  <level>END</level>
  <class>com.kms.katalon.core.logging.XmlKeywordLogger</class>
  <method>endTest</method>
  <thread>1</thread>
  <message>End Test Case : Test Cases/CO/TC1.1</message>
  <nestedLevel>0</nestedLevel>
  <escapedJava>false</escapedJava>
  <property name="executionBindingVariables">[]</property>
  <property name="applitools">false</property>
  <property name="remainingRetryCount">3</property>
  <property name="executedKeywords">{
  &quot;BuiltIn.callTestCase&quot;: 1,
  &quot;WebUI.openBrowser&quot;: 1
}</property>
  <property name="currentRetryCount">0</property>
  <property name="keywordsUsage">{
  &quot;web_ui&quot;: true,
  &quot;web_service&quot;: false,
  &quot;cucumber&quot;: false,
  &quot;builtin&quot;: true,
  &quot;mobile&quot;: false,
  &quot;windows&quot;: false,
  &quot;testng&quot;: false
}</property>
</record>
<record>
  <date>2026-01-06T04:47:43.523840200Z</date>
  <millis>1767674863523</millis>
  <nanos>840200</nanos>
  <sequence>70</sequence>
  <level>START</level>
  <class>com.kms.katalon.core.logging.XmlKeywordLogger</class>
  <method>startTest</method>
  <thread>1</thread>
  <message>Start Test Case : Test Cases/CO/TC1.1</message>
  <nestedLevel>1</nestedLevel>
  <escapedJava>false</escapedJava>
  <property name="remainingRetryCount">2</property>
  <property name="origin"></property>
  <property name="name">Test Cases/CO/TC1.1</property>
  <property name="description"></property>
  <property name="iteration"></property>
  <property name="id">Test Cases/CO/TC1.1</property>
  <property name="source">C:\Users\Administrator\git\magiq\Test Cases\CO\TC1.1.tc</property>
  <property name="tag"></property>
  <property name="isOptional">false</property>
  <property name="currentRetryCount">1</property>
</record>
<record>
  <date>2026-01-06T04:47:43.558847800Z</date>
  <millis>1767674863558</millis>
  <nanos>847800</nanos>
  <sequence>72</sequence>
  <level>START</level>
  <class>com.kms.katalon.core.logging.XmlKeywordLogger</class>
  <method>startKeyword</method>
  <thread>1</thread>
  <message>Start action : callTestCase(findTestCase(&amp;quot;Login/LG-01&amp;quot;), [:], STOP_ON_FAILURE)</message>
  <nestedLevel>1</nestedLevel>
  <escapedJava>false</escapedJava>
  <property name="startLine">42</property>
  <property name="stepIndex">1</property>
</record>
<record>
  <date>2026-01-06T04:47:43.633838200Z</date>
  <millis>1767674863633</millis>
  <nanos>838200</nanos>
  <sequence>76</sequence>
  <level>START</level>
  <class>com.kms.katalon.core.logging.XmlKeywordLogger</class>
  <method>startTest</method>
  <thread>1</thread>
  <message>Start Test Case : Test Cases/Login/LG-01</message>
  <nestedLevel>2</nestedLevel>
  <escapedJava>false</escapedJava>
  <property name="origin"></property>
  <property name="name">Test Cases/Login/LG-01</property>
  <property name="description"></property>
  <property name="iteration"></property>
  <property name="id">Test Cases/Login/LG-01</property>
  <property name="source">C:\Users\Administrator\git\magiq\Test Cases\Login\LG-01.tc</property>
  <property name="tag"></property>
  <property name="isOptional">false</property>
</record>
<record>
  <date>2026-01-06T04:47:43.673841800Z</date>
  <millis>1767674863673</millis>
  <nanos>841800</nanos>
  <sequence>78</sequence>
  <level>START</level>
  <class>com.kms.katalon.core.logging.XmlKeywordLogger</class>
  <method>startKeyword</method>
  <thread>1</thread>
  <message>Start action : LOCAL_PAGELOAD = 300</message>
  <nestedLevel>1</nestedLevel>
  <escapedJava>false</escapedJava>
  <property name="startLine">10</property>
  <property name="stepIndex">1</property>
</record>
<record>
  <date>2026-01-06T04:47:43.674844100Z</date>
  <millis>1767674863674</millis>
  <nanos>844100</nanos>
  <sequence>79</sequence>
  <level>END</level>
  <class>com.kms.katalon.core.logging.XmlKeywordLogger</class>
  <method>endKeyword</method>
  <thread>1</thread>
  <message>End action : LOCAL_PAGELOAD = 300</message>
  <nestedLevel>1</nestedLevel>
  <escapedJava>false</escapedJava>
</record>
<record>
  <date>2026-01-06T04:47:43.675843200Z</date>
  <millis>1767674863675</millis>
  <nanos>843200</nanos>
  <sequence>80</sequence>
  <level>START</level>
  <class>com.kms.katalon.core.logging.XmlKeywordLogger</class>
  <method>startKeyword</method>
  <thread>1</thread>
  <message>Start action : WAIT_ELEMENT_BEFORE_RELOAD = 120</message>
  <nestedLevel>1</nestedLevel>
  <escapedJava>false</escapedJava>
  <property name="startLine">11</property>
  <property name="stepIndex">2</property>
</record>
<record>
  <date>2026-01-06T04:47:43.676845400Z</date>
  <millis>1767674863676</millis>
  <nanos>845400</nanos>
  <sequence>81</sequence>
  <level>END</level>
  <class>com.kms.katalon.core.logging.XmlKeywordLogger</class>
  <method>endKeyword</method>
  <thread>1</thread>
  <message>End action : WAIT_ELEMENT_BEFORE_RELOAD = 120</message>
  <nestedLevel>1</nestedLevel>
  <escapedJava>false</escapedJava>
</record>
<record>
  <date>2026-01-06T04:47:43.676845400Z</date>
  <millis>1767674863676</millis>
  <nanos>845400</nanos>
  <sequence>82</sequence>
  <level>START</level>
  <class>com.kms.katalon.core.logging.XmlKeywordLogger</class>
  <method>startKeyword</method>
  <thread>1</thread>
  <message>Start action : MAX_RELOAD_ATTEMPTS = 5</message>
  <nestedLevel>1</nestedLevel>
  <escapedJava>false</escapedJava>
  <property name="startLine">12</property>
  <property name="stepIndex">3</property>
</record>
<record>
  <date>2026-01-06T04:47:43.677844500Z</date>
  <millis>1767674863677</millis>
  <nanos>844500</nanos>
  <sequence>83</sequence>
  <level>END</level>
  <class>com.kms.katalon.core.logging.XmlKeywordLogger</class>
  <method>endKeyword</method>
  <thread>1</thread>
  <message>End action : MAX_RELOAD_ATTEMPTS = 5</message>
  <nestedLevel>1</nestedLevel>
  <escapedJava>false</escapedJava>
</record>
<record>
  <date>2026-01-06T04:47:43.678845500Z</date>
  <millis>1767674863678</millis>
  <nanos>845500</nanos>
  <sequence>84</sequence>
  <level>START</level>
  <class>com.kms.katalon.core.logging.XmlKeywordLogger</class>
  <method>startKeyword</method>
  <thread>1</thread>
  <message>Start action : AFTER_LOGIN_WAIT = 120</message>
  <nestedLevel>1</nestedLevel>
  <escapedJava>false</escapedJava>
  <property name="startLine">13</property>
  <property name="stepIndex">4</property>
</record>
<record>
  <date>2026-01-06T04:47:43.679844600Z</date>
  <millis>1767674863679</millis>
  <nanos>844600</nanos>
  <sequence>85</sequence>
  <level>END</level>
  <class>com.kms.katalon.core.logging.XmlKeywordLogger</class>
  <method>endKeyword</method>
  <thread>1</thread>
  <message>End action : AFTER_LOGIN_WAIT = 120</message>
  <nestedLevel>1</nestedLevel>
  <escapedJava>false</escapedJava>
</record>
<record>
  <date>2026-01-06T04:47:43.680842700Z</date>
  <millis>1767674863680</millis>
  <nanos>842700</nanos>
  <sequence>86</sequence>
  <level>START</level>
  <class>com.kms.katalon.core.logging.XmlKeywordLogger</class>
  <method>startKeyword</method>
  <thread>1</thread>
  <message>Start action : SHORT = 5</message>
  <nestedLevel>1</nestedLevel>
  <escapedJava>false</escapedJava>
  <property name="startLine">14</property>
  <property name="stepIndex">5</property>
</record>
<record>
  <date>2026-01-06T04:47:43.680842700Z</date>
  <millis>1767674863680</millis>
  <nanos>842700</nanos>
  <sequence>87</sequence>
  <level>END</level>
  <class>com.kms.katalon.core.logging.XmlKeywordLogger</class>
  <method>endKeyword</method>
  <thread>1</thread>
  <message>End action : SHORT = 5</message>
  <nestedLevel>1</nestedLevel>
  <escapedJava>false</escapedJava>
</record>
<record>
  <date>2026-01-06T04:47:43.681850900Z</date>
  <millis>1767674863681</millis>
  <nanos>850900</nanos>
  <sequence>88</sequence>
  <level>START</level>
  <class>com.kms.katalon.core.logging.XmlKeywordLogger</class>
  <method>startKeyword</method>
  <thread>1</thread>
  <message>Start action : MEDIUM = 15</message>
  <nestedLevel>1</nestedLevel>
  <escapedJava>false</escapedJava>
  <property name="startLine">15</property>
  <property name="stepIndex">6</property>
</record>
<record>
  <date>2026-01-06T04:47:43.682842200Z</date>
  <millis>1767674863682</millis>
  <nanos>842200</nanos>
  <sequence>89</sequence>
  <level>END</level>
  <class>com.kms.katalon.core.logging.XmlKeywordLogger</class>
  <method>endKeyword</method>
  <thread>1</thread>
  <message>End action : MEDIUM = 15</message>
  <nestedLevel>1</nestedLevel>
  <escapedJava>false</escapedJava>
</record>
<record>
  <date>2026-01-06T04:47:43.682842200Z</date>
  <millis>1767674863682</millis>
  <nanos>842200</nanos>
  <sequence>90</sequence>
  <level>START</level>
  <class>com.kms.katalon.core.logging.XmlKeywordLogger</class>
  <method>startKeyword</method>
  <thread>1</thread>
  <message>Start action : LONG = 30</message>
  <nestedLevel>1</nestedLevel>
  <escapedJava>false</escapedJava>
  <property name="startLine">16</property>
  <property name="stepIndex">7</property>
</record>
<record>
  <date>2026-01-06T04:47:43.683841500Z</date>
  <millis>1767674863683</millis>
  <nanos>841500</nanos>
  <sequence>91</sequence>
  <level>END</level>
  <class>com.kms.katalon.core.logging.XmlKeywordLogger</class>
  <method>endKeyword</method>
  <thread>1</thread>
  <message>End action : LONG = 30</message>
  <nestedLevel>1</nestedLevel>
  <escapedJava>false</escapedJava>
</record>
<record>
  <date>2026-01-06T04:47:43.683841500Z</date>
  <millis>1767674863683</millis>
  <nanos>841500</nanos>
  <sequence>92</sequence>
  <level>START</level>
  <class>com.kms.katalon.core.logging.XmlKeywordLogger</class>
  <method>startKeyword</method>
  <thread>1</thread>
  <message>Start action : openBrowser(&amp;quot;&amp;quot;)</message>
  <nestedLevel>1</nestedLevel>
  <escapedJava>false</escapedJava>
  <property name="startLine">19</property>
  <property name="stepIndex">8</property>
</record>
<record>
  <date>2026-01-06T04:47:43.689845900Z</date>
  <millis>1767674863689</millis>
  <nanos>845900</nanos>
  <sequence>95</sequence>
  <level>INFO</level>
  <class>com.kms.katalon.core.logging.XmlKeywordLogger</class>
  <method>logMessage</method>
  <thread>1</thread>
  <message>Starting &amp;apos;Chrome&amp;apos; driver</message>
  <nestedLevel>2</nestedLevel>
  <escapedJava>false</escapedJava>
</record>
<record>
  <date>2026-01-06T04:47:43.690840700Z</date>
  <millis>1767674863690</millis>
  <nanos>840700</nanos>
  <sequence>96</sequence>
  <level>INFO</level>
  <class>com.kms.katalon.core.logging.XmlKeywordLogger</class>
  <method>logMessage</method>
  <thread>1</thread>
  <message>User set preference: [&amp;apos;args&amp;apos;, &amp;apos;[--user-data-dir=C:\QA\Profiles\KatalonChrome, --profile-directory=Default]&amp;apos;]</message>
  <nestedLevel>2</nestedLevel>
  <escapedJava>false</escapedJava>
</record>
<record>
  <date>2026-01-06T04:47:43.691841700Z</date>
  <millis>1767674863691</millis>
  <nanos>841700</nanos>
  <sequence>97</sequence>
  <level>INFO</level>
  <class>com.kms.katalon.core.logging.XmlKeywordLogger</class>
  <method>logMessage</method>
  <thread>1</thread>
  <message>Action delay is set to 0 milliseconds</message>
  <nestedLevel>2</nestedLevel>
  <escapedJava>false</escapedJava>
</record>
<record>
  <date>2026-01-06T04:47:43.930133400Z</date>
  <millis>1767674863930</millis>
  <nanos>133400</nanos>
  <sequence>101</sequence>
  <level>FAILED</level>
  <class>com.kms.katalon.core.logging.XmlKeywordLogger</class>
  <method>logMessage</method>
  <thread>1</thread>
  <message>Unable to open browser with url: &amp;apos;&amp;apos; (Root cause: com.kms.katalon.core.exception.StepFailedException: Unable to open browser with url: &amp;apos;&amp;apos;
	at com.kms.katalon.core.webui.keyword.internal.WebUIKeywordMain.stepFailed(WebUIKeywordMain.groovy:177)
	at com.kms.katalon.core.webui.keyword.internal.WebUIKeywordMain.runKeyword(WebUIKeywordMain.groovy:49)
	at com.kms.katalon.core.webui.keyword.builtin.OpenBrowserKeyword.openBrowser(OpenBrowserKeyword.groovy:55)
	at com.kms.katalon.core.webui.keyword.builtin.OpenBrowserKeyword.execute(OpenBrowserKeyword.groovy:37)
	at com.kms.katalon.core.keyword.internal.KeywordExecutor.executeKeywordForPlatform(KeywordExecutor.groovy:90)
	at com.kms.katalon.core.webui.keyword.WebUiBuiltInKeywords.openBrowser(WebUiBuiltInKeywords.groovy:62)
	at LG-01.run(LG-01:19)
	at com.kms.katalon.core.main.ScriptEngine.run(ScriptEngine.java:194)
	at com.kms.katalon.core.main.ScriptEngine.runScriptAsRawText(ScriptEngine.java:119)
	at com.kms.katalon.core.main.TestCaseExecutor.runScript(TestCaseExecutor.java:490)
	at com.kms.katalon.core.main.TestCaseExecutor.doExecute(TestCaseExecutor.java:481)
	at com.kms.katalon.core.main.TestCaseExecutor.processExecutionPhase(TestCaseExecutor.java:460)
	at com.kms.katalon.core.main.TestCaseExecutor.accessMainPhase(TestCaseExecutor.java:452)
	at com.kms.katalon.core.main.TestCaseExecutor.execute(TestCaseExecutor.java:322)
	at com.kms.katalon.core.main.TestCaseMain.runTestCase(TestCaseMain.java:151)
	at com.kms.katalon.core.keyword.builtin.CallTestCaseKeyword$_callTestCase_closure1.doCall(CallTestCaseKeyword.groovy:59)
	at com.kms.katalon.core.keyword.builtin.CallTestCaseKeyword$_callTestCase_closure1.call(CallTestCaseKeyword.groovy)
	at com.kms.katalon.core.keyword.internal.KeywordMain.runKeyword(KeywordMain.groovy:75)
	at com.kms.katalon.core.keyword.builtin.CallTestCaseKeyword.callTestCase(CallTestCaseKeyword.groovy:81)
	at com.kms.katalon.core.keyword.builtin.CallTestCaseKeyword.execute(CallTestCaseKeyword.groovy:44)
	at com.kms.katalon.core.keyword.internal.KeywordExecutor.executeKeywordForPlatform(KeywordExecutor.groovy:90)
	at com.kms.katalon.core.keyword.BuiltinKeywords.callTestCase(BuiltinKeywords.groovy:310)
	at java.base/jdk.internal.reflect.NativeMethodAccessorImpl.invoke0(Native Method)
	at java.base/jdk.internal.reflect.NativeMethodAccessorImpl.invoke(NativeMethodAccessorImpl.java:77)
	at java.base/jdk.internal.reflect.DelegatingMethodAccessorImpl.invoke(DelegatingMethodAccessorImpl.java:43)
	at TC1.1.run(TC1.1:42)
	at com.kms.katalon.core.main.ScriptEngine.run(ScriptEngine.java:194)
	at com.kms.katalon.core.main.ScriptEngine.runScriptAsRawText(ScriptEngine.java:119)
	at com.kms.katalon.core.main.TestCaseExecutor.runScript(TestCaseExecutor.java:490)
	at com.kms.katalon.core.main.TestCaseExecutor.doExecute(TestCaseExecutor.java:481)
	at com.kms.katalon.core.main.TestCaseExecutor.processExecutionPhase(TestCaseExecutor.java:460)
	at com.kms.katalon.core.main.TestCaseExecutor.accessMainPhase(TestCaseExecutor.java:452)
	at com.kms.katalon.core.main.TestCaseExecutor.execute(TestCaseExecutor.java:322)
	at com.kms.katalon.core.main.TestCaseExecutor.execute(TestCaseExecutor.java:410)
	at com.kms.katalon.core.common.CommonExecutor.accessTestCaseMainPhase(CommonExecutor.java:71)
	at com.kms.katalon.core.main.TestSuiteExecutor.accessTestSuiteMainPhase(TestSuiteExecutor.java:153)
	at com.kms.katalon.core.main.TestSuiteExecutor.execute(TestSuiteExecutor.java:110)
	at com.kms.katalon.core.main.TestCaseMain.startTestSuite(TestCaseMain.java:205)
	at TempTestSuite1767674856199.run(TempTestSuite1767674856199.groovy:35)
	at java.base/jdk.internal.reflect.NativeMethodAccessorImpl.invoke0(Native Method)
	at java.base/jdk.internal.reflect.NativeMethodAccessorImpl.invoke(NativeMethodAccessorImpl.java:77)
	at java.base/jdk.internal.reflect.DelegatingMethodAccessorImpl.invoke(DelegatingMethodAccessorImpl.java:43)
Caused by: org.openqa.selenium.SessionNotCreatedException: Could not start a new session. Response code 500. Message: session not created: Chrome failed to start: crashed.
  (session not created: DevToolsActivePort file doesn&amp;apos;t exist)
  (The process started from chrome location C:\Program Files\Google\Chrome\Application\chrome.exe is no longer running, so ChromeDriver is assuming that Chrome has crashed.) 
Host info: host: &amp;apos;WINDOWS-10&amp;apos;, ip: &amp;apos;192.168.126.20&amp;apos;
Build info: version: &amp;apos;4.34.0&amp;apos;, revision: &amp;apos;707dcb4246*&amp;apos;
System info: os.name: &amp;apos;Windows 10&amp;apos;, os.arch: &amp;apos;amd64&amp;apos;, os.version: &amp;apos;10.0&amp;apos;, java.version: &amp;apos;17.0.14&amp;apos;
Driver info: com.kms.katalon.selenium.driver.CChromeDriver
Command: [null, newSession {capabilities=[Capabilities {browserName: chrome, goog:chromeOptions: {args: [disable-features=DisableLoa..., --user-data-dir=C:\QA\Profi..., --profile-directory=Default], extensions: []}, unhandledPromptBehavior: {alert: ignore, beforeUnload: ignore, confirm: ignore, default: ignore, file: ignore, prompt: ignore}, webSocketUrl: true}]}]
	at org.openqa.selenium.remote.ProtocolHandshake.createSession(ProtocolHandshake.java:114)
	at org.openqa.selenium.remote.ProtocolHandshake.createSession(ProtocolHandshake.java:75)
	at org.openqa.selenium.remote.ProtocolHandshake.createSession(ProtocolHandshake.java:61)
	at org.openqa.selenium.remote.HttpCommandExecutor.execute(HttpCommandExecutor.java:187)
	at org.openqa.selenium.remote.service.DriverCommandExecutor.invokeExecute(DriverCommandExecutor.java:216)
	at org.openqa.selenium.remote.service.DriverCommandExecutor.execute(DriverCommandExecutor.java:174)
	at org.openqa.selenium.remote.RemoteWebDriver.execute(RemoteWebDriver.java:544)
	at org.openqa.selenium.remote.RemoteWebDriver.startSession(RemoteWebDriver.java:244)
	at org.openqa.selenium.remote.RemoteWebDriver.&amp;lt;init&amp;gt;(RemoteWebDriver.java:173)
	at org.openqa.selenium.chromium.ChromiumDriver.&amp;lt;init&amp;gt;(ChromiumDriver.java:110)
	at org.openqa.selenium.chrome.ChromeDriver.&amp;lt;init&amp;gt;(ChromeDriver.java:88)
	at org.openqa.selenium.chrome.ChromeDriver.&amp;lt;init&amp;gt;(ChromeDriver.java:83)
	at org.openqa.selenium.chrome.ChromeDriver.&amp;lt;init&amp;gt;(ChromeDriver.java:72)
	at com.kms.katalon.selenium.driver.CChromeDriver.&amp;lt;init&amp;gt;(CChromeDriver.java:15)
	at com.kms.katalon.core.webui.driver.chrome.ChromeDriverBuilder.createDriver(ChromeDriverBuilder.java:60)
	at com.kms.katalon.core.webui.driver.AbstractDriverBuilder.build(AbstractDriverBuilder.java:53)
	at com.kms.katalon.core.webui.driver.DriverFactory.startNewBrowser(DriverFactory.java:247)
	at com.kms.katalon.core.webui.driver.DriverFactory.openWebDriver(DriverFactory.java:149)
	at com.kms.katalon.core.webui.keyword.builtin.OpenBrowserKeyword$_openBrowser_closure1.doCall(OpenBrowserKeyword.groovy:44)
	at com.kms.katalon.core.webui.keyword.builtin.OpenBrowserKeyword$_openBrowser_closure1.call(OpenBrowserKeyword.groovy)
	at com.kms.katalon.core.webui.keyword.internal.WebUIKeywordMain.runKeyword(WebUIKeywordMain.groovy:41)
	at com.kms.katalon.core.webui.keyword.builtin.OpenBrowserKeyword.openBrowser(OpenBrowserKeyword.groovy:55)
	at com.kms.katalon.core.webui.keyword.builtin.OpenBrowserKeyword.execute(OpenBrowserKeyword.groovy:37)
	at com.kms.katalon.core.keyword.internal.KeywordExecutor.executeKeywordForPlatform(KeywordExecutor.groovy:90)
	at com.kms.katalon.core.webui.keyword.WebUiBuiltInKeywords.openBrowser(WebUiBuiltInKeywords.groovy:62)
	at Script1767340478096.run(Script1767340478096.groovy:19)
	at com.kms.katalon.core.main.ScriptEngine.run(ScriptEngine.java:194)
	at com.kms.katalon.core.main.ScriptEngine.runScriptAsRawText(ScriptEngine.java:119)
	at com.kms.katalon.core.main.TestCaseExecutor.runScript(TestCaseExecutor.java:490)
	at com.kms.katalon.core.main.TestCaseExecutor.doExecute(TestCaseExecutor.java:481)
	at com.kms.katalon.core.main.TestCaseExecutor.processExecutionPhase(TestCaseExecutor.java:460)
	at com.kms.katalon.core.main.TestCaseExecutor.accessMainPhase(TestCaseExecutor.java:452)
	at com.kms.katalon.core.main.TestCaseExecutor.execute(TestCaseExecutor.java:322)
	at com.kms.katalon.core.main.TestCaseMain.runTestCase(TestCaseMain.java:151)
	at com.kms.katalon.core.keyword.builtin.CallTestCaseKeyword$_callTestCase_closure1.doCall(CallTestCaseKeyword.groovy:59)
	at com.kms.katalon.core.keyword.builtin.CallTestCaseKeyword$_callTestCase_closure1.call(CallTestCaseKeyword.groovy)
	at com.kms.katalon.core.keyword.internal.KeywordMain.runKeyword(KeywordMain.groovy:75)
	at com.kms.katalon.core.keyword.builtin.CallTestCaseKeyword.callTestCase(CallTestCaseKeyword.groovy:81)
	at com.kms.katalon.core.keyword.builtin.CallTestCaseKeyword.execute(CallTestCaseKeyword.groovy:44)
	at com.kms.katalon.core.keyword.internal.KeywordExecutor.executeKeywordForPlatform(KeywordExecutor.groovy:90)
	at com.kms.katalon.core.keyword.BuiltinKeywords.callTestCase(BuiltinKeywords.groovy:310)
	at java.base/jdk.internal.reflect.NativeMethodAccessorImpl.invoke0(Native Method)
	at java.base/jdk.internal.reflect.NativeMethodAccessorImpl.invoke(NativeMethodAccessorImpl.java:77)
	at java.base/jdk.internal.reflect.DelegatingMethodAccessorImpl.invoke(DelegatingMethodAccessorImpl.java:43)
	at Script1767670064994.run(Script1767670064994.groovy:42)
	... 16 more
)</message>
  <nestedLevel>2</nestedLevel>
  <escapedJava>false</escapedJava>
  <property name="failed.exception.class">org.openqa.selenium.SessionNotCreatedException</property>
  <property name="failed.exception.stacktrace">org.openqa.selenium.SessionNotCreatedException: Could not start a new session. Response code 500. Message: session not created: Chrome failed to start: crashed.
  (session not created: DevToolsActivePort file doesn&apos;t exist)
  (The process started from chrome location C:\Program Files\Google\Chrome\Application\chrome.exe is no longer running, so ChromeDriver is assuming that Chrome has crashed.) 
Host info: host: &apos;WINDOWS-10&apos;, ip: &apos;192.168.126.20&apos;
Build info: version: &apos;4.34.0&apos;, revision: &apos;707dcb4246*&apos;
System info: os.name: &apos;Windows 10&apos;, os.arch: &apos;amd64&apos;, os.version: &apos;10.0&apos;, java.version: &apos;17.0.14&apos;
Driver info: com.kms.katalon.selenium.driver.CChromeDriver
Command: [null, newSession {capabilities=[Capabilities {browserName: chrome, goog:chromeOptions: {args: [disable-features=DisableLoa..., --user-data-dir=C:\QA\Profi..., --profile-directory=Default], extensions: []}, unhandledPromptBehavior: {alert: ignore, beforeUnload: ignore, confirm: ignore, default: ignore, file: ignore, prompt: ignore}, webSocketUrl: true}]}]
	at org.openqa.selenium.remote.ProtocolHandshake.createSession(ProtocolHandshake.java:114)
	at org.openqa.selenium.remote.ProtocolHandshake.createSession(ProtocolHandshake.java:75)
	at org.openqa.selenium.remote.ProtocolHandshake.createSession(ProtocolHandshake.java:61)
	at org.openqa.selenium.remote.HttpCommandExecutor.execute(HttpCommandExecutor.java:187)
	at org.openqa.selenium.remote.service.DriverCommandExecutor.invokeExecute(DriverCommandExecutor.java:216)
	at org.openqa.selenium.remote.service.DriverCommandExecutor.execute(DriverCommandExecutor.java:174)
	at org.openqa.selenium.remote.RemoteWebDriver.execute(RemoteWebDriver.java:544)
	at org.openqa.selenium.remote.RemoteWebDriver.startSession(RemoteWebDriver.java:244)
	at org.openqa.selenium.remote.RemoteWebDriver.&lt;init&gt;(RemoteWebDriver.java:173)
	at org.openqa.selenium.chromium.ChromiumDriver.&lt;init&gt;(ChromiumDriver.java:110)
	at org.openqa.selenium.chrome.ChromeDriver.&lt;init&gt;(ChromeDriver.java:88)
	at org.openqa.selenium.chrome.ChromeDriver.&lt;init&gt;(ChromeDriver.java:83)
	at org.openqa.selenium.chrome.ChromeDriver.&lt;init&gt;(ChromeDriver.java:72)
	at com.kms.katalon.selenium.driver.CChromeDriver.&lt;init&gt;(CChromeDriver.java:15)
	at com.kms.katalon.core.webui.driver.chrome.ChromeDriverBuilder.createDriver(ChromeDriverBuilder.java:60)
	at com.kms.katalon.core.webui.driver.AbstractDriverBuilder.build(AbstractDriverBuilder.java:53)
	at com.kms.katalon.core.webui.driver.DriverFactory.startNewBrowser(DriverFactory.java:247)
	at com.kms.katalon.core.webui.driver.DriverFactory.openWebDriver(DriverFactory.java:149)
	at com.kms.katalon.core.webui.keyword.builtin.OpenBrowserKeyword$_openBrowser_closure1.doCall(OpenBrowserKeyword.groovy:44)
	at com.kms.katalon.core.webui.keyword.builtin.OpenBrowserKeyword$_openBrowser_closure1.call(OpenBrowserKeyword.groovy)
	at com.kms.katalon.core.webui.keyword.internal.WebUIKeywordMain.runKeyword(WebUIKeywordMain.groovy:41)
	at com.kms.katalon.core.webui.keyword.builtin.OpenBrowserKeyword.openBrowser(OpenBrowserKeyword.groovy:55)
	at com.kms.katalon.core.webui.keyword.builtin.OpenBrowserKeyword.execute(OpenBrowserKeyword.groovy:37)
	at com.kms.katalon.core.keyword.internal.KeywordExecutor.executeKeywordForPlatform(KeywordExecutor.groovy:90)
	at com.kms.katalon.core.webui.keyword.WebUiBuiltInKeywords.openBrowser(WebUiBuiltInKeywords.groovy:62)
	at LG-01.run(LG-01:19)
	at com.kms.katalon.core.main.ScriptEngine.run(ScriptEngine.java:194)
	at com.kms.katalon.core.main.ScriptEngine.runScriptAsRawText(ScriptEngine.java:119)
	at com.kms.katalon.core.main.TestCaseExecutor.runScript(TestCaseExecutor.java:490)
	at com.kms.katalon.core.main.TestCaseExecutor.doExecute(TestCaseExecutor.java:481)
	at com.kms.katalon.core.main.TestCaseExecutor.processExecutionPhase(TestCaseExecutor.java:460)
	at com.kms.katalon.core.main.TestCaseExecutor.accessMainPhase(TestCaseExecutor.java:452)
	at com.kms.katalon.core.main.TestCaseExecutor.execute(TestCaseExecutor.java:322)
	at com.kms.katalon.core.main.TestCaseMain.runTestCase(TestCaseMain.java:151)
	at com.kms.katalon.core.keyword.builtin.CallTestCaseKeyword$_callTestCase_closure1.doCall(CallTestCaseKeyword.groovy:59)
	at com.kms.katalon.core.keyword.builtin.CallTestCaseKeyword$_callTestCase_closure1.call(CallTestCaseKeyword.groovy)
	at com.kms.katalon.core.keyword.internal.KeywordMain.runKeyword(KeywordMain.groovy:75)
	at com.kms.katalon.core.keyword.builtin.CallTestCaseKeyword.callTestCase(CallTestCaseKeyword.groovy:81)
	at com.kms.katalon.core.keyword.builtin.CallTestCaseKeyword.execute(CallTestCaseKeyword.groovy:44)
	at com.kms.katalon.core.keyword.internal.KeywordExecutor.executeKeywordForPlatform(KeywordExecutor.groovy:90)
	at com.kms.katalon.core.keyword.BuiltinKeywords.callTestCase(BuiltinKeywords.groovy:310)
	at java.base/jdk.internal.reflect.NativeMethodAccessorImpl.invoke0(Native Method)
	at java.base/jdk.internal.reflect.NativeMethodAccessorImpl.invoke(NativeMethodAccessorImpl.java:77)
	at java.base/jdk.internal.reflect.DelegatingMethodAccessorImpl.invoke(DelegatingMethodAccessorImpl.java:43)
	at TC1.1.run(TC1.1:42)
	at com.kms.katalon.core.main.ScriptEngine.run(ScriptEngine.java:194)
	at com.kms.katalon.core.main.ScriptEngine.runScriptAsRawText(ScriptEngine.java:119)
	at com.kms.katalon.core.main.TestCaseExecutor.runScript(TestCaseExecutor.java:490)
	at com.kms.katalon.core.main.TestCaseExecutor.doExecute(TestCaseExecutor.java:481)
	at com.kms.katalon.core.main.TestCaseExecutor.processExecutionPhase(TestCaseExecutor.java:460)
	at com.kms.katalon.core.main.TestCaseExecutor.accessMainPhase(TestCaseExecutor.java:452)
	at com.kms.katalon.core.main.TestCaseExecutor.execute(TestCaseExecutor.java:322)
	at com.kms.katalon.core.main.TestCaseExecutor.execute(TestCaseExecutor.java:410)
	at com.kms.katalon.core.common.CommonExecutor.accessTestCaseMainPhase(CommonExecutor.java:71)
	at com.kms.katalon.core.main.TestSuiteExecutor.accessTestSuiteMainPhase(TestSuiteExecutor.java:153)
	at com.kms.katalon.core.main.TestSuiteExecutor.execute(TestSuiteExecutor.java:110)
	at com.kms.katalon.core.main.TestCaseMain.startTestSuite(TestCaseMain.java:205)
	at TempTestSuite1767674856199.run(TempTestSuite1767674856199.groovy:35)
	at java.base/jdk.internal.reflect.NativeMethodAccessorImpl.invoke0(Native Method)
	at java.base/jdk.internal.reflect.NativeMethodAccessorImpl.invoke(NativeMethodAccessorImpl.java:77)
	at java.base/jdk.internal.reflect.DelegatingMethodAccessorImpl.invoke(DelegatingMethodAccessorImpl.java:43)
</property>
  <property name="failed.exception.message">Could not start a new session. Response code 500. Message: session not created: Chrome failed to start: crashed.
  (session not created: DevToolsActivePort file doesn&apos;t exist)
  (The process started from chrome location C:\Program Files\Google\Chrome\Application\chrome.exe is no longer running, so ChromeDriver is assuming that Chrome has crashed.) 
Host info: host: &apos;WINDOWS-10&apos;, ip: &apos;192.168.126.20&apos;
Build info: version: &apos;4.34.0&apos;, revision: &apos;707dcb4246*&apos;
System info: os.name: &apos;Windows 10&apos;, os.arch: &apos;amd64&apos;, os.version: &apos;10.0&apos;, java.version: &apos;17.0.14&apos;
Driver info: com.kms.katalon.selenium.driver.CChromeDriver
Command: [null, newSession {capabilities=[Capabilities {browserName: chrome, goog:chromeOptions: {args: [disable-features=DisableLoa..., --user-data-dir=C:\QA\Profi..., --profile-directory=Default], extensions: []}, unhandledPromptBehavior: {alert: ignore, beforeUnload: ignore, confirm: ignore, default: ignore, file: ignore, prompt: ignore}, webSocketUrl: true}]}]</property>
</record>
<record>
  <date>2026-01-06T04:47:43.933132400Z</date>
  <millis>1767674863933</millis>
  <nanos>132400</nanos>
  <sequence>104</sequence>
  <level>END</level>
  <class>com.kms.katalon.core.logging.XmlKeywordLogger</class>
  <method>endKeyword</method>
  <thread>1</thread>
  <message>End action : openBrowser(&amp;quot;&amp;quot;)</message>
  <nestedLevel>1</nestedLevel>
  <escapedJava>false</escapedJava>
</record>
<record>
  <date>2026-01-06T04:47:43.933132400Z</date>
  <millis>1767674863933</millis>
  <nanos>132400</nanos>
  <sequence>107</sequence>
  <level>FAILED</level>
  <class>com.kms.katalon.core.logging.XmlKeywordLogger</class>
  <method>logMessage</method>
  <thread>1</thread>
  <message>Test Cases/Login/LG-01 FAILED.
Reason:
com.kms.katalon.core.exception.StepFailedException: Unable to open browser with url: &amp;apos;&amp;apos;
	at com.kms.katalon.core.webui.keyword.internal.WebUIKeywordMain.stepFailed(WebUIKeywordMain.groovy:177)
	at com.kms.katalon.core.webui.keyword.internal.WebUIKeywordMain.runKeyword(WebUIKeywordMain.groovy:49)
	at com.kms.katalon.core.webui.keyword.builtin.OpenBrowserKeyword.openBrowser(OpenBrowserKeyword.groovy:55)
	at com.kms.katalon.core.webui.keyword.builtin.OpenBrowserKeyword.execute(OpenBrowserKeyword.groovy:37)
	at com.kms.katalon.core.keyword.internal.KeywordExecutor.executeKeywordForPlatform(KeywordExecutor.groovy:90)
	at com.kms.katalon.core.webui.keyword.WebUiBuiltInKeywords.openBrowser(WebUiBuiltInKeywords.groovy:62)
	at LG-01.run(LG-01:19)
	at com.kms.katalon.core.main.ScriptEngine.run(ScriptEngine.java:194)
	at com.kms.katalon.core.main.ScriptEngine.runScriptAsRawText(ScriptEngine.java:119)
	at com.kms.katalon.core.main.TestCaseExecutor.runScript(TestCaseExecutor.java:490)
	at com.kms.katalon.core.main.TestCaseExecutor.doExecute(TestCaseExecutor.java:481)
	at com.kms.katalon.core.main.TestCaseExecutor.processExecutionPhase(TestCaseExecutor.java:460)
	at com.kms.katalon.core.main.TestCaseExecutor.accessMainPhase(TestCaseExecutor.java:452)
	at com.kms.katalon.core.main.TestCaseExecutor.execute(TestCaseExecutor.java:322)
	at com.kms.katalon.core.main.TestCaseMain.runTestCase(TestCaseMain.java:151)
	at com.kms.katalon.core.keyword.builtin.CallTestCaseKeyword$_callTestCase_closure1.doCall(CallTestCaseKeyword.groovy:59)
	at com.kms.katalon.core.keyword.builtin.CallTestCaseKeyword$_callTestCase_closure1.call(CallTestCaseKeyword.groovy)
	at com.kms.katalon.core.keyword.internal.KeywordMain.runKeyword(KeywordMain.groovy:75)
	at com.kms.katalon.core.keyword.builtin.CallTestCaseKeyword.callTestCase(CallTestCaseKeyword.groovy:81)
	at com.kms.katalon.core.keyword.builtin.CallTestCaseKeyword.execute(CallTestCaseKeyword.groovy:44)
	at com.kms.katalon.core.keyword.internal.KeywordExecutor.executeKeywordForPlatform(KeywordExecutor.groovy:90)
	at com.kms.katalon.core.keyword.BuiltinKeywords.callTestCase(BuiltinKeywords.groovy:310)
	at java.base/jdk.internal.reflect.NativeMethodAccessorImpl.invoke0(Native Method)
	at java.base/jdk.internal.reflect.NativeMethodAccessorImpl.invoke(NativeMethodAccessorImpl.java:77)
	at java.base/jdk.internal.reflect.DelegatingMethodAccessorImpl.invoke(DelegatingMethodAccessorImpl.java:43)
	at TC1.1.run(TC1.1:42)
	at com.kms.katalon.core.main.ScriptEngine.run(ScriptEngine.java:194)
	at com.kms.katalon.core.main.ScriptEngine.runScriptAsRawText(ScriptEngine.java:119)
	at com.kms.katalon.core.main.TestCaseExecutor.runScript(TestCaseExecutor.java:490)
	at com.kms.katalon.core.main.TestCaseExecutor.doExecute(TestCaseExecutor.java:481)
	at com.kms.katalon.core.main.TestCaseExecutor.processExecutionPhase(TestCaseExecutor.java:460)
	at com.kms.katalon.core.main.TestCaseExecutor.accessMainPhase(TestCaseExecutor.java:452)
	at com.kms.katalon.core.main.TestCaseExecutor.execute(TestCaseExecutor.java:322)
	at com.kms.katalon.core.main.TestCaseExecutor.execute(TestCaseExecutor.java:410)
	at com.kms.katalon.core.common.CommonExecutor.accessTestCaseMainPhase(CommonExecutor.java:71)
	at com.kms.katalon.core.main.TestSuiteExecutor.accessTestSuiteMainPhase(TestSuiteExecutor.java:153)
	at com.kms.katalon.core.main.TestSuiteExecutor.execute(TestSuiteExecutor.java:110)
	at com.kms.katalon.core.main.TestCaseMain.startTestSuite(TestCaseMain.java:205)
	at TempTestSuite1767674856199.run(TempTestSuite1767674856199.groovy:35)
	at java.base/jdk.internal.reflect.NativeMethodAccessorImpl.invoke0(Native Method)
	at java.base/jdk.internal.reflect.NativeMethodAccessorImpl.invoke(NativeMethodAccessorImpl.java:77)
	at java.base/jdk.internal.reflect.DelegatingMethodAccessorImpl.invoke(DelegatingMethodAccessorImpl.java:43)
Caused by: org.openqa.selenium.SessionNotCreatedException: Could not start a new session. Response code 500. Message: session not created: Chrome failed to start: crashed.
  (session not created: DevToolsActivePort file doesn&amp;apos;t exist)
  (The process started from chrome location C:\Program Files\Google\Chrome\Application\chrome.exe is no longer running, so ChromeDriver is assuming that Chrome has crashed.) 
Host info: host: &amp;apos;WINDOWS-10&amp;apos;, ip: &amp;apos;192.168.126.20&amp;apos;
Build info: version: &amp;apos;4.34.0&amp;apos;, revision: &amp;apos;707dcb4246*&amp;apos;
System info: os.name: &amp;apos;Windows 10&amp;apos;, os.arch: &amp;apos;amd64&amp;apos;, os.version: &amp;apos;10.0&amp;apos;, java.version: &amp;apos;17.0.14&amp;apos;
Driver info: com.kms.katalon.selenium.driver.CChromeDriver
Command: [null, newSession {capabilities=[Capabilities {browserName: chrome, goog:chromeOptions: {args: [disable-features=DisableLoa..., --user-data-dir=C:\QA\Profi..., --profile-directory=Default], extensions: []}, unhandledPromptBehavior: {alert: ignore, beforeUnload: ignore, confirm: ignore, default: ignore, file: ignore, prompt: ignore}, webSocketUrl: true}]}]
	at org.openqa.selenium.remote.ProtocolHandshake.createSession(ProtocolHandshake.java:114)
	at org.openqa.selenium.remote.ProtocolHandshake.createSession(ProtocolHandshake.java:75)
	at org.openqa.selenium.remote.ProtocolHandshake.createSession(ProtocolHandshake.java:61)
	at org.openqa.selenium.remote.HttpCommandExecutor.execute(HttpCommandExecutor.java:187)
	at org.openqa.selenium.remote.service.DriverCommandExecutor.invokeExecute(DriverCommandExecutor.java:216)
	at org.openqa.selenium.remote.service.DriverCommandExecutor.execute(DriverCommandExecutor.java:174)
	at org.openqa.selenium.remote.RemoteWebDriver.execute(RemoteWebDriver.java:544)
	at org.openqa.selenium.remote.RemoteWebDriver.startSession(RemoteWebDriver.java:244)
	at org.openqa.selenium.remote.RemoteWebDriver.&amp;lt;init&amp;gt;(RemoteWebDriver.java:173)
	at org.openqa.selenium.chromium.ChromiumDriver.&amp;lt;init&amp;gt;(ChromiumDriver.java:110)
	at org.openqa.selenium.chrome.ChromeDriver.&amp;lt;init&amp;gt;(ChromeDriver.java:88)
	at org.openqa.selenium.chrome.ChromeDriver.&amp;lt;init&amp;gt;(ChromeDriver.java:83)
	at org.openqa.selenium.chrome.ChromeDriver.&amp;lt;init&amp;gt;(ChromeDriver.java:72)
	at com.kms.katalon.selenium.driver.CChromeDriver.&amp;lt;init&amp;gt;(CChromeDriver.java:15)
	at com.kms.katalon.core.webui.driver.chrome.ChromeDriverBuilder.createDriver(ChromeDriverBuilder.java:60)
	at com.kms.katalon.core.webui.driver.AbstractDriverBuilder.build(AbstractDriverBuilder.java:53)
	at com.kms.katalon.core.webui.driver.DriverFactory.startNewBrowser(DriverFactory.java:247)
	at com.kms.katalon.core.webui.driver.DriverFactory.openWebDriver(DriverFactory.java:149)
	at com.kms.katalon.core.webui.keyword.builtin.OpenBrowserKeyword$_openBrowser_closure1.doCall(OpenBrowserKeyword.groovy:44)
	at com.kms.katalon.core.webui.keyword.builtin.OpenBrowserKeyword$_openBrowser_closure1.call(OpenBrowserKeyword.groovy)
	at com.kms.katalon.core.webui.keyword.internal.WebUIKeywordMain.runKeyword(WebUIKeywordMain.groovy:41)
	... 40 more
</message>
  <exception>
    <message>com.kms.katalon.core.exception.StepFailedException: Unable to open browser with url: ''</message>
    <frame>
      <class>com.kms.katalon.core.logging.XmlKeywordLogger</class>
      <method>logMessage</method>
      <line>512</line>
    </frame>
    <frame>
      <class>com.kms.katalon.core.logging.KeywordLogger</class>
      <method>logMessage</method>
      <line>447</line>
    </frame>
    <frame>
      <class>com.kms.katalon.core.main.TestCaseExecutor</class>
      <method>logError</method>
      <line>599</line>
    </frame>
    <frame>
      <class>com.kms.katalon.core.main.TestCaseExecutor</class>
      <method>onExecutionError</method>
      <line>187</line>
    </frame>
    <frame>
      <class>com.kms.katalon.core.main.TestCaseExecutor</class>
      <method>processExecutionPhase</method>
      <line>470</line>
    </frame>
    <frame>
      <class>com.kms.katalon.core.main.TestCaseExecutor</class>
      <method>accessMainPhase</method>
      <line>452</line>
    </frame>
    <frame>
      <class>com.kms.katalon.core.main.TestCaseExecutor</class>
      <method>execute</method>
      <line>322</line>
    </frame>
    <frame>
      <class>com.kms.katalon.core.main.TestCaseMain</class>
      <method>runTestCase</method>
      <line>151</line>
    </frame>
    <frame>
      <class>com.kms.katalon.core.keyword.builtin.CallTestCaseKeyword$_callTestCase_closure1</class>
      <method>doCall</method>
      <line>59</line>
    </frame>
    <frame>
      <class>com.kms.katalon.core.keyword.builtin.CallTestCaseKeyword$_callTestCase_closure1</class>
      <method>call</method>
    </frame>
    <frame>
      <class>com.kms.katalon.core.keyword.internal.KeywordMain</class>
      <method>runKeyword</method>
      <line>75</line>
    </frame>
    <frame>
      <class>com.kms.katalon.core.keyword.builtin.CallTestCaseKeyword</class>
      <method>callTestCase</method>
      <line>81</line>
    </frame>
    <frame>
      <class>com.kms.katalon.core.keyword.builtin.CallTestCaseKeyword</class>
      <method>execute</method>
      <line>44</line>
    </frame>
    <frame>
      <class>com.kms.katalon.core.keyword.internal.KeywordExecutor</class>
      <method>executeKeywordForPlatform</method>
      <line>90</line>
    </frame>
    <frame>
      <class>com.kms.katalon.core.keyword.BuiltinKeywords</class>
      <method>callTestCase</method>
      <line>310</line>
    </frame>
    <frame>
      <class>jdk.internal.reflect.NativeMethodAccessorImpl</class>
      <method>invoke0</method>
    </frame>
    <frame>
      <class>jdk.internal.reflect.NativeMethodAccessorImpl</class>
      <method>invoke</method>
      <line>77</line>
    </frame>
    <frame>
      <class>jdk.internal.reflect.DelegatingMethodAccessorImpl</class>
      <method>invoke</method>
      <line>43</line>
    </frame>
    <frame>
      <class>java.lang.reflect.Method</class>
      <method>invoke</method>
      <line>569</line>
    </frame>
    <frame>
      <class>org.codehaus.groovy.reflection.CachedMethod</class>
      <method>invoke</method>
      <line>107</line>
    </frame>
    <frame>
      <class>groovy.lang.MetaMethod</class>
      <method>doMethodInvoke</method>
      <line>323</line>
    </frame>
    <frame>
      <class>groovy.lang.MetaClassImpl</class>
      <method>invokeStaticMethod</method>
      <line>1536</line>
    </frame>
    <frame>
      <class>org.codehaus.groovy.vmplugin.v8.IndyInterface</class>
      <method>fromCache</method>
      <line>318</line>
    </frame>
    <frame>
      <class>Script1767670064994</class>
      <method>run</method>
      <line>42</line>
    </frame>
    <frame>
      <class>com.kms.katalon.core.main.ScriptEngine</class>
      <method>run</method>
      <line>194</line>
    </frame>
    <frame>
      <class>com.kms.katalon.core.main.ScriptEngine</class>
      <method>runScriptAsRawText</method>
      <line>119</line>
    </frame>
    <frame>
      <class>com.kms.katalon.core.main.TestCaseExecutor</class>
      <method>runScript</method>
      <line>490</line>
    </frame>
    <frame>
      <class>com.kms.katalon.core.main.TestCaseExecutor</class>
      <method>doExecute</method>
      <line>481</line>
    </frame>
    <frame>
      <class>com.kms.katalon.core.main.TestCaseExecutor</class>
      <method>processExecutionPhase</method>
      <line>460</line>
    </frame>
    <frame>
      <class>com.kms.katalon.core.main.TestCaseExecutor</class>
      <method>accessMainPhase</method>
      <line>452</line>
    </frame>
    <frame>
      <class>com.kms.katalon.core.main.TestCaseExecutor</class>
      <method>execute</method>
      <line>322</line>
    </frame>
    <frame>
      <class>com.kms.katalon.core.main.TestCaseExecutor</class>
      <method>execute</method>
      <line>410</line>
    </frame>
    <frame>
      <class>com.kms.katalon.core.common.CommonExecutor</class>
      <method>accessTestCaseMainPhase</method>
      <line>71</line>
    </frame>
    <frame>
      <class>com.kms.katalon.core.main.TestSuiteExecutor</class>
      <method>accessTestSuiteMainPhase</method>
      <line>153</line>
    </frame>
    <frame>
      <class>com.kms.katalon.core.main.TestSuiteExecutor</class>
      <method>execute</method>
      <line>110</line>
    </frame>
    <frame>
      <class>com.kms.katalon.core.main.TestCaseMain</class>
      <method>startTestSuite</method>
      <line>205</line>
    </frame>
    <frame>
      <class>org.codehaus.groovy.vmplugin.v8.IndyInterface</class>
      <method>fromCache</method>
      <line>318</line>
    </frame>
    <frame>
      <class>TempTestSuite1767674856199</class>
      <method>run</method>
      <line>35</line>
    </frame>
    <frame>
      <class>groovy.lang.GroovyShell</class>
      <method>runScriptOrMainOrTestOrRunnable</method>
      <line>254</line>
    </frame>
    <frame>
      <class>groovy.lang.GroovyShell</class>
      <method>run</method>
      <line>360</line>
    </frame>
    <frame>
      <class>groovy.lang.GroovyShell</class>
      <method>run</method>
      <line>349</line>
    </frame>
    <frame>
      <class>groovy.ui.GroovyMain</class>
      <method>processOnce</method>
      <line>652</line>
    </frame>
    <frame>
      <class>groovy.ui.GroovyMain</class>
      <method>run</method>
      <line>398</line>
    </frame>
    <frame>
      <class>groovy.ui.GroovyMain</class>
      <method>access$1400</method>
      <line>68</line>
    </frame>
    <frame>
      <class>groovy.ui.GroovyMain$GroovyCommand</class>
      <method>process</method>
      <line>322</line>
    </frame>
    <frame>
      <class>groovy.ui.GroovyMain</class>
      <method>processArgs</method>
      <line>142</line>
    </frame>
    <frame>
      <class>groovy.ui.GroovyMain</class>
      <method>main</method>
      <line>115</line>
    </frame>
    <frame>
      <class>jdk.internal.reflect.NativeMethodAccessorImpl</class>
      <method>invoke0</method>
    </frame>
    <frame>
      <class>jdk.internal.reflect.NativeMethodAccessorImpl</class>
      <method>invoke</method>
      <line>77</line>
    </frame>
    <frame>
      <class>jdk.internal.reflect.DelegatingMethodAccessorImpl</class>
      <method>invoke</method>
      <line>43</line>
    </frame>
    <frame>
      <class>java.lang.reflect.Method</class>
      <method>invoke</method>
      <line>569</line>
    </frame>
    <frame>
      <class>org.codehaus.groovy.tools.GroovyStarter</class>
      <method>rootLoader</method>
      <line>117</line>
    </frame>
    <frame>
      <class>org.codehaus.groovy.tools.GroovyStarter</class>
      <method>main</method>
      <line>39</line>
    </frame>
  </exception>
  <nestedLevel>0</nestedLevel>
  <escapedJava>false</escapedJava>
  <property name="failed.exception.stacktrace">org.openqa.selenium.SessionNotCreatedException: Could not start a new session. Response code 500. Message: session not created: Chrome failed to start: crashed.
  (session not created: DevToolsActivePort file doesn&apos;t exist)
  (The process started from chrome location C:\Program Files\Google\Chrome\Application\chrome.exe is no longer running, so ChromeDriver is assuming that Chrome has crashed.) 
Host info: host: &apos;WINDOWS-10&apos;, ip: &apos;192.168.126.20&apos;
Build info: version: &apos;4.34.0&apos;, revision: &apos;707dcb4246*&apos;
System info: os.name: &apos;Windows 10&apos;, os.arch: &apos;amd64&apos;, os.version: &apos;10.0&apos;, java.version: &apos;17.0.14&apos;
Driver info: com.kms.katalon.selenium.driver.CChromeDriver
Command: [null, newSession {capabilities=[Capabilities {browserName: chrome, goog:chromeOptions: {args: [disable-features=DisableLoa..., --user-data-dir=C:\QA\Profi..., --profile-directory=Default], extensions: []}, unhandledPromptBehavior: {alert: ignore, beforeUnload: ignore, confirm: ignore, default: ignore, file: ignore, prompt: ignore}, webSocketUrl: true}]}]
	at org.openqa.selenium.remote.ProtocolHandshake.createSession(ProtocolHandshake.java:114)
	at org.openqa.selenium.remote.ProtocolHandshake.createSession(ProtocolHandshake.java:75)
	at org.openqa.selenium.remote.ProtocolHandshake.createSession(ProtocolHandshake.java:61)
	at org.openqa.selenium.remote.HttpCommandExecutor.execute(HttpCommandExecutor.java:187)
	at org.openqa.selenium.remote.service.DriverCommandExecutor.invokeExecute(DriverCommandExecutor.java:216)
	at org.openqa.selenium.remote.service.DriverCommandExecutor.execute(DriverCommandExecutor.java:174)
	at org.openqa.selenium.remote.RemoteWebDriver.execute(RemoteWebDriver.java:544)
	at org.openqa.selenium.remote.RemoteWebDriver.startSession(RemoteWebDriver.java:244)
	at org.openqa.selenium.remote.RemoteWebDriver.&lt;init&gt;(RemoteWebDriver.java:173)
	at org.openqa.selenium.chromium.ChromiumDriver.&lt;init&gt;(ChromiumDriver.java:110)
	at org.openqa.selenium.chrome.ChromeDriver.&lt;init&gt;(ChromeDriver.java:88)
	at org.openqa.selenium.chrome.ChromeDriver.&lt;init&gt;(ChromeDriver.java:83)
	at org.openqa.selenium.chrome.ChromeDriver.&lt;init&gt;(ChromeDriver.java:72)
	at com.kms.katalon.selenium.driver.CChromeDriver.&lt;init&gt;(CChromeDriver.java:15)
	at com.kms.katalon.core.webui.driver.chrome.ChromeDriverBuilder.createDriver(ChromeDriverBuilder.java:60)
	at com.kms.katalon.core.webui.driver.AbstractDriverBuilder.build(AbstractDriverBuilder.java:53)
	at com.kms.katalon.core.webui.driver.DriverFactory.startNewBrowser(DriverFactory.java:247)
	at com.kms.katalon.core.webui.driver.DriverFactory.openWebDriver(DriverFactory.java:149)
	at com.kms.katalon.core.webui.keyword.builtin.OpenBrowserKeyword$_openBrowser_closure1.doCall(OpenBrowserKeyword.groovy:44)
	at com.kms.katalon.core.webui.keyword.builtin.OpenBrowserKeyword$_openBrowser_closure1.call(OpenBrowserKeyword.groovy)
	at com.kms.katalon.core.webui.keyword.internal.WebUIKeywordMain.runKeyword(WebUIKeywordMain.groovy:41)
	at com.kms.katalon.core.webui.keyword.builtin.OpenBrowserKeyword.openBrowser(OpenBrowserKeyword.groovy:55)
	at com.kms.katalon.core.webui.keyword.builtin.OpenBrowserKeyword.execute(OpenBrowserKeyword.groovy:37)
	at com.kms.katalon.core.keyword.internal.KeywordExecutor.executeKeywordForPlatform(KeywordExecutor.groovy:90)
	at com.kms.katalon.core.webui.keyword.WebUiBuiltInKeywords.openBrowser(WebUiBuiltInKeywords.groovy:62)
	at LG-01.run(LG-01:19)
	at com.kms.katalon.core.main.ScriptEngine.run(ScriptEngine.java:194)
	at com.kms.katalon.core.main.ScriptEngine.runScriptAsRawText(ScriptEngine.java:119)
	at com.kms.katalon.core.main.TestCaseExecutor.runScript(TestCaseExecutor.java:490)
	at com.kms.katalon.core.main.TestCaseExecutor.doExecute(TestCaseExecutor.java:481)
	at com.kms.katalon.core.main.TestCaseExecutor.processExecutionPhase(TestCaseExecutor.java:460)
	at com.kms.katalon.core.main.TestCaseExecutor.accessMainPhase(TestCaseExecutor.java:452)
	at com.kms.katalon.core.main.TestCaseExecutor.execute(TestCaseExecutor.java:322)
	at com.kms.katalon.core.main.TestCaseMain.runTestCase(TestCaseMain.java:151)
	at com.kms.katalon.core.keyword.builtin.CallTestCaseKeyword$_callTestCase_closure1.doCall(CallTestCaseKeyword.groovy:59)
	at com.kms.katalon.core.keyword.builtin.CallTestCaseKeyword$_callTestCase_closure1.call(CallTestCaseKeyword.groovy)
	at com.kms.katalon.core.keyword.internal.KeywordMain.runKeyword(KeywordMain.groovy:75)
	at com.kms.katalon.core.keyword.builtin.CallTestCaseKeyword.callTestCase(CallTestCaseKeyword.groovy:81)
	at com.kms.katalon.core.keyword.builtin.CallTestCaseKeyword.execute(CallTestCaseKeyword.groovy:44)
	at com.kms.katalon.core.keyword.internal.KeywordExecutor.executeKeywordForPlatform(KeywordExecutor.groovy:90)
	at com.kms.katalon.core.keyword.BuiltinKeywords.callTestCase(BuiltinKeywords.groovy:310)
	at java.base/jdk.internal.reflect.NativeMethodAccessorImpl.invoke0(Native Method)
	at java.base/jdk.internal.reflect.NativeMethodAccessorImpl.invoke(NativeMethodAccessorImpl.java:77)
	at java.base/jdk.internal.reflect.DelegatingMethodAccessorImpl.invoke(DelegatingMethodAccessorImpl.java:43)
	at TC1.1.run(TC1.1:42)
	at com.kms.katalon.core.main.ScriptEngine.run(ScriptEngine.java:194)
	at com.kms.katalon.core.main.ScriptEngine.runScriptAsRawText(ScriptEngine.java:119)
	at com.kms.katalon.core.main.TestCaseExecutor.runScript(TestCaseExecutor.java:490)
	at com.kms.katalon.core.main.TestCaseExecutor.doExecute(TestCaseExecutor.java:481)
	at com.kms.katalon.core.main.TestCaseExecutor.processExecutionPhase(TestCaseExecutor.java:460)
	at com.kms.katalon.core.main.TestCaseExecutor.accessMainPhase(TestCaseExecutor.java:452)
	at com.kms.katalon.core.main.TestCaseExecutor.execute(TestCaseExecutor.java:322)
	at com.kms.katalon.core.main.TestCaseExecutor.execute(TestCaseExecutor.java:410)
	at com.kms.katalon.core.common.CommonExecutor.accessTestCaseMainPhase(CommonExecutor.java:71)
	at com.kms.katalon.core.main.TestSuiteExecutor.accessTestSuiteMainPhase(TestSuiteExecutor.java:153)
	at com.kms.katalon.core.main.TestSuiteExecutor.execute(TestSuiteExecutor.java:110)
	at com.kms.katalon.core.main.TestCaseMain.startTestSuite(TestCaseMain.java:205)
	at TempTestSuite1767674856199.run(TempTestSuite1767674856199.groovy:35)
	at java.base/jdk.internal.reflect.NativeMethodAccessorImpl.invoke0(Native Method)
	at java.base/jdk.internal.reflect.NativeMethodAccessorImpl.invoke(NativeMethodAccessorImpl.java:77)
	at java.base/jdk.internal.reflect.DelegatingMethodAccessorImpl.invoke(DelegatingMethodAccessorImpl.java:43)
</property>
  <property name="failed.exception.class">org.openqa.selenium.SessionNotCreatedException</property>
  <property name="failed.exception.message">Could not start a new session. Response code 500. Message: session not created: Chrome failed to start: crashed.
  (session not created: DevToolsActivePort file doesn&apos;t exist)
  (The process started from chrome location C:\Program Files\Google\Chrome\Application\chrome.exe is no longer running, so ChromeDriver is assuming that Chrome has crashed.) 
Host info: host: &apos;WINDOWS-10&apos;, ip: &apos;192.168.126.20&apos;
Build info: version: &apos;4.34.0&apos;, revision: &apos;707dcb4246*&apos;
System info: os.name: &apos;Windows 10&apos;, os.arch: &apos;amd64&apos;, os.version: &apos;10.0&apos;, java.version: &apos;17.0.14&apos;
Driver info: com.kms.katalon.selenium.driver.CChromeDriver
Command: [null, newSession {capabilities=[Capabilities {browserName: chrome, goog:chromeOptions: {args: [disable-features=DisableLoa..., --user-data-dir=C:\QA\Profi..., --profile-directory=Default], extensions: []}, unhandledPromptBehavior: {alert: ignore, beforeUnload: ignore, confirm: ignore, default: ignore, file: ignore, prompt: ignore}, webSocketUrl: true}]}]</property>
</record>
<record>
  <date>2026-01-06T04:47:43.936136700Z</date>
  <millis>1767674863936</millis>
  <nanos>136700</nanos>
  <sequence>109</sequence>
  <level>END</level>
  <class>com.kms.katalon.core.logging.XmlKeywordLogger</class>
  <method>endTest</method>
  <thread>1</thread>
  <message>End Test Case : Test Cases/Login/LG-01</message>
  <nestedLevel>1</nestedLevel>
  <escapedJava>false</escapedJava>
</record>
<record>
  <date>2026-01-06T04:47:43.938129400Z</date>
  <millis>1767674863938</millis>
  <nanos>129400</nanos>
  <sequence>114</sequence>
  <level>FAILED</level>
  <class>com.kms.katalon.core.logging.XmlKeywordLogger</class>
  <method>logMessage</method>
  <thread>1</thread>
  <message>Unable to call Test Case &amp;apos;Test Cases/Login/LG-01&amp;apos; (Root cause: com.kms.katalon.core.exception.StepFailedException: Call Test Case &amp;apos;Test Cases/Login/LG-01&amp;apos; failed
	at com.kms.katalon.core.keyword.builtin.CallTestCaseKeyword$_callTestCase_closure1.doCall(CallTestCaseKeyword.groovy:63)
	at com.kms.katalon.core.keyword.builtin.CallTestCaseKeyword$_callTestCase_closure1.call(CallTestCaseKeyword.groovy)
	at com.kms.katalon.core.keyword.internal.KeywordMain.runKeyword(KeywordMain.groovy:75)
	at com.kms.katalon.core.keyword.builtin.CallTestCaseKeyword.callTestCase(CallTestCaseKeyword.groovy:81)
	at com.kms.katalon.core.keyword.builtin.CallTestCaseKeyword.execute(CallTestCaseKeyword.groovy:44)
	at com.kms.katalon.core.keyword.internal.KeywordExecutor.executeKeywordForPlatform(KeywordExecutor.groovy:90)
	at com.kms.katalon.core.keyword.BuiltinKeywords.callTestCase(BuiltinKeywords.groovy:310)
	at java.base/jdk.internal.reflect.NativeMethodAccessorImpl.invoke0(Native Method)
	at java.base/jdk.internal.reflect.NativeMethodAccessorImpl.invoke(NativeMethodAccessorImpl.java:77)
	at java.base/jdk.internal.reflect.DelegatingMethodAccessorImpl.invoke(DelegatingMethodAccessorImpl.java:43)
	at TC1.1.run(TC1.1:42)
	at com.kms.katalon.core.main.ScriptEngine.run(ScriptEngine.java:194)
	at com.kms.katalon.core.main.ScriptEngine.runScriptAsRawText(ScriptEngine.java:119)
	at com.kms.katalon.core.main.TestCaseExecutor.runScript(TestCaseExecutor.java:490)
	at com.kms.katalon.core.main.TestCaseExecutor.doExecute(TestCaseExecutor.java:481)
	at com.kms.katalon.core.main.TestCaseExecutor.processExecutionPhase(TestCaseExecutor.java:460)
	at com.kms.katalon.core.main.TestCaseExecutor.accessMainPhase(TestCaseExecutor.java:452)
	at com.kms.katalon.core.main.TestCaseExecutor.execute(TestCaseExecutor.java:322)
	at com.kms.katalon.core.main.TestCaseExecutor.execute(TestCaseExecutor.java:410)
	at com.kms.katalon.core.common.CommonExecutor.accessTestCaseMainPhase(CommonExecutor.java:71)
	at com.kms.katalon.core.main.TestSuiteExecutor.accessTestSuiteMainPhase(TestSuiteExecutor.java:153)
	at com.kms.katalon.core.main.TestSuiteExecutor.execute(TestSuiteExecutor.java:110)
	at com.kms.katalon.core.main.TestCaseMain.startTestSuite(TestCaseMain.java:205)
	at TempTestSuite1767674856199.run(TempTestSuite1767674856199.groovy:35)
	at java.base/jdk.internal.reflect.NativeMethodAccessorImpl.invoke0(Native Method)
	at java.base/jdk.internal.reflect.NativeMethodAccessorImpl.invoke(NativeMethodAccessorImpl.java:77)
	at java.base/jdk.internal.reflect.DelegatingMethodAccessorImpl.invoke(DelegatingMethodAccessorImpl.java:43)
Caused by: com.kms.katalon.core.exception.StepFailedException: Unable to open browser with url: &amp;apos;&amp;apos;
	at com.kms.katalon.core.webui.keyword.internal.WebUIKeywordMain.stepFailed(WebUIKeywordMain.groovy:177)
	at com.kms.katalon.core.webui.keyword.internal.WebUIKeywordMain.runKeyword(WebUIKeywordMain.groovy:49)
	at com.kms.katalon.core.webui.keyword.builtin.OpenBrowserKeyword.openBrowser(OpenBrowserKeyword.groovy:55)
	at com.kms.katalon.core.webui.keyword.builtin.OpenBrowserKeyword.execute(OpenBrowserKeyword.groovy:37)
	at com.kms.katalon.core.keyword.internal.KeywordExecutor.executeKeywordForPlatform(KeywordExecutor.groovy:90)
	at com.kms.katalon.core.webui.keyword.WebUiBuiltInKeywords.openBrowser(WebUiBuiltInKeywords.groovy:62)
	at LG-01.run(LG-01:19)
	at com.kms.katalon.core.main.ScriptEngine.run(ScriptEngine.java:194)
	at com.kms.katalon.core.main.ScriptEngine.runScriptAsRawText(ScriptEngine.java:119)
	at com.kms.katalon.core.main.TestCaseExecutor.runScript(TestCaseExecutor.java:490)
	at com.kms.katalon.core.main.TestCaseExecutor.doExecute(TestCaseExecutor.java:481)
	at com.kms.katalon.core.main.TestCaseExecutor.processExecutionPhase(TestCaseExecutor.java:460)
	at com.kms.katalon.core.main.TestCaseExecutor.accessMainPhase(TestCaseExecutor.java:452)
	at com.kms.katalon.core.main.TestCaseExecutor.execute(TestCaseExecutor.java:322)
	at com.kms.katalon.core.main.TestCaseMain.runTestCase(TestCaseMain.java:151)
	at com.kms.katalon.core.keyword.builtin.CallTestCaseKeyword$_callTestCase_closure1.doCall(CallTestCaseKeyword.groovy:59)
	... 26 more
Caused by: org.openqa.selenium.SessionNotCreatedException: Could not start a new session. Response code 500. Message: session not created: Chrome failed to start: crashed.
  (session not created: DevToolsActivePort file doesn&amp;apos;t exist)
  (The process started from chrome location C:\Program Files\Google\Chrome\Application\chrome.exe is no longer running, so ChromeDriver is assuming that Chrome has crashed.) 
Host info: host: &amp;apos;WINDOWS-10&amp;apos;, ip: &amp;apos;192.168.126.20&amp;apos;
Build info: version: &amp;apos;4.34.0&amp;apos;, revision: &amp;apos;707dcb4246*&amp;apos;
System info: os.name: &amp;apos;Windows 10&amp;apos;, os.arch: &amp;apos;amd64&amp;apos;, os.version: &amp;apos;10.0&amp;apos;, java.version: &amp;apos;17.0.14&amp;apos;
Driver info: com.kms.katalon.selenium.driver.CChromeDriver
Command: [null, newSession {capabilities=[Capabilities {browserName: chrome, goog:chromeOptions: {args: [disable-features=DisableLoa..., --user-data-dir=C:\QA\Profi..., --profile-directory=Default], extensions: []}, unhandledPromptBehavior: {alert: ignore, beforeUnload: ignore, confirm: ignore, default: ignore, file: ignore, prompt: ignore}, webSocketUrl: true}]}]
	at org.openqa.selenium.remote.ProtocolHandshake.createSession(ProtocolHandshake.java:114)
	at org.openqa.selenium.remote.ProtocolHandshake.createSession(ProtocolHandshake.java:75)
	at org.openqa.selenium.remote.ProtocolHandshake.createSession(ProtocolHandshake.java:61)
	at org.openqa.selenium.remote.HttpCommandExecutor.execute(HttpCommandExecutor.java:187)
	at org.openqa.selenium.remote.service.DriverCommandExecutor.invokeExecute(DriverCommandExecutor.java:216)
	at org.openqa.selenium.remote.service.DriverCommandExecutor.execute(DriverCommandExecutor.java:174)
	at org.openqa.selenium.remote.RemoteWebDriver.execute(RemoteWebDriver.java:544)
	at org.openqa.selenium.remote.RemoteWebDriver.startSession(RemoteWebDriver.java:244)
	at org.openqa.selenium.remote.RemoteWebDriver.&amp;lt;init&amp;gt;(RemoteWebDriver.java:173)
	at org.openqa.selenium.chromium.ChromiumDriver.&amp;lt;init&amp;gt;(ChromiumDriver.java:110)
	at org.openqa.selenium.chrome.ChromeDriver.&amp;lt;init&amp;gt;(ChromeDriver.java:88)
	at org.openqa.selenium.chrome.ChromeDriver.&amp;lt;init&amp;gt;(ChromeDriver.java:83)
	at org.openqa.selenium.chrome.ChromeDriver.&amp;lt;init&amp;gt;(ChromeDriver.java:72)
	at com.kms.katalon.selenium.driver.CChromeDriver.&amp;lt;init&amp;gt;(CChromeDriver.java:15)
	at com.kms.katalon.core.webui.driver.chrome.ChromeDriverBuilder.createDriver(ChromeDriverBuilder.java:60)
	at com.kms.katalon.core.webui.driver.AbstractDriverBuilder.build(AbstractDriverBuilder.java:53)
	at com.kms.katalon.core.webui.driver.DriverFactory.startNewBrowser(DriverFactory.java:247)
	at com.kms.katalon.core.webui.driver.DriverFactory.openWebDriver(DriverFactory.java:149)
	at com.kms.katalon.core.webui.keyword.builtin.OpenBrowserKeyword$_openBrowser_closure1.doCall(OpenBrowserKeyword.groovy:44)
	at com.kms.katalon.core.webui.keyword.builtin.OpenBrowserKeyword$_openBrowser_closure1.call(OpenBrowserKeyword.groovy)
	at com.kms.katalon.core.webui.keyword.internal.WebUIKeywordMain.runKeyword(WebUIKeywordMain.groovy:41)
	... 40 more
)</message>
  <nestedLevel>1</nestedLevel>
  <escapedJava>false</escapedJava>
  <property name="failed.exception.class">org.openqa.selenium.SessionNotCreatedException</property>
  <property name="failed.exception.stacktrace">org.openqa.selenium.SessionNotCreatedException: Could not start a new session. Response code 500. Message: session not created: Chrome failed to start: crashed.
  (session not created: DevToolsActivePort file doesn&apos;t exist)
  (The process started from chrome location C:\Program Files\Google\Chrome\Application\chrome.exe is no longer running, so ChromeDriver is assuming that Chrome has crashed.) 
Host info: host: &apos;WINDOWS-10&apos;, ip: &apos;192.168.126.20&apos;
Build info: version: &apos;4.34.0&apos;, revision: &apos;707dcb4246*&apos;
System info: os.name: &apos;Windows 10&apos;, os.arch: &apos;amd64&apos;, os.version: &apos;10.0&apos;, java.version: &apos;17.0.14&apos;
Driver info: com.kms.katalon.selenium.driver.CChromeDriver
Command: [null, newSession {capabilities=[Capabilities {browserName: chrome, goog:chromeOptions: {args: [disable-features=DisableLoa..., --user-data-dir=C:\QA\Profi..., --profile-directory=Default], extensions: []}, unhandledPromptBehavior: {alert: ignore, beforeUnload: ignore, confirm: ignore, default: ignore, file: ignore, prompt: ignore}, webSocketUrl: true}]}]
	at org.openqa.selenium.remote.ProtocolHandshake.createSession(ProtocolHandshake.java:114)
	at org.openqa.selenium.remote.ProtocolHandshake.createSession(ProtocolHandshake.java:75)
	at org.openqa.selenium.remote.ProtocolHandshake.createSession(ProtocolHandshake.java:61)
	at org.openqa.selenium.remote.HttpCommandExecutor.execute(HttpCommandExecutor.java:187)
	at org.openqa.selenium.remote.service.DriverCommandExecutor.invokeExecute(DriverCommandExecutor.java:216)
	at org.openqa.selenium.remote.service.DriverCommandExecutor.execute(DriverCommandExecutor.java:174)
	at org.openqa.selenium.remote.RemoteWebDriver.execute(RemoteWebDriver.java:544)
	at org.openqa.selenium.remote.RemoteWebDriver.startSession(RemoteWebDriver.java:244)
	at org.openqa.selenium.remote.RemoteWebDriver.&lt;init&gt;(RemoteWebDriver.java:173)
	at org.openqa.selenium.chromium.ChromiumDriver.&lt;init&gt;(ChromiumDriver.java:110)
	at org.openqa.selenium.chrome.ChromeDriver.&lt;init&gt;(ChromeDriver.java:88)
	at org.openqa.selenium.chrome.ChromeDriver.&lt;init&gt;(ChromeDriver.java:83)
	at org.openqa.selenium.chrome.ChromeDriver.&lt;init&gt;(ChromeDriver.java:72)
	at com.kms.katalon.selenium.driver.CChromeDriver.&lt;init&gt;(CChromeDriver.java:15)
	at com.kms.katalon.core.webui.driver.chrome.ChromeDriverBuilder.createDriver(ChromeDriverBuilder.java:60)
	at com.kms.katalon.core.webui.driver.AbstractDriverBuilder.build(AbstractDriverBuilder.java:53)
	at com.kms.katalon.core.webui.driver.DriverFactory.startNewBrowser(DriverFactory.java:247)
	at com.kms.katalon.core.webui.driver.DriverFactory.openWebDriver(DriverFactory.java:149)
	at com.kms.katalon.core.webui.keyword.builtin.OpenBrowserKeyword$_openBrowser_closure1.doCall(OpenBrowserKeyword.groovy:44)
	at com.kms.katalon.core.webui.keyword.builtin.OpenBrowserKeyword$_openBrowser_closure1.call(OpenBrowserKeyword.groovy)
	at com.kms.katalon.core.webui.keyword.internal.WebUIKeywordMain.runKeyword(WebUIKeywordMain.groovy:41)
	at com.kms.katalon.core.webui.keyword.builtin.OpenBrowserKeyword.openBrowser(OpenBrowserKeyword.groovy:55)
	at com.kms.katalon.core.webui.keyword.builtin.OpenBrowserKeyword.execute(OpenBrowserKeyword.groovy:37)
	at com.kms.katalon.core.keyword.internal.KeywordExecutor.executeKeywordForPlatform(KeywordExecutor.groovy:90)
	at com.kms.katalon.core.webui.keyword.WebUiBuiltInKeywords.openBrowser(WebUiBuiltInKeywords.groovy:62)
	at LG-01.run(LG-01:19)
	at com.kms.katalon.core.main.ScriptEngine.run(ScriptEngine.java:194)
	at com.kms.katalon.core.main.ScriptEngine.runScriptAsRawText(ScriptEngine.java:119)
	at com.kms.katalon.core.main.TestCaseExecutor.runScript(TestCaseExecutor.java:490)
	at com.kms.katalon.core.main.TestCaseExecutor.doExecute(TestCaseExecutor.java:481)
	at com.kms.katalon.core.main.TestCaseExecutor.processExecutionPhase(TestCaseExecutor.java:460)
	at com.kms.katalon.core.main.TestCaseExecutor.accessMainPhase(TestCaseExecutor.java:452)
	at com.kms.katalon.core.main.TestCaseExecutor.execute(TestCaseExecutor.java:322)
	at com.kms.katalon.core.main.TestCaseMain.runTestCase(TestCaseMain.java:151)
	at com.kms.katalon.core.keyword.builtin.CallTestCaseKeyword$_callTestCase_closure1.doCall(CallTestCaseKeyword.groovy:59)
	at com.kms.katalon.core.keyword.builtin.CallTestCaseKeyword$_callTestCase_closure1.call(CallTestCaseKeyword.groovy)
	at com.kms.katalon.core.keyword.internal.KeywordMain.runKeyword(KeywordMain.groovy:75)
	at com.kms.katalon.core.keyword.builtin.CallTestCaseKeyword.callTestCase(CallTestCaseKeyword.groovy:81)
	at com.kms.katalon.core.keyword.builtin.CallTestCaseKeyword.execute(CallTestCaseKeyword.groovy:44)
	at com.kms.katalon.core.keyword.internal.KeywordExecutor.executeKeywordForPlatform(KeywordExecutor.groovy:90)
	at com.kms.katalon.core.keyword.BuiltinKeywords.callTestCase(BuiltinKeywords.groovy:310)
	at java.base/jdk.internal.reflect.NativeMethodAccessorImpl.invoke0(Native Method)
	at java.base/jdk.internal.reflect.NativeMethodAccessorImpl.invoke(NativeMethodAccessorImpl.java:77)
	at java.base/jdk.internal.reflect.DelegatingMethodAccessorImpl.invoke(DelegatingMethodAccessorImpl.java:43)
	at TC1.1.run(TC1.1:42)
	at com.kms.katalon.core.main.ScriptEngine.run(ScriptEngine.java:194)
	at com.kms.katalon.core.main.ScriptEngine.runScriptAsRawText(ScriptEngine.java:119)
	at com.kms.katalon.core.main.TestCaseExecutor.runScript(TestCaseExecutor.java:490)
	at com.kms.katalon.core.main.TestCaseExecutor.doExecute(TestCaseExecutor.java:481)
	at com.kms.katalon.core.main.TestCaseExecutor.processExecutionPhase(TestCaseExecutor.java:460)
	at com.kms.katalon.core.main.TestCaseExecutor.accessMainPhase(TestCaseExecutor.java:452)
	at com.kms.katalon.core.main.TestCaseExecutor.execute(TestCaseExecutor.java:322)
	at com.kms.katalon.core.main.TestCaseExecutor.execute(TestCaseExecutor.java:410)
	at com.kms.katalon.core.common.CommonExecutor.accessTestCaseMainPhase(CommonExecutor.java:71)
	at com.kms.katalon.core.main.TestSuiteExecutor.accessTestSuiteMainPhase(TestSuiteExecutor.java:153)
	at com.kms.katalon.core.main.TestSuiteExecutor.execute(TestSuiteExecutor.java:110)
	at com.kms.katalon.core.main.TestCaseMain.startTestSuite(TestCaseMain.java:205)
	at TempTestSuite1767674856199.run(TempTestSuite1767674856199.groovy:35)
	at java.base/jdk.internal.reflect.NativeMethodAccessorImpl.invoke0(Native Method)
	at java.base/jdk.internal.reflect.NativeMethodAccessorImpl.invoke(NativeMethodAccessorImpl.java:77)
	at java.base/jdk.internal.reflect.DelegatingMethodAccessorImpl.invoke(DelegatingMethodAccessorImpl.java:43)
</property>
  <property name="failed.exception.message">Could not start a new session. Response code 500. Message: session not created: Chrome failed to start: crashed.
  (session not created: DevToolsActivePort file doesn&apos;t exist)
  (The process started from chrome location C:\Program Files\Google\Chrome\Application\chrome.exe is no longer running, so ChromeDriver is assuming that Chrome has crashed.) 
Host info: host: &apos;WINDOWS-10&apos;, ip: &apos;192.168.126.20&apos;
Build info: version: &apos;4.34.0&apos;, revision: &apos;707dcb4246*&apos;
System info: os.name: &apos;Windows 10&apos;, os.arch: &apos;amd64&apos;, os.version: &apos;10.0&apos;, java.version: &apos;17.0.14&apos;
Driver info: com.kms.katalon.selenium.driver.CChromeDriver
Command: [null, newSession {capabilities=[Capabilities {browserName: chrome, goog:chromeOptions: {args: [disable-features=DisableLoa..., --user-data-dir=C:\QA\Profi..., --profile-directory=Default], extensions: []}, unhandledPromptBehavior: {alert: ignore, beforeUnload: ignore, confirm: ignore, default: ignore, file: ignore, prompt: ignore}, webSocketUrl: true}]}]</property>
</record>
<record>
  <date>2026-01-06T04:47:43.940129700Z</date>
  <millis>1767674863940</millis>
  <nanos>129700</nanos>
  <sequence>118</sequence>
  <level>END</level>
  <class>com.kms.katalon.core.logging.XmlKeywordLogger</class>
  <method>endKeyword</method>
  <thread>1</thread>
  <message>End action : callTestCase(findTestCase(&amp;quot;Login/LG-01&amp;quot;), [:], STOP_ON_FAILURE)</message>
  <nestedLevel>1</nestedLevel>
  <escapedJava>false</escapedJava>
</record>
<record>
  <date>2026-01-06T04:47:43.940129700Z</date>
  <millis>1767674863940</millis>
  <nanos>129700</nanos>
  <sequence>122</sequence>
  <level>FAILED</level>
  <class>com.kms.katalon.core.logging.XmlKeywordLogger</class>
  <method>logMessage</method>
  <thread>1</thread>
  <message>Test Cases/CO/TC1.1 FAILED.
Reason:
com.kms.katalon.core.exception.StepFailedException: Call Test Case &amp;apos;Test Cases/Login/LG-01&amp;apos; failed
	at com.kms.katalon.core.keyword.builtin.CallTestCaseKeyword$_callTestCase_closure1.doCall(CallTestCaseKeyword.groovy:63)
	at com.kms.katalon.core.keyword.builtin.CallTestCaseKeyword$_callTestCase_closure1.call(CallTestCaseKeyword.groovy)
	at com.kms.katalon.core.keyword.internal.KeywordMain.runKeyword(KeywordMain.groovy:75)
	at com.kms.katalon.core.keyword.builtin.CallTestCaseKeyword.callTestCase(CallTestCaseKeyword.groovy:81)
	at com.kms.katalon.core.keyword.builtin.CallTestCaseKeyword.execute(CallTestCaseKeyword.groovy:44)
	at com.kms.katalon.core.keyword.internal.KeywordExecutor.executeKeywordForPlatform(KeywordExecutor.groovy:90)
	at com.kms.katalon.core.keyword.BuiltinKeywords.callTestCase(BuiltinKeywords.groovy:310)
	at java.base/jdk.internal.reflect.NativeMethodAccessorImpl.invoke0(Native Method)
	at java.base/jdk.internal.reflect.NativeMethodAccessorImpl.invoke(NativeMethodAccessorImpl.java:77)
	at java.base/jdk.internal.reflect.DelegatingMethodAccessorImpl.invoke(DelegatingMethodAccessorImpl.java:43)
	at TC1.1.run(TC1.1:42)
	at com.kms.katalon.core.main.ScriptEngine.run(ScriptEngine.java:194)
	at com.kms.katalon.core.main.ScriptEngine.runScriptAsRawText(ScriptEngine.java:119)
	at com.kms.katalon.core.main.TestCaseExecutor.runScript(TestCaseExecutor.java:490)
	at com.kms.katalon.core.main.TestCaseExecutor.doExecute(TestCaseExecutor.java:481)
	at com.kms.katalon.core.main.TestCaseExecutor.processExecutionPhase(TestCaseExecutor.java:460)
	at com.kms.katalon.core.main.TestCaseExecutor.accessMainPhase(TestCaseExecutor.java:452)
	at com.kms.katalon.core.main.TestCaseExecutor.execute(TestCaseExecutor.java:322)
	at com.kms.katalon.core.main.TestCaseExecutor.execute(TestCaseExecutor.java:410)
	at com.kms.katalon.core.common.CommonExecutor.accessTestCaseMainPhase(CommonExecutor.java:71)
	at com.kms.katalon.core.main.TestSuiteExecutor.accessTestSuiteMainPhase(TestSuiteExecutor.java:153)
	at com.kms.katalon.core.main.TestSuiteExecutor.execute(TestSuiteExecutor.java:110)
	at com.kms.katalon.core.main.TestCaseMain.startTestSuite(TestCaseMain.java:205)
	at TempTestSuite1767674856199.run(TempTestSuite1767674856199.groovy:35)
	at java.base/jdk.internal.reflect.NativeMethodAccessorImpl.invoke0(Native Method)
	at java.base/jdk.internal.reflect.NativeMethodAccessorImpl.invoke(NativeMethodAccessorImpl.java:77)
	at java.base/jdk.internal.reflect.DelegatingMethodAccessorImpl.invoke(DelegatingMethodAccessorImpl.java:43)
Caused by: com.kms.katalon.core.exception.StepFailedException: Unable to open browser with url: &amp;apos;&amp;apos;
	at com.kms.katalon.core.webui.keyword.internal.WebUIKeywordMain.stepFailed(WebUIKeywordMain.groovy:177)
	at com.kms.katalon.core.webui.keyword.internal.WebUIKeywordMain.runKeyword(WebUIKeywordMain.groovy:49)
	at com.kms.katalon.core.webui.keyword.builtin.OpenBrowserKeyword.openBrowser(OpenBrowserKeyword.groovy:55)
	at com.kms.katalon.core.webui.keyword.builtin.OpenBrowserKeyword.execute(OpenBrowserKeyword.groovy:37)
	at com.kms.katalon.core.keyword.internal.KeywordExecutor.executeKeywordForPlatform(KeywordExecutor.groovy:90)
	at com.kms.katalon.core.webui.keyword.WebUiBuiltInKeywords.openBrowser(WebUiBuiltInKeywords.groovy:62)
	at LG-01.run(LG-01:19)
	at com.kms.katalon.core.main.ScriptEngine.run(ScriptEngine.java:194)
	at com.kms.katalon.core.main.ScriptEngine.runScriptAsRawText(ScriptEngine.java:119)
	at com.kms.katalon.core.main.TestCaseExecutor.runScript(TestCaseExecutor.java:490)
	at com.kms.katalon.core.main.TestCaseExecutor.doExecute(TestCaseExecutor.java:481)
	at com.kms.katalon.core.main.TestCaseExecutor.processExecutionPhase(TestCaseExecutor.java:460)
	at com.kms.katalon.core.main.TestCaseExecutor.accessMainPhase(TestCaseExecutor.java:452)
	at com.kms.katalon.core.main.TestCaseExecutor.execute(TestCaseExecutor.java:322)
	at com.kms.katalon.core.main.TestCaseMain.runTestCase(TestCaseMain.java:151)
	at com.kms.katalon.core.keyword.builtin.CallTestCaseKeyword$_callTestCase_closure1.doCall(CallTestCaseKeyword.groovy:59)
	... 26 more
Caused by: org.openqa.selenium.SessionNotCreatedException: Could not start a new session. Response code 500. Message: session not created: Chrome failed to start: crashed.
  (session not created: DevToolsActivePort file doesn&amp;apos;t exist)
  (The process started from chrome location C:\Program Files\Google\Chrome\Application\chrome.exe is no longer running, so ChromeDriver is assuming that Chrome has crashed.) 
Host info: host: &amp;apos;WINDOWS-10&amp;apos;, ip: &amp;apos;192.168.126.20&amp;apos;
Build info: version: &amp;apos;4.34.0&amp;apos;, revision: &amp;apos;707dcb4246*&amp;apos;
System info: os.name: &amp;apos;Windows 10&amp;apos;, os.arch: &amp;apos;amd64&amp;apos;, os.version: &amp;apos;10.0&amp;apos;, java.version: &amp;apos;17.0.14&amp;apos;
Driver info: com.kms.katalon.selenium.driver.CChromeDriver
Command: [null, newSession {capabilities=[Capabilities {browserName: chrome, goog:chromeOptions: {args: [disable-features=DisableLoa..., --user-data-dir=C:\QA\Profi..., --profile-directory=Default], extensions: []}, unhandledPromptBehavior: {alert: ignore, beforeUnload: ignore, confirm: ignore, default: ignore, file: ignore, prompt: ignore}, webSocketUrl: true}]}]
	at org.openqa.selenium.remote.ProtocolHandshake.createSession(ProtocolHandshake.java:114)
	at org.openqa.selenium.remote.ProtocolHandshake.createSession(ProtocolHandshake.java:75)
	at org.openqa.selenium.remote.ProtocolHandshake.createSession(ProtocolHandshake.java:61)
	at org.openqa.selenium.remote.HttpCommandExecutor.execute(HttpCommandExecutor.java:187)
	at org.openqa.selenium.remote.service.DriverCommandExecutor.invokeExecute(DriverCommandExecutor.java:216)
	at org.openqa.selenium.remote.service.DriverCommandExecutor.execute(DriverCommandExecutor.java:174)
	at org.openqa.selenium.remote.RemoteWebDriver.execute(RemoteWebDriver.java:544)
	at org.openqa.selenium.remote.RemoteWebDriver.startSession(RemoteWebDriver.java:244)
	at org.openqa.selenium.remote.RemoteWebDriver.&amp;lt;init&amp;gt;(RemoteWebDriver.java:173)
	at org.openqa.selenium.chromium.ChromiumDriver.&amp;lt;init&amp;gt;(ChromiumDriver.java:110)
	at org.openqa.selenium.chrome.ChromeDriver.&amp;lt;init&amp;gt;(ChromeDriver.java:88)
	at org.openqa.selenium.chrome.ChromeDriver.&amp;lt;init&amp;gt;(ChromeDriver.java:83)
	at org.openqa.selenium.chrome.ChromeDriver.&amp;lt;init&amp;gt;(ChromeDriver.java:72)
	at com.kms.katalon.selenium.driver.CChromeDriver.&amp;lt;init&amp;gt;(CChromeDriver.java:15)
	at com.kms.katalon.core.webui.driver.chrome.ChromeDriverBuilder.createDriver(ChromeDriverBuilder.java:60)
	at com.kms.katalon.core.webui.driver.AbstractDriverBuilder.build(AbstractDriverBuilder.java:53)
	at com.kms.katalon.core.webui.driver.DriverFactory.startNewBrowser(DriverFactory.java:247)
	at com.kms.katalon.core.webui.driver.DriverFactory.openWebDriver(DriverFactory.java:149)
	at com.kms.katalon.core.webui.keyword.builtin.OpenBrowserKeyword$_openBrowser_closure1.doCall(OpenBrowserKeyword.groovy:44)
	at com.kms.katalon.core.webui.keyword.builtin.OpenBrowserKeyword$_openBrowser_closure1.call(OpenBrowserKeyword.groovy)
	at com.kms.katalon.core.webui.keyword.internal.WebUIKeywordMain.runKeyword(WebUIKeywordMain.groovy:41)
	... 40 more
</message>
  <exception>
    <message>com.kms.katalon.core.exception.StepFailedException: Call Test Case 'Test Cases/Login/LG-01' failed</message>
    <frame>
      <class>com.kms.katalon.core.logging.XmlKeywordLogger</class>
      <method>logMessage</method>
      <line>512</line>
    </frame>
    <frame>
      <class>com.kms.katalon.core.logging.KeywordLogger</class>
      <method>logMessage</method>
      <line>447</line>
    </frame>
    <frame>
      <class>com.kms.katalon.core.main.TestCaseExecutor</class>
      <method>logError</method>
      <line>599</line>
    </frame>
    <frame>
      <class>com.kms.katalon.core.main.TestCaseExecutor</class>
      <method>onExecutionError</method>
      <line>187</line>
    </frame>
    <frame>
      <class>com.kms.katalon.core.main.TestCaseExecutor</class>
      <method>processExecutionPhase</method>
      <line>470</line>
    </frame>
    <frame>
      <class>com.kms.katalon.core.main.TestCaseExecutor</class>
      <method>accessMainPhase</method>
      <line>452</line>
    </frame>
    <frame>
      <class>com.kms.katalon.core.main.TestCaseExecutor</class>
      <method>execute</method>
      <line>322</line>
    </frame>
    <frame>
      <class>com.kms.katalon.core.main.TestCaseExecutor</class>
      <method>execute</method>
      <line>410</line>
    </frame>
    <frame>
      <class>com.kms.katalon.core.common.CommonExecutor</class>
      <method>accessTestCaseMainPhase</method>
      <line>71</line>
    </frame>
    <frame>
      <class>com.kms.katalon.core.main.TestSuiteExecutor</class>
      <method>accessTestSuiteMainPhase</method>
      <line>153</line>
    </frame>
    <frame>
      <class>com.kms.katalon.core.main.TestSuiteExecutor</class>
      <method>execute</method>
      <line>110</line>
    </frame>
    <frame>
      <class>com.kms.katalon.core.main.TestCaseMain</class>
      <method>startTestSuite</method>
      <line>205</line>
    </frame>
    <frame>
      <class>org.codehaus.groovy.vmplugin.v8.IndyInterface</class>
      <method>fromCache</method>
      <line>318</line>
    </frame>
    <frame>
      <class>TempTestSuite1767674856199</class>
      <method>run</method>
      <line>35</line>
    </frame>
    <frame>
      <class>groovy.lang.GroovyShell</class>
      <method>runScriptOrMainOrTestOrRunnable</method>
      <line>254</line>
    </frame>
    <frame>
      <class>groovy.lang.GroovyShell</class>
      <method>run</method>
      <line>360</line>
    </frame>
    <frame>
      <class>groovy.lang.GroovyShell</class>
      <method>run</method>
      <line>349</line>
    </frame>
    <frame>
      <class>groovy.ui.GroovyMain</class>
      <method>processOnce</method>
      <line>652</line>
    </frame>
    <frame>
      <class>groovy.ui.GroovyMain</class>
      <method>run</method>
      <line>398</line>
    </frame>
    <frame>
      <class>groovy.ui.GroovyMain</class>
      <method>access$1400</method>
      <line>68</line>
    </frame>
    <frame>
      <class>groovy.ui.GroovyMain$GroovyCommand</class>
      <method>process</method>
      <line>322</line>
    </frame>
    <frame>
      <class>groovy.ui.GroovyMain</class>
      <method>processArgs</method>
      <line>142</line>
    </frame>
    <frame>
      <class>groovy.ui.GroovyMain</class>
      <method>main</method>
      <line>115</line>
    </frame>
    <frame>
      <class>jdk.internal.reflect.NativeMethodAccessorImpl</class>
      <method>invoke0</method>
    </frame>
    <frame>
      <class>jdk.internal.reflect.NativeMethodAccessorImpl</class>
      <method>invoke</method>
      <line>77</line>
    </frame>
    <frame>
      <class>jdk.internal.reflect.DelegatingMethodAccessorImpl</class>
      <method>invoke</method>
      <line>43</line>
    </frame>
    <frame>
      <class>java.lang.reflect.Method</class>
      <method>invoke</method>
      <line>569</line>
    </frame>
    <frame>
      <class>org.codehaus.groovy.tools.GroovyStarter</class>
      <method>rootLoader</method>
      <line>117</line>
    </frame>
    <frame>
      <class>org.codehaus.groovy.tools.GroovyStarter</class>
      <method>main</method>
      <line>39</line>
    </frame>
  </exception>
  <nestedLevel>0</nestedLevel>
  <escapedJava>false</escapedJava>
  <property name="failed.exception.stacktrace">org.openqa.selenium.SessionNotCreatedException: Could not start a new session. Response code 500. Message: session not created: Chrome failed to start: crashed.
  (session not created: DevToolsActivePort file doesn&apos;t exist)
  (The process started from chrome location C:\Program Files\Google\Chrome\Application\chrome.exe is no longer running, so ChromeDriver is assuming that Chrome has crashed.) 
Host info: host: &apos;WINDOWS-10&apos;, ip: &apos;192.168.126.20&apos;
Build info: version: &apos;4.34.0&apos;, revision: &apos;707dcb4246*&apos;
System info: os.name: &apos;Windows 10&apos;, os.arch: &apos;amd64&apos;, os.version: &apos;10.0&apos;, java.version: &apos;17.0.14&apos;
Driver info: com.kms.katalon.selenium.driver.CChromeDriver
Command: [null, newSession {capabilities=[Capabilities {browserName: chrome, goog:chromeOptions: {args: [disable-features=DisableLoa..., --user-data-dir=C:\QA\Profi..., --profile-directory=Default], extensions: []}, unhandledPromptBehavior: {alert: ignore, beforeUnload: ignore, confirm: ignore, default: ignore, file: ignore, prompt: ignore}, webSocketUrl: true}]}]
	at org.openqa.selenium.remote.ProtocolHandshake.createSession(ProtocolHandshake.java:114)
	at org.openqa.selenium.remote.ProtocolHandshake.createSession(ProtocolHandshake.java:75)
	at org.openqa.selenium.remote.ProtocolHandshake.createSession(ProtocolHandshake.java:61)
	at org.openqa.selenium.remote.HttpCommandExecutor.execute(HttpCommandExecutor.java:187)
	at org.openqa.selenium.remote.service.DriverCommandExecutor.invokeExecute(DriverCommandExecutor.java:216)
	at org.openqa.selenium.remote.service.DriverCommandExecutor.execute(DriverCommandExecutor.java:174)
	at org.openqa.selenium.remote.RemoteWebDriver.execute(RemoteWebDriver.java:544)
	at org.openqa.selenium.remote.RemoteWebDriver.startSession(RemoteWebDriver.java:244)
	at org.openqa.selenium.remote.RemoteWebDriver.&lt;init&gt;(RemoteWebDriver.java:173)
	at org.openqa.selenium.chromium.ChromiumDriver.&lt;init&gt;(ChromiumDriver.java:110)
	at org.openqa.selenium.chrome.ChromeDriver.&lt;init&gt;(ChromeDriver.java:88)
	at org.openqa.selenium.chrome.ChromeDriver.&lt;init&gt;(ChromeDriver.java:83)
	at org.openqa.selenium.chrome.ChromeDriver.&lt;init&gt;(ChromeDriver.java:72)
	at com.kms.katalon.selenium.driver.CChromeDriver.&lt;init&gt;(CChromeDriver.java:15)
	at com.kms.katalon.core.webui.driver.chrome.ChromeDriverBuilder.createDriver(ChromeDriverBuilder.java:60)
	at com.kms.katalon.core.webui.driver.AbstractDriverBuilder.build(AbstractDriverBuilder.java:53)
	at com.kms.katalon.core.webui.driver.DriverFactory.startNewBrowser(DriverFactory.java:247)
	at com.kms.katalon.core.webui.driver.DriverFactory.openWebDriver(DriverFactory.java:149)
	at com.kms.katalon.core.webui.keyword.builtin.OpenBrowserKeyword$_openBrowser_closure1.doCall(OpenBrowserKeyword.groovy:44)
	at com.kms.katalon.core.webui.keyword.builtin.OpenBrowserKeyword$_openBrowser_closure1.call(OpenBrowserKeyword.groovy)
	at com.kms.katalon.core.webui.keyword.internal.WebUIKeywordMain.runKeyword(WebUIKeywordMain.groovy:41)
	at com.kms.katalon.core.webui.keyword.builtin.OpenBrowserKeyword.openBrowser(OpenBrowserKeyword.groovy:55)
	at com.kms.katalon.core.webui.keyword.builtin.OpenBrowserKeyword.execute(OpenBrowserKeyword.groovy:37)
	at com.kms.katalon.core.keyword.internal.KeywordExecutor.executeKeywordForPlatform(KeywordExecutor.groovy:90)
	at com.kms.katalon.core.webui.keyword.WebUiBuiltInKeywords.openBrowser(WebUiBuiltInKeywords.groovy:62)
	at LG-01.run(LG-01:19)
	at com.kms.katalon.core.main.ScriptEngine.run(ScriptEngine.java:194)
	at com.kms.katalon.core.main.ScriptEngine.runScriptAsRawText(ScriptEngine.java:119)
	at com.kms.katalon.core.main.TestCaseExecutor.runScript(TestCaseExecutor.java:490)
	at com.kms.katalon.core.main.TestCaseExecutor.doExecute(TestCaseExecutor.java:481)
	at com.kms.katalon.core.main.TestCaseExecutor.processExecutionPhase(TestCaseExecutor.java:460)
	at com.kms.katalon.core.main.TestCaseExecutor.accessMainPhase(TestCaseExecutor.java:452)
	at com.kms.katalon.core.main.TestCaseExecutor.execute(TestCaseExecutor.java:322)
	at com.kms.katalon.core.main.TestCaseMain.runTestCase(TestCaseMain.java:151)
	at com.kms.katalon.core.keyword.builtin.CallTestCaseKeyword$_callTestCase_closure1.doCall(CallTestCaseKeyword.groovy:59)
	at com.kms.katalon.core.keyword.builtin.CallTestCaseKeyword$_callTestCase_closure1.call(CallTestCaseKeyword.groovy)
	at com.kms.katalon.core.keyword.internal.KeywordMain.runKeyword(KeywordMain.groovy:75)
	at com.kms.katalon.core.keyword.builtin.CallTestCaseKeyword.callTestCase(CallTestCaseKeyword.groovy:81)
	at com.kms.katalon.core.keyword.builtin.CallTestCaseKeyword.execute(CallTestCaseKeyword.groovy:44)
	at com.kms.katalon.core.keyword.internal.KeywordExecutor.executeKeywordForPlatform(KeywordExecutor.groovy:90)
	at com.kms.katalon.core.keyword.BuiltinKeywords.callTestCase(BuiltinKeywords.groovy:310)
	at java.base/jdk.internal.reflect.NativeMethodAccessorImpl.invoke0(Native Method)
	at java.base/jdk.internal.reflect.NativeMethodAccessorImpl.invoke(NativeMethodAccessorImpl.java:77)
	at java.base/jdk.internal.reflect.DelegatingMethodAccessorImpl.invoke(DelegatingMethodAccessorImpl.java:43)
	at TC1.1.run(TC1.1:42)
	at com.kms.katalon.core.main.ScriptEngine.run(ScriptEngine.java:194)
	at com.kms.katalon.core.main.ScriptEngine.runScriptAsRawText(ScriptEngine.java:119)
	at com.kms.katalon.core.main.TestCaseExecutor.runScript(TestCaseExecutor.java:490)
	at com.kms.katalon.core.main.TestCaseExecutor.doExecute(TestCaseExecutor.java:481)
	at com.kms.katalon.core.main.TestCaseExecutor.processExecutionPhase(TestCaseExecutor.java:460)
	at com.kms.katalon.core.main.TestCaseExecutor.accessMainPhase(TestCaseExecutor.java:452)
	at com.kms.katalon.core.main.TestCaseExecutor.execute(TestCaseExecutor.java:322)
	at com.kms.katalon.core.main.TestCaseExecutor.execute(TestCaseExecutor.java:410)
	at com.kms.katalon.core.common.CommonExecutor.accessTestCaseMainPhase(CommonExecutor.java:71)
	at com.kms.katalon.core.main.TestSuiteExecutor.accessTestSuiteMainPhase(TestSuiteExecutor.java:153)
	at com.kms.katalon.core.main.TestSuiteExecutor.execute(TestSuiteExecutor.java:110)
	at com.kms.katalon.core.main.TestCaseMain.startTestSuite(TestCaseMain.java:205)
	at TempTestSuite1767674856199.run(TempTestSuite1767674856199.groovy:35)
	at java.base/jdk.internal.reflect.NativeMethodAccessorImpl.invoke0(Native Method)
	at java.base/jdk.internal.reflect.NativeMethodAccessorImpl.invoke(NativeMethodAccessorImpl.java:77)
	at java.base/jdk.internal.reflect.DelegatingMethodAccessorImpl.invoke(DelegatingMethodAccessorImpl.java:43)
</property>
  <property name="failed.exception.class">org.openqa.selenium.SessionNotCreatedException</property>
  <property name="failed.exception.message">Could not start a new session. Response code 500. Message: session not created: Chrome failed to start: crashed.
  (session not created: DevToolsActivePort file doesn&apos;t exist)
  (The process started from chrome location C:\Program Files\Google\Chrome\Application\chrome.exe is no longer running, so ChromeDriver is assuming that Chrome has crashed.) 
Host info: host: &apos;WINDOWS-10&apos;, ip: &apos;192.168.126.20&apos;
Build info: version: &apos;4.34.0&apos;, revision: &apos;707dcb4246*&apos;
System info: os.name: &apos;Windows 10&apos;, os.arch: &apos;amd64&apos;, os.version: &apos;10.0&apos;, java.version: &apos;17.0.14&apos;
Driver info: com.kms.katalon.selenium.driver.CChromeDriver
Command: [null, newSession {capabilities=[Capabilities {browserName: chrome, goog:chromeOptions: {args: [disable-features=DisableLoa..., --user-data-dir=C:\QA\Profi..., --profile-directory=Default], extensions: []}, unhandledPromptBehavior: {alert: ignore, beforeUnload: ignore, confirm: ignore, default: ignore, file: ignore, prompt: ignore}, webSocketUrl: true}]}]</property>
</record>
<record>
  <date>2026-01-06T04:47:43.944133600Z</date>
  <millis>1767674863944</millis>
  <nanos>133600</nanos>
  <sequence>124</sequence>
  <level>END</level>
  <class>com.kms.katalon.core.logging.XmlKeywordLogger</class>
  <method>endTest</method>
  <thread>1</thread>
  <message>End Test Case : Test Cases/CO/TC1.1</message>
  <nestedLevel>0</nestedLevel>
  <escapedJava>false</escapedJava>
  <property name="executionBindingVariables">[]</property>
  <property name="applitools">false</property>
  <property name="remainingRetryCount">2</property>
  <property name="executedKeywords">{
  &quot;BuiltIn.callTestCase&quot;: 1,
  &quot;WebUI.openBrowser&quot;: 1
}</property>
  <property name="currentRetryCount">1</property>
  <property name="keywordsUsage">{
  &quot;web_ui&quot;: true,
  &quot;web_service&quot;: false,
  &quot;cucumber&quot;: false,
  &quot;builtin&quot;: true,
  &quot;mobile&quot;: false,
  &quot;windows&quot;: false,
  &quot;testng&quot;: false
}</property>
</record>
<record>
  <date>2026-01-06T04:47:43.948133200Z</date>
  <millis>1767674863948</millis>
  <nanos>133200</nanos>
  <sequence>125</sequence>
  <level>START</level>
  <class>com.kms.katalon.core.logging.XmlKeywordLogger</class>
  <method>startTest</method>
  <thread>1</thread>
  <message>Start Test Case : Test Cases/CO/TC1.1</message>
  <nestedLevel>1</nestedLevel>
  <escapedJava>false</escapedJava>
  <property name="remainingRetryCount">1</property>
  <property name="origin"></property>
  <property name="name">Test Cases/CO/TC1.1</property>
  <property name="description"></property>
  <property name="iteration"></property>
  <property name="id">Test Cases/CO/TC1.1</property>
  <property name="source">C:\Users\Administrator\git\magiq\Test Cases\CO\TC1.1.tc</property>
  <property name="tag"></property>
  <property name="isOptional">false</property>
  <property name="currentRetryCount">2</property>
</record>
<record>
  <date>2026-01-06T04:47:43.967130300Z</date>
  <millis>1767674863967</millis>
  <nanos>130300</nanos>
  <sequence>127</sequence>
  <level>START</level>
  <class>com.kms.katalon.core.logging.XmlKeywordLogger</class>
  <method>startKeyword</method>
  <thread>1</thread>
  <message>Start action : callTestCase(findTestCase(&amp;quot;Login/LG-01&amp;quot;), [:], STOP_ON_FAILURE)</message>
  <nestedLevel>1</nestedLevel>
  <escapedJava>false</escapedJava>
  <property name="startLine">42</property>
  <property name="stepIndex">1</property>
</record>
<record>
  <date>2026-01-06T04:47:44.028130500Z</date>
  <millis>1767674864028</millis>
  <nanos>130500</nanos>
  <sequence>131</sequence>
  <level>START</level>
  <class>com.kms.katalon.core.logging.XmlKeywordLogger</class>
  <method>startTest</method>
  <thread>1</thread>
  <message>Start Test Case : Test Cases/Login/LG-01</message>
  <nestedLevel>2</nestedLevel>
  <escapedJava>false</escapedJava>
  <property name="origin"></property>
  <property name="name">Test Cases/Login/LG-01</property>
  <property name="description"></property>
  <property name="iteration"></property>
  <property name="id">Test Cases/Login/LG-01</property>
  <property name="source">C:\Users\Administrator\git\magiq\Test Cases\Login\LG-01.tc</property>
  <property name="tag"></property>
  <property name="isOptional">false</property>
</record>
<record>
  <date>2026-01-06T04:47:44.048134400Z</date>
  <millis>1767674864048</millis>
  <nanos>134400</nanos>
  <sequence>133</sequence>
  <level>START</level>
  <class>com.kms.katalon.core.logging.XmlKeywordLogger</class>
  <method>startKeyword</method>
  <thread>1</thread>
  <message>Start action : LOCAL_PAGELOAD = 300</message>
  <nestedLevel>1</nestedLevel>
  <escapedJava>false</escapedJava>
  <property name="startLine">10</property>
  <property name="stepIndex">1</property>
</record>
<record>
  <date>2026-01-06T04:47:44.050131200Z</date>
  <millis>1767674864050</millis>
  <nanos>131200</nanos>
  <sequence>134</sequence>
  <level>END</level>
  <class>com.kms.katalon.core.logging.XmlKeywordLogger</class>
  <method>endKeyword</method>
  <thread>1</thread>
  <message>End action : LOCAL_PAGELOAD = 300</message>
  <nestedLevel>1</nestedLevel>
  <escapedJava>false</escapedJava>
</record>
<record>
  <date>2026-01-06T04:47:44.050131200Z</date>
  <millis>1767674864050</millis>
  <nanos>131200</nanos>
  <sequence>135</sequence>
  <level>START</level>
  <class>com.kms.katalon.core.logging.XmlKeywordLogger</class>
  <method>startKeyword</method>
  <thread>1</thread>
  <message>Start action : WAIT_ELEMENT_BEFORE_RELOAD = 120</message>
  <nestedLevel>1</nestedLevel>
  <escapedJava>false</escapedJava>
  <property name="startLine">11</property>
  <property name="stepIndex">2</property>
</record>
<record>
  <date>2026-01-06T04:47:44.051134400Z</date>
  <millis>1767674864051</millis>
  <nanos>134400</nanos>
  <sequence>136</sequence>
  <level>END</level>
  <class>com.kms.katalon.core.logging.XmlKeywordLogger</class>
  <method>endKeyword</method>
  <thread>1</thread>
  <message>End action : WAIT_ELEMENT_BEFORE_RELOAD = 120</message>
  <nestedLevel>1</nestedLevel>
  <escapedJava>false</escapedJava>
</record>
<record>
  <date>2026-01-06T04:47:44.051134400Z</date>
  <millis>1767674864051</millis>
  <nanos>134400</nanos>
  <sequence>137</sequence>
  <level>START</level>
  <class>com.kms.katalon.core.logging.XmlKeywordLogger</class>
  <method>startKeyword</method>
  <thread>1</thread>
  <message>Start action : MAX_RELOAD_ATTEMPTS = 5</message>
  <nestedLevel>1</nestedLevel>
  <escapedJava>false</escapedJava>
  <property name="startLine">12</property>
  <property name="stepIndex">3</property>
</record>
<record>
  <date>2026-01-06T04:47:44.051134400Z</date>
  <millis>1767674864051</millis>
  <nanos>134400</nanos>
  <sequence>138</sequence>
  <level>END</level>
  <class>com.kms.katalon.core.logging.XmlKeywordLogger</class>
  <method>endKeyword</method>
  <thread>1</thread>
  <message>End action : MAX_RELOAD_ATTEMPTS = 5</message>
  <nestedLevel>1</nestedLevel>
  <escapedJava>false</escapedJava>
</record>
<record>
  <date>2026-01-06T04:47:44.052133300Z</date>
  <millis>1767674864052</millis>
  <nanos>133300</nanos>
  <sequence>139</sequence>
  <level>START</level>
  <class>com.kms.katalon.core.logging.XmlKeywordLogger</class>
  <method>startKeyword</method>
  <thread>1</thread>
  <message>Start action : AFTER_LOGIN_WAIT = 120</message>
  <nestedLevel>1</nestedLevel>
  <escapedJava>false</escapedJava>
  <property name="startLine">13</property>
  <property name="stepIndex">4</property>
</record>
<record>
  <date>2026-01-06T04:47:44.052133300Z</date>
  <millis>1767674864052</millis>
  <nanos>133300</nanos>
  <sequence>140</sequence>
  <level>END</level>
  <class>com.kms.katalon.core.logging.XmlKeywordLogger</class>
  <method>endKeyword</method>
  <thread>1</thread>
  <message>End action : AFTER_LOGIN_WAIT = 120</message>
  <nestedLevel>1</nestedLevel>
  <escapedJava>false</escapedJava>
</record>
<record>
  <date>2026-01-06T04:47:44.052133300Z</date>
  <millis>1767674864052</millis>
  <nanos>133300</nanos>
  <sequence>141</sequence>
  <level>START</level>
  <class>com.kms.katalon.core.logging.XmlKeywordLogger</class>
  <method>startKeyword</method>
  <thread>1</thread>
  <message>Start action : SHORT = 5</message>
  <nestedLevel>1</nestedLevel>
  <escapedJava>false</escapedJava>
  <property name="startLine">14</property>
  <property name="stepIndex">5</property>
</record>
<record>
  <date>2026-01-06T04:47:44.052133300Z</date>
  <millis>1767674864052</millis>
  <nanos>133300</nanos>
  <sequence>142</sequence>
  <level>END</level>
  <class>com.kms.katalon.core.logging.XmlKeywordLogger</class>
  <method>endKeyword</method>
  <thread>1</thread>
  <message>End action : SHORT = 5</message>
  <nestedLevel>1</nestedLevel>
  <escapedJava>false</escapedJava>
</record>
<record>
  <date>2026-01-06T04:47:44.053131900Z</date>
  <millis>1767674864053</millis>
  <nanos>131900</nanos>
  <sequence>143</sequence>
  <level>START</level>
  <class>com.kms.katalon.core.logging.XmlKeywordLogger</class>
  <method>startKeyword</method>
  <thread>1</thread>
  <message>Start action : MEDIUM = 15</message>
  <nestedLevel>1</nestedLevel>
  <escapedJava>false</escapedJava>
  <property name="startLine">15</property>
  <property name="stepIndex">6</property>
</record>
<record>
  <date>2026-01-06T04:47:44.053131900Z</date>
  <millis>1767674864053</millis>
  <nanos>131900</nanos>
  <sequence>144</sequence>
  <level>END</level>
  <class>com.kms.katalon.core.logging.XmlKeywordLogger</class>
  <method>endKeyword</method>
  <thread>1</thread>
  <message>End action : MEDIUM = 15</message>
  <nestedLevel>1</nestedLevel>
  <escapedJava>false</escapedJava>
</record>
<record>
  <date>2026-01-06T04:47:44.054133800Z</date>
  <millis>1767674864054</millis>
  <nanos>133800</nanos>
  <sequence>145</sequence>
  <level>START</level>
  <class>com.kms.katalon.core.logging.XmlKeywordLogger</class>
  <method>startKeyword</method>
  <thread>1</thread>
  <message>Start action : LONG = 30</message>
  <nestedLevel>1</nestedLevel>
  <escapedJava>false</escapedJava>
  <property name="startLine">16</property>
  <property name="stepIndex">7</property>
</record>
<record>
  <date>2026-01-06T04:47:44.054133800Z</date>
  <millis>1767674864054</millis>
  <nanos>133800</nanos>
  <sequence>146</sequence>
  <level>END</level>
  <class>com.kms.katalon.core.logging.XmlKeywordLogger</class>
  <method>endKeyword</method>
  <thread>1</thread>
  <message>End action : LONG = 30</message>
  <nestedLevel>1</nestedLevel>
  <escapedJava>false</escapedJava>
</record>
<record>
  <date>2026-01-06T04:47:44.054133800Z</date>
  <millis>1767674864054</millis>
  <nanos>133800</nanos>
  <sequence>147</sequence>
  <level>START</level>
  <class>com.kms.katalon.core.logging.XmlKeywordLogger</class>
  <method>startKeyword</method>
  <thread>1</thread>
  <message>Start action : openBrowser(&amp;quot;&amp;quot;)</message>
  <nestedLevel>1</nestedLevel>
  <escapedJava>false</escapedJava>
  <property name="startLine">19</property>
  <property name="stepIndex">8</property>
</record>
<record>
  <date>2026-01-06T04:47:44.059133400Z</date>
  <millis>1767674864059</millis>
  <nanos>133400</nanos>
  <sequence>150</sequence>
  <level>INFO</level>
  <class>com.kms.katalon.core.logging.XmlKeywordLogger</class>
  <method>logMessage</method>
  <thread>1</thread>
  <message>Starting &amp;apos;Chrome&amp;apos; driver</message>
  <nestedLevel>2</nestedLevel>
  <escapedJava>false</escapedJava>
</record>
<record>
  <date>2026-01-06T04:47:44.060132800Z</date>
  <millis>1767674864060</millis>
  <nanos>132800</nanos>
  <sequence>151</sequence>
  <level>INFO</level>
  <class>com.kms.katalon.core.logging.XmlKeywordLogger</class>
  <method>logMessage</method>
  <thread>1</thread>
  <message>User set preference: [&amp;apos;args&amp;apos;, &amp;apos;[--user-data-dir=C:\QA\Profiles\KatalonChrome, --profile-directory=Default]&amp;apos;]</message>
  <nestedLevel>2</nestedLevel>
  <escapedJava>false</escapedJava>
</record>
<record>
  <date>2026-01-06T04:47:44.062132700Z</date>
  <millis>1767674864062</millis>
  <nanos>132700</nanos>
  <sequence>152</sequence>
  <level>INFO</level>
  <class>com.kms.katalon.core.logging.XmlKeywordLogger</class>
  <method>logMessage</method>
  <thread>1</thread>
  <message>Action delay is set to 0 milliseconds</message>
  <nestedLevel>2</nestedLevel>
  <escapedJava>false</escapedJava>
</record>
<record>
  <date>2026-01-06T04:47:44.237132200Z</date>
  <millis>1767674864237</millis>
  <nanos>132200</nanos>
  <sequence>156</sequence>
  <level>FAILED</level>
  <class>com.kms.katalon.core.logging.XmlKeywordLogger</class>
  <method>logMessage</method>
  <thread>1</thread>
  <message>Unable to open browser with url: &amp;apos;&amp;apos; (Root cause: com.kms.katalon.core.exception.StepFailedException: Unable to open browser with url: &amp;apos;&amp;apos;
	at com.kms.katalon.core.webui.keyword.internal.WebUIKeywordMain.stepFailed(WebUIKeywordMain.groovy:177)
	at com.kms.katalon.core.webui.keyword.internal.WebUIKeywordMain.runKeyword(WebUIKeywordMain.groovy:49)
	at com.kms.katalon.core.webui.keyword.builtin.OpenBrowserKeyword.openBrowser(OpenBrowserKeyword.groovy:55)
	at com.kms.katalon.core.webui.keyword.builtin.OpenBrowserKeyword.execute(OpenBrowserKeyword.groovy:37)
	at com.kms.katalon.core.keyword.internal.KeywordExecutor.executeKeywordForPlatform(KeywordExecutor.groovy:90)
	at com.kms.katalon.core.webui.keyword.WebUiBuiltInKeywords.openBrowser(WebUiBuiltInKeywords.groovy:62)
	at LG-01.run(LG-01:19)
	at com.kms.katalon.core.main.ScriptEngine.run(ScriptEngine.java:194)
	at com.kms.katalon.core.main.ScriptEngine.runScriptAsRawText(ScriptEngine.java:119)
	at com.kms.katalon.core.main.TestCaseExecutor.runScript(TestCaseExecutor.java:490)
	at com.kms.katalon.core.main.TestCaseExecutor.doExecute(TestCaseExecutor.java:481)
	at com.kms.katalon.core.main.TestCaseExecutor.processExecutionPhase(TestCaseExecutor.java:460)
	at com.kms.katalon.core.main.TestCaseExecutor.accessMainPhase(TestCaseExecutor.java:452)
	at com.kms.katalon.core.main.TestCaseExecutor.execute(TestCaseExecutor.java:322)
	at com.kms.katalon.core.main.TestCaseMain.runTestCase(TestCaseMain.java:151)
	at com.kms.katalon.core.keyword.builtin.CallTestCaseKeyword$_callTestCase_closure1.doCall(CallTestCaseKeyword.groovy:59)
	at com.kms.katalon.core.keyword.builtin.CallTestCaseKeyword$_callTestCase_closure1.call(CallTestCaseKeyword.groovy)
	at com.kms.katalon.core.keyword.internal.KeywordMain.runKeyword(KeywordMain.groovy:75)
	at com.kms.katalon.core.keyword.builtin.CallTestCaseKeyword.callTestCase(CallTestCaseKeyword.groovy:81)
	at com.kms.katalon.core.keyword.builtin.CallTestCaseKeyword.execute(CallTestCaseKeyword.groovy:44)
	at com.kms.katalon.core.keyword.internal.KeywordExecutor.executeKeywordForPlatform(KeywordExecutor.groovy:90)
	at com.kms.katalon.core.keyword.BuiltinKeywords.callTestCase(BuiltinKeywords.groovy:310)
	at java.base/jdk.internal.reflect.NativeMethodAccessorImpl.invoke0(Native Method)
	at java.base/jdk.internal.reflect.NativeMethodAccessorImpl.invoke(NativeMethodAccessorImpl.java:77)
	at java.base/jdk.internal.reflect.DelegatingMethodAccessorImpl.invoke(DelegatingMethodAccessorImpl.java:43)
	at TC1.1.run(TC1.1:42)
	at com.kms.katalon.core.main.ScriptEngine.run(ScriptEngine.java:194)
	at com.kms.katalon.core.main.ScriptEngine.runScriptAsRawText(ScriptEngine.java:119)
	at com.kms.katalon.core.main.TestCaseExecutor.runScript(TestCaseExecutor.java:490)
	at com.kms.katalon.core.main.TestCaseExecutor.doExecute(TestCaseExecutor.java:481)
	at com.kms.katalon.core.main.TestCaseExecutor.processExecutionPhase(TestCaseExecutor.java:460)
	at com.kms.katalon.core.main.TestCaseExecutor.accessMainPhase(TestCaseExecutor.java:452)
	at com.kms.katalon.core.main.TestCaseExecutor.execute(TestCaseExecutor.java:322)
	at com.kms.katalon.core.main.TestCaseExecutor.execute(TestCaseExecutor.java:410)
	at com.kms.katalon.core.main.TestCaseExecutor.execute(TestCaseExecutor.java:410)
	at com.kms.katalon.core.common.CommonExecutor.accessTestCaseMainPhase(CommonExecutor.java:71)
	at com.kms.katalon.core.main.TestSuiteExecutor.accessTestSuiteMainPhase(TestSuiteExecutor.java:153)
	at com.kms.katalon.core.main.TestSuiteExecutor.execute(TestSuiteExecutor.java:110)
	at com.kms.katalon.core.main.TestCaseMain.startTestSuite(TestCaseMain.java:205)
	at TempTestSuite1767674856199.run(TempTestSuite1767674856199.groovy:35)
	at java.base/jdk.internal.reflect.NativeMethodAccessorImpl.invoke0(Native Method)
	at java.base/jdk.internal.reflect.NativeMethodAccessorImpl.invoke(NativeMethodAccessorImpl.java:77)
	at java.base/jdk.internal.reflect.DelegatingMethodAccessorImpl.invoke(DelegatingMethodAccessorImpl.java:43)
Caused by: org.openqa.selenium.SessionNotCreatedException: Could not start a new session. Response code 500. Message: session not created: Chrome failed to start: crashed.
  (session not created: DevToolsActivePort file doesn&amp;apos;t exist)
  (The process started from chrome location C:\Program Files\Google\Chrome\Application\chrome.exe is no longer running, so ChromeDriver is assuming that Chrome has crashed.) 
Host info: host: &amp;apos;WINDOWS-10&amp;apos;, ip: &amp;apos;192.168.126.20&amp;apos;
Build info: version: &amp;apos;4.34.0&amp;apos;, revision: &amp;apos;707dcb4246*&amp;apos;
System info: os.name: &amp;apos;Windows 10&amp;apos;, os.arch: &amp;apos;amd64&amp;apos;, os.version: &amp;apos;10.0&amp;apos;, java.version: &amp;apos;17.0.14&amp;apos;
Driver info: com.kms.katalon.selenium.driver.CChromeDriver
Command: [null, newSession {capabilities=[Capabilities {browserName: chrome, goog:chromeOptions: {args: [disable-features=DisableLoa..., --user-data-dir=C:\QA\Profi..., --profile-directory=Default], extensions: []}, unhandledPromptBehavior: {alert: ignore, beforeUnload: ignore, confirm: ignore, default: ignore, file: ignore, prompt: ignore}, webSocketUrl: true}]}]
	at org.openqa.selenium.remote.ProtocolHandshake.createSession(ProtocolHandshake.java:114)
	at org.openqa.selenium.remote.ProtocolHandshake.createSession(ProtocolHandshake.java:75)
	at org.openqa.selenium.remote.ProtocolHandshake.createSession(ProtocolHandshake.java:61)
	at org.openqa.selenium.remote.HttpCommandExecutor.execute(HttpCommandExecutor.java:187)
	at org.openqa.selenium.remote.service.DriverCommandExecutor.invokeExecute(DriverCommandExecutor.java:216)
	at org.openqa.selenium.remote.service.DriverCommandExecutor.execute(DriverCommandExecutor.java:174)
	at org.openqa.selenium.remote.RemoteWebDriver.execute(RemoteWebDriver.java:544)
	at org.openqa.selenium.remote.RemoteWebDriver.startSession(RemoteWebDriver.java:244)
	at org.openqa.selenium.remote.RemoteWebDriver.&amp;lt;init&amp;gt;(RemoteWebDriver.java:173)
	at org.openqa.selenium.chromium.ChromiumDriver.&amp;lt;init&amp;gt;(ChromiumDriver.java:110)
	at org.openqa.selenium.chrome.ChromeDriver.&amp;lt;init&amp;gt;(ChromeDriver.java:88)
	at org.openqa.selenium.chrome.ChromeDriver.&amp;lt;init&amp;gt;(ChromeDriver.java:83)
	at org.openqa.selenium.chrome.ChromeDriver.&amp;lt;init&amp;gt;(ChromeDriver.java:72)
	at com.kms.katalon.selenium.driver.CChromeDriver.&amp;lt;init&amp;gt;(CChromeDriver.java:15)
	at com.kms.katalon.core.webui.driver.chrome.ChromeDriverBuilder.createDriver(ChromeDriverBuilder.java:60)
	at com.kms.katalon.core.webui.driver.AbstractDriverBuilder.build(AbstractDriverBuilder.java:53)
	at com.kms.katalon.core.webui.driver.DriverFactory.startNewBrowser(DriverFactory.java:247)
	at com.kms.katalon.core.webui.driver.DriverFactory.openWebDriver(DriverFactory.java:149)
	at com.kms.katalon.core.webui.keyword.builtin.OpenBrowserKeyword$_openBrowser_closure1.doCall(OpenBrowserKeyword.groovy:44)
	at com.kms.katalon.core.webui.keyword.builtin.OpenBrowserKeyword$_openBrowser_closure1.call(OpenBrowserKeyword.groovy)
	at com.kms.katalon.core.webui.keyword.internal.WebUIKeywordMain.runKeyword(WebUIKeywordMain.groovy:41)
	at com.kms.katalon.core.webui.keyword.builtin.OpenBrowserKeyword.openBrowser(OpenBrowserKeyword.groovy:55)
	at com.kms.katalon.core.webui.keyword.builtin.OpenBrowserKeyword.execute(OpenBrowserKeyword.groovy:37)
	at com.kms.katalon.core.keyword.internal.KeywordExecutor.executeKeywordForPlatform(KeywordExecutor.groovy:90)
	at com.kms.katalon.core.webui.keyword.WebUiBuiltInKeywords.openBrowser(WebUiBuiltInKeywords.groovy:62)
	at Script1767340478096.run(Script1767340478096.groovy:19)
	at com.kms.katalon.core.main.ScriptEngine.run(ScriptEngine.java:194)
	at com.kms.katalon.core.main.ScriptEngine.runScriptAsRawText(ScriptEngine.java:119)
	at com.kms.katalon.core.main.TestCaseExecutor.runScript(TestCaseExecutor.java:490)
	at com.kms.katalon.core.main.TestCaseExecutor.doExecute(TestCaseExecutor.java:481)
	at com.kms.katalon.core.main.TestCaseExecutor.processExecutionPhase(TestCaseExecutor.java:460)
	at com.kms.katalon.core.main.TestCaseExecutor.accessMainPhase(TestCaseExecutor.java:452)
	at com.kms.katalon.core.main.TestCaseExecutor.execute(TestCaseExecutor.java:322)
	at com.kms.katalon.core.main.TestCaseMain.runTestCase(TestCaseMain.java:151)
	at com.kms.katalon.core.keyword.builtin.CallTestCaseKeyword$_callTestCase_closure1.doCall(CallTestCaseKeyword.groovy:59)
	at com.kms.katalon.core.keyword.builtin.CallTestCaseKeyword$_callTestCase_closure1.call(CallTestCaseKeyword.groovy)
	at com.kms.katalon.core.keyword.internal.KeywordMain.runKeyword(KeywordMain.groovy:75)
	at com.kms.katalon.core.keyword.builtin.CallTestCaseKeyword.callTestCase(CallTestCaseKeyword.groovy:81)
	at com.kms.katalon.core.keyword.builtin.CallTestCaseKeyword.execute(CallTestCaseKeyword.groovy:44)
	at com.kms.katalon.core.keyword.internal.KeywordExecutor.executeKeywordForPlatform(KeywordExecutor.groovy:90)
	at com.kms.katalon.core.keyword.BuiltinKeywords.callTestCase(BuiltinKeywords.groovy:310)
	at java.base/jdk.internal.reflect.NativeMethodAccessorImpl.invoke0(Native Method)
	at java.base/jdk.internal.reflect.NativeMethodAccessorImpl.invoke(NativeMethodAccessorImpl.java:77)
	at java.base/jdk.internal.reflect.DelegatingMethodAccessorImpl.invoke(DelegatingMethodAccessorImpl.java:43)
	at Script1767670064994.run(Script1767670064994.groovy:42)
	... 17 more
)</message>
  <nestedLevel>2</nestedLevel>
  <escapedJava>false</escapedJava>
  <property name="failed.exception.class">org.openqa.selenium.SessionNotCreatedException</property>
  <property name="failed.exception.stacktrace">org.openqa.selenium.SessionNotCreatedException: Could not start a new session. Response code 500. Message: session not created: Chrome failed to start: crashed.
  (session not created: DevToolsActivePort file doesn&apos;t exist)
  (The process started from chrome location C:\Program Files\Google\Chrome\Application\chrome.exe is no longer running, so ChromeDriver is assuming that Chrome has crashed.) 
Host info: host: &apos;WINDOWS-10&apos;, ip: &apos;192.168.126.20&apos;
Build info: version: &apos;4.34.0&apos;, revision: &apos;707dcb4246*&apos;
System info: os.name: &apos;Windows 10&apos;, os.arch: &apos;amd64&apos;, os.version: &apos;10.0&apos;, java.version: &apos;17.0.14&apos;
Driver info: com.kms.katalon.selenium.driver.CChromeDriver
Command: [null, newSession {capabilities=[Capabilities {browserName: chrome, goog:chromeOptions: {args: [disable-features=DisableLoa..., --user-data-dir=C:\QA\Profi..., --profile-directory=Default], extensions: []}, unhandledPromptBehavior: {alert: ignore, beforeUnload: ignore, confirm: ignore, default: ignore, file: ignore, prompt: ignore}, webSocketUrl: true}]}]
	at org.openqa.selenium.remote.ProtocolHandshake.createSession(ProtocolHandshake.java:114)
	at org.openqa.selenium.remote.ProtocolHandshake.createSession(ProtocolHandshake.java:75)
	at org.openqa.selenium.remote.ProtocolHandshake.createSession(ProtocolHandshake.java:61)
	at org.openqa.selenium.remote.HttpCommandExecutor.execute(HttpCommandExecutor.java:187)
	at org.openqa.selenium.remote.service.DriverCommandExecutor.invokeExecute(DriverCommandExecutor.java:216)
	at org.openqa.selenium.remote.service.DriverCommandExecutor.execute(DriverCommandExecutor.java:174)
	at org.openqa.selenium.remote.RemoteWebDriver.execute(RemoteWebDriver.java:544)
	at org.openqa.selenium.remote.RemoteWebDriver.startSession(RemoteWebDriver.java:244)
	at org.openqa.selenium.remote.RemoteWebDriver.&lt;init&gt;(RemoteWebDriver.java:173)
	at org.openqa.selenium.chromium.ChromiumDriver.&lt;init&gt;(ChromiumDriver.java:110)
	at org.openqa.selenium.chrome.ChromeDriver.&lt;init&gt;(ChromeDriver.java:88)
	at org.openqa.selenium.chrome.ChromeDriver.&lt;init&gt;(ChromeDriver.java:83)
	at org.openqa.selenium.chrome.ChromeDriver.&lt;init&gt;(ChromeDriver.java:72)
	at com.kms.katalon.selenium.driver.CChromeDriver.&lt;init&gt;(CChromeDriver.java:15)
	at com.kms.katalon.core.webui.driver.chrome.ChromeDriverBuilder.createDriver(ChromeDriverBuilder.java:60)
	at com.kms.katalon.core.webui.driver.AbstractDriverBuilder.build(AbstractDriverBuilder.java:53)
	at com.kms.katalon.core.webui.driver.DriverFactory.startNewBrowser(DriverFactory.java:247)
	at com.kms.katalon.core.webui.driver.DriverFactory.openWebDriver(DriverFactory.java:149)
	at com.kms.katalon.core.webui.keyword.builtin.OpenBrowserKeyword$_openBrowser_closure1.doCall(OpenBrowserKeyword.groovy:44)
	at com.kms.katalon.core.webui.keyword.builtin.OpenBrowserKeyword$_openBrowser_closure1.call(OpenBrowserKeyword.groovy)
	at com.kms.katalon.core.webui.keyword.internal.WebUIKeywordMain.runKeyword(WebUIKeywordMain.groovy:41)
	at com.kms.katalon.core.webui.keyword.builtin.OpenBrowserKeyword.openBrowser(OpenBrowserKeyword.groovy:55)
	at com.kms.katalon.core.webui.keyword.builtin.OpenBrowserKeyword.execute(OpenBrowserKeyword.groovy:37)
	at com.kms.katalon.core.keyword.internal.KeywordExecutor.executeKeywordForPlatform(KeywordExecutor.groovy:90)
	at com.kms.katalon.core.webui.keyword.WebUiBuiltInKeywords.openBrowser(WebUiBuiltInKeywords.groovy:62)
	at LG-01.run(LG-01:19)
	at com.kms.katalon.core.main.ScriptEngine.run(ScriptEngine.java:194)
	at com.kms.katalon.core.main.ScriptEngine.runScriptAsRawText(ScriptEngine.java:119)
	at com.kms.katalon.core.main.TestCaseExecutor.runScript(TestCaseExecutor.java:490)
	at com.kms.katalon.core.main.TestCaseExecutor.doExecute(TestCaseExecutor.java:481)
	at com.kms.katalon.core.main.TestCaseExecutor.processExecutionPhase(TestCaseExecutor.java:460)
	at com.kms.katalon.core.main.TestCaseExecutor.accessMainPhase(TestCaseExecutor.java:452)
	at com.kms.katalon.core.main.TestCaseExecutor.execute(TestCaseExecutor.java:322)
	at com.kms.katalon.core.main.TestCaseMain.runTestCase(TestCaseMain.java:151)
	at com.kms.katalon.core.keyword.builtin.CallTestCaseKeyword$_callTestCase_closure1.doCall(CallTestCaseKeyword.groovy:59)
	at com.kms.katalon.core.keyword.builtin.CallTestCaseKeyword$_callTestCase_closure1.call(CallTestCaseKeyword.groovy)
	at com.kms.katalon.core.keyword.internal.KeywordMain.runKeyword(KeywordMain.groovy:75)
	at com.kms.katalon.core.keyword.builtin.CallTestCaseKeyword.callTestCase(CallTestCaseKeyword.groovy:81)
	at com.kms.katalon.core.keyword.builtin.CallTestCaseKeyword.execute(CallTestCaseKeyword.groovy:44)
	at com.kms.katalon.core.keyword.internal.KeywordExecutor.executeKeywordForPlatform(KeywordExecutor.groovy:90)
	at com.kms.katalon.core.keyword.BuiltinKeywords.callTestCase(BuiltinKeywords.groovy:310)
	at java.base/jdk.internal.reflect.NativeMethodAccessorImpl.invoke0(Native Method)
	at java.base/jdk.internal.reflect.NativeMethodAccessorImpl.invoke(NativeMethodAccessorImpl.java:77)
	at java.base/jdk.internal.reflect.DelegatingMethodAccessorImpl.invoke(DelegatingMethodAccessorImpl.java:43)
	at TC1.1.run(TC1.1:42)
	at com.kms.katalon.core.main.ScriptEngine.run(ScriptEngine.java:194)
	at com.kms.katalon.core.main.ScriptEngine.runScriptAsRawText(ScriptEngine.java:119)
	at com.kms.katalon.core.main.TestCaseExecutor.runScript(TestCaseExecutor.java:490)
	at com.kms.katalon.core.main.TestCaseExecutor.doExecute(TestCaseExecutor.java:481)
	at com.kms.katalon.core.main.TestCaseExecutor.processExecutionPhase(TestCaseExecutor.java:460)
	at com.kms.katalon.core.main.TestCaseExecutor.accessMainPhase(TestCaseExecutor.java:452)
	at com.kms.katalon.core.main.TestCaseExecutor.execute(TestCaseExecutor.java:322)
	at com.kms.katalon.core.main.TestCaseExecutor.execute(TestCaseExecutor.java:410)
	at com.kms.katalon.core.main.TestCaseExecutor.execute(TestCaseExecutor.java:410)
	at com.kms.katalon.core.common.CommonExecutor.accessTestCaseMainPhase(CommonExecutor.java:71)
	at com.kms.katalon.core.main.TestSuiteExecutor.accessTestSuiteMainPhase(TestSuiteExecutor.java:153)
	at com.kms.katalon.core.main.TestSuiteExecutor.execute(TestSuiteExecutor.java:110)
	at com.kms.katalon.core.main.TestCaseMain.startTestSuite(TestCaseMain.java:205)
	at TempTestSuite1767674856199.run(TempTestSuite1767674856199.groovy:35)
	at java.base/jdk.internal.reflect.NativeMethodAccessorImpl.invoke0(Native Method)
	at java.base/jdk.internal.reflect.NativeMethodAccessorImpl.invoke(NativeMethodAccessorImpl.java:77)
	at java.base/jdk.internal.reflect.DelegatingMethodAccessorImpl.invoke(DelegatingMethodAccessorImpl.java:43)
</property>
  <property name="failed.exception.message">Could not start a new session. Response code 500. Message: session not created: Chrome failed to start: crashed.
  (session not created: DevToolsActivePort file doesn&apos;t exist)
  (The process started from chrome location C:\Program Files\Google\Chrome\Application\chrome.exe is no longer running, so ChromeDriver is assuming that Chrome has crashed.) 
Host info: host: &apos;WINDOWS-10&apos;, ip: &apos;192.168.126.20&apos;
Build info: version: &apos;4.34.0&apos;, revision: &apos;707dcb4246*&apos;
System info: os.name: &apos;Windows 10&apos;, os.arch: &apos;amd64&apos;, os.version: &apos;10.0&apos;, java.version: &apos;17.0.14&apos;
Driver info: com.kms.katalon.selenium.driver.CChromeDriver
Command: [null, newSession {capabilities=[Capabilities {browserName: chrome, goog:chromeOptions: {args: [disable-features=DisableLoa..., --user-data-dir=C:\QA\Profi..., --profile-directory=Default], extensions: []}, unhandledPromptBehavior: {alert: ignore, beforeUnload: ignore, confirm: ignore, default: ignore, file: ignore, prompt: ignore}, webSocketUrl: true}]}]</property>
</record>
<record>
  <date>2026-01-06T04:47:44.240131400Z</date>
  <millis>1767674864240</millis>
  <nanos>131400</nanos>
  <sequence>159</sequence>
  <level>END</level>
  <class>com.kms.katalon.core.logging.XmlKeywordLogger</class>
  <method>endKeyword</method>
  <thread>1</thread>
  <message>End action : openBrowser(&amp;quot;&amp;quot;)</message>
  <nestedLevel>1</nestedLevel>
  <escapedJava>false</escapedJava>
</record>
<record>
  <date>2026-01-06T04:47:44.240131400Z</date>
  <millis>1767674864240</millis>
  <nanos>131400</nanos>
  <sequence>162</sequence>
  <level>FAILED</level>
  <class>com.kms.katalon.core.logging.XmlKeywordLogger</class>
  <method>logMessage</method>
  <thread>1</thread>
  <message>Test Cases/Login/LG-01 FAILED.
Reason:
com.kms.katalon.core.exception.StepFailedException: Unable to open browser with url: &amp;apos;&amp;apos;
	at com.kms.katalon.core.webui.keyword.internal.WebUIKeywordMain.stepFailed(WebUIKeywordMain.groovy:177)
	at com.kms.katalon.core.webui.keyword.internal.WebUIKeywordMain.runKeyword(WebUIKeywordMain.groovy:49)
	at com.kms.katalon.core.webui.keyword.builtin.OpenBrowserKeyword.openBrowser(OpenBrowserKeyword.groovy:55)
	at com.kms.katalon.core.webui.keyword.builtin.OpenBrowserKeyword.execute(OpenBrowserKeyword.groovy:37)
	at com.kms.katalon.core.keyword.internal.KeywordExecutor.executeKeywordForPlatform(KeywordExecutor.groovy:90)
	at com.kms.katalon.core.webui.keyword.WebUiBuiltInKeywords.openBrowser(WebUiBuiltInKeywords.groovy:62)
	at LG-01.run(LG-01:19)
	at com.kms.katalon.core.main.ScriptEngine.run(ScriptEngine.java:194)
	at com.kms.katalon.core.main.ScriptEngine.runScriptAsRawText(ScriptEngine.java:119)
	at com.kms.katalon.core.main.TestCaseExecutor.runScript(TestCaseExecutor.java:490)
	at com.kms.katalon.core.main.TestCaseExecutor.doExecute(TestCaseExecutor.java:481)
	at com.kms.katalon.core.main.TestCaseExecutor.processExecutionPhase(TestCaseExecutor.java:460)
	at com.kms.katalon.core.main.TestCaseExecutor.accessMainPhase(TestCaseExecutor.java:452)
	at com.kms.katalon.core.main.TestCaseExecutor.execute(TestCaseExecutor.java:322)
	at com.kms.katalon.core.main.TestCaseMain.runTestCase(TestCaseMain.java:151)
	at com.kms.katalon.core.keyword.builtin.CallTestCaseKeyword$_callTestCase_closure1.doCall(CallTestCaseKeyword.groovy:59)
	at com.kms.katalon.core.keyword.builtin.CallTestCaseKeyword$_callTestCase_closure1.call(CallTestCaseKeyword.groovy)
	at com.kms.katalon.core.keyword.internal.KeywordMain.runKeyword(KeywordMain.groovy:75)
	at com.kms.katalon.core.keyword.builtin.CallTestCaseKeyword.callTestCase(CallTestCaseKeyword.groovy:81)
	at com.kms.katalon.core.keyword.builtin.CallTestCaseKeyword.execute(CallTestCaseKeyword.groovy:44)
	at com.kms.katalon.core.keyword.internal.KeywordExecutor.executeKeywordForPlatform(KeywordExecutor.groovy:90)
	at com.kms.katalon.core.keyword.BuiltinKeywords.callTestCase(BuiltinKeywords.groovy:310)
	at java.base/jdk.internal.reflect.NativeMethodAccessorImpl.invoke0(Native Method)
	at java.base/jdk.internal.reflect.NativeMethodAccessorImpl.invoke(NativeMethodAccessorImpl.java:77)
	at java.base/jdk.internal.reflect.DelegatingMethodAccessorImpl.invoke(DelegatingMethodAccessorImpl.java:43)
	at TC1.1.run(TC1.1:42)
	at com.kms.katalon.core.main.ScriptEngine.run(ScriptEngine.java:194)
	at com.kms.katalon.core.main.ScriptEngine.runScriptAsRawText(ScriptEngine.java:119)
	at com.kms.katalon.core.main.TestCaseExecutor.runScript(TestCaseExecutor.java:490)
	at com.kms.katalon.core.main.TestCaseExecutor.doExecute(TestCaseExecutor.java:481)
	at com.kms.katalon.core.main.TestCaseExecutor.processExecutionPhase(TestCaseExecutor.java:460)
	at com.kms.katalon.core.main.TestCaseExecutor.accessMainPhase(TestCaseExecutor.java:452)
	at com.kms.katalon.core.main.TestCaseExecutor.execute(TestCaseExecutor.java:322)
	at com.kms.katalon.core.main.TestCaseExecutor.execute(TestCaseExecutor.java:410)
	at com.kms.katalon.core.main.TestCaseExecutor.execute(TestCaseExecutor.java:410)
	at com.kms.katalon.core.common.CommonExecutor.accessTestCaseMainPhase(CommonExecutor.java:71)
	at com.kms.katalon.core.main.TestSuiteExecutor.accessTestSuiteMainPhase(TestSuiteExecutor.java:153)
	at com.kms.katalon.core.main.TestSuiteExecutor.execute(TestSuiteExecutor.java:110)
	at com.kms.katalon.core.main.TestCaseMain.startTestSuite(TestCaseMain.java:205)
	at TempTestSuite1767674856199.run(TempTestSuite1767674856199.groovy:35)
	at java.base/jdk.internal.reflect.NativeMethodAccessorImpl.invoke0(Native Method)
	at java.base/jdk.internal.reflect.NativeMethodAccessorImpl.invoke(NativeMethodAccessorImpl.java:77)
	at java.base/jdk.internal.reflect.DelegatingMethodAccessorImpl.invoke(DelegatingMethodAccessorImpl.java:43)
Caused by: org.openqa.selenium.SessionNotCreatedException: Could not start a new session. Response code 500. Message: session not created: Chrome failed to start: crashed.
  (session not created: DevToolsActivePort file doesn&amp;apos;t exist)
  (The process started from chrome location C:\Program Files\Google\Chrome\Application\chrome.exe is no longer running, so ChromeDriver is assuming that Chrome has crashed.) 
Host info: host: &amp;apos;WINDOWS-10&amp;apos;, ip: &amp;apos;192.168.126.20&amp;apos;
Build info: version: &amp;apos;4.34.0&amp;apos;, revision: &amp;apos;707dcb4246*&amp;apos;
System info: os.name: &amp;apos;Windows 10&amp;apos;, os.arch: &amp;apos;amd64&amp;apos;, os.version: &amp;apos;10.0&amp;apos;, java.version: &amp;apos;17.0.14&amp;apos;
Driver info: com.kms.katalon.selenium.driver.CChromeDriver
Command: [null, newSession {capabilities=[Capabilities {browserName: chrome, goog:chromeOptions: {args: [disable-features=DisableLoa..., --user-data-dir=C:\QA\Profi..., --profile-directory=Default], extensions: []}, unhandledPromptBehavior: {alert: ignore, beforeUnload: ignore, confirm: ignore, default: ignore, file: ignore, prompt: ignore}, webSocketUrl: true}]}]
	at org.openqa.selenium.remote.ProtocolHandshake.createSession(ProtocolHandshake.java:114)
	at org.openqa.selenium.remote.ProtocolHandshake.createSession(ProtocolHandshake.java:75)
	at org.openqa.selenium.remote.ProtocolHandshake.createSession(ProtocolHandshake.java:61)
	at org.openqa.selenium.remote.HttpCommandExecutor.execute(HttpCommandExecutor.java:187)
	at org.openqa.selenium.remote.service.DriverCommandExecutor.invokeExecute(DriverCommandExecutor.java:216)
	at org.openqa.selenium.remote.service.DriverCommandExecutor.execute(DriverCommandExecutor.java:174)
	at org.openqa.selenium.remote.RemoteWebDriver.execute(RemoteWebDriver.java:544)
	at org.openqa.selenium.remote.RemoteWebDriver.startSession(RemoteWebDriver.java:244)
	at org.openqa.selenium.remote.RemoteWebDriver.&amp;lt;init&amp;gt;(RemoteWebDriver.java:173)
	at org.openqa.selenium.chromium.ChromiumDriver.&amp;lt;init&amp;gt;(ChromiumDriver.java:110)
	at org.openqa.selenium.chrome.ChromeDriver.&amp;lt;init&amp;gt;(ChromeDriver.java:88)
	at org.openqa.selenium.chrome.ChromeDriver.&amp;lt;init&amp;gt;(ChromeDriver.java:83)
	at org.openqa.selenium.chrome.ChromeDriver.&amp;lt;init&amp;gt;(ChromeDriver.java:72)
	at com.kms.katalon.selenium.driver.CChromeDriver.&amp;lt;init&amp;gt;(CChromeDriver.java:15)
	at com.kms.katalon.core.webui.driver.chrome.ChromeDriverBuilder.createDriver(ChromeDriverBuilder.java:60)
	at com.kms.katalon.core.webui.driver.AbstractDriverBuilder.build(AbstractDriverBuilder.java:53)
	at com.kms.katalon.core.webui.driver.DriverFactory.startNewBrowser(DriverFactory.java:247)
	at com.kms.katalon.core.webui.driver.DriverFactory.openWebDriver(DriverFactory.java:149)
	at com.kms.katalon.core.webui.keyword.builtin.OpenBrowserKeyword$_openBrowser_closure1.doCall(OpenBrowserKeyword.groovy:44)
	at com.kms.katalon.core.webui.keyword.builtin.OpenBrowserKeyword$_openBrowser_closure1.call(OpenBrowserKeyword.groovy)
	at com.kms.katalon.core.webui.keyword.internal.WebUIKeywordMain.runKeyword(WebUIKeywordMain.groovy:41)
	... 41 more
</message>
  <exception>
    <message>com.kms.katalon.core.exception.StepFailedException: Unable to open browser with url: ''</message>
    <frame>
      <class>com.kms.katalon.core.logging.XmlKeywordLogger</class>
      <method>logMessage</method>
      <line>512</line>
    </frame>
    <frame>
      <class>com.kms.katalon.core.logging.KeywordLogger</class>
      <method>logMessage</method>
      <line>447</line>
    </frame>
    <frame>
      <class>com.kms.katalon.core.main.TestCaseExecutor</class>
      <method>logError</method>
      <line>599</line>
    </frame>
    <frame>
      <class>com.kms.katalon.core.main.TestCaseExecutor</class>
      <method>onExecutionError</method>
      <line>187</line>
    </frame>
    <frame>
      <class>com.kms.katalon.core.main.TestCaseExecutor</class>
      <method>processExecutionPhase</method>
      <line>470</line>
    </frame>
    <frame>
      <class>com.kms.katalon.core.main.TestCaseExecutor</class>
      <method>accessMainPhase</method>
      <line>452</line>
    </frame>
    <frame>
      <class>com.kms.katalon.core.main.TestCaseExecutor</class>
      <method>execute</method>
      <line>322</line>
    </frame>
    <frame>
      <class>com.kms.katalon.core.main.TestCaseMain</class>
      <method>runTestCase</method>
      <line>151</line>
    </frame>
    <frame>
      <class>com.kms.katalon.core.keyword.builtin.CallTestCaseKeyword$_callTestCase_closure1</class>
      <method>doCall</method>
      <line>59</line>
    </frame>
    <frame>
      <class>com.kms.katalon.core.keyword.builtin.CallTestCaseKeyword$_callTestCase_closure1</class>
      <method>call</method>
    </frame>
    <frame>
      <class>com.kms.katalon.core.keyword.internal.KeywordMain</class>
      <method>runKeyword</method>
      <line>75</line>
    </frame>
    <frame>
      <class>com.kms.katalon.core.keyword.builtin.CallTestCaseKeyword</class>
      <method>callTestCase</method>
      <line>81</line>
    </frame>
    <frame>
      <class>com.kms.katalon.core.keyword.builtin.CallTestCaseKeyword</class>
      <method>execute</method>
      <line>44</line>
    </frame>
    <frame>
      <class>com.kms.katalon.core.keyword.internal.KeywordExecutor</class>
      <method>executeKeywordForPlatform</method>
      <line>90</line>
    </frame>
    <frame>
      <class>com.kms.katalon.core.keyword.BuiltinKeywords</class>
      <method>callTestCase</method>
      <line>310</line>
    </frame>
    <frame>
      <class>jdk.internal.reflect.NativeMethodAccessorImpl</class>
      <method>invoke0</method>
    </frame>
    <frame>
      <class>jdk.internal.reflect.NativeMethodAccessorImpl</class>
      <method>invoke</method>
      <line>77</line>
    </frame>
    <frame>
      <class>jdk.internal.reflect.DelegatingMethodAccessorImpl</class>
      <method>invoke</method>
      <line>43</line>
    </frame>
    <frame>
      <class>java.lang.reflect.Method</class>
      <method>invoke</method>
      <line>569</line>
    </frame>
    <frame>
      <class>org.codehaus.groovy.reflection.CachedMethod</class>
      <method>invoke</method>
      <line>107</line>
    </frame>
    <frame>
      <class>groovy.lang.MetaMethod</class>
      <method>doMethodInvoke</method>
      <line>323</line>
    </frame>
    <frame>
      <class>groovy.lang.MetaClassImpl</class>
      <method>invokeStaticMethod</method>
      <line>1536</line>
    </frame>
    <frame>
      <class>org.codehaus.groovy.vmplugin.v8.IndyInterface</class>
      <method>fromCache</method>
      <line>318</line>
    </frame>
    <frame>
      <class>Script1767670064994</class>
      <method>run</method>
      <line>42</line>
    </frame>
    <frame>
      <class>com.kms.katalon.core.main.ScriptEngine</class>
      <method>run</method>
      <line>194</line>
    </frame>
    <frame>
      <class>com.kms.katalon.core.main.ScriptEngine</class>
      <method>runScriptAsRawText</method>
      <line>119</line>
    </frame>
    <frame>
      <class>com.kms.katalon.core.main.TestCaseExecutor</class>
      <method>runScript</method>
      <line>490</line>
    </frame>
    <frame>
      <class>com.kms.katalon.core.main.TestCaseExecutor</class>
      <method>doExecute</method>
      <line>481</line>
    </frame>
    <frame>
      <class>com.kms.katalon.core.main.TestCaseExecutor</class>
      <method>processExecutionPhase</method>
      <line>460</line>
    </frame>
    <frame>
      <class>com.kms.katalon.core.main.TestCaseExecutor</class>
      <method>accessMainPhase</method>
      <line>452</line>
    </frame>
    <frame>
      <class>com.kms.katalon.core.main.TestCaseExecutor</class>
      <method>execute</method>
      <line>322</line>
    </frame>
    <frame>
      <class>com.kms.katalon.core.main.TestCaseExecutor</class>
      <method>execute</method>
      <line>410</line>
    </frame>
    <frame>
      <class>com.kms.katalon.core.main.TestCaseExecutor</class>
      <method>execute</method>
      <line>410</line>
    </frame>
    <frame>
      <class>com.kms.katalon.core.common.CommonExecutor</class>
      <method>accessTestCaseMainPhase</method>
      <line>71</line>
    </frame>
    <frame>
      <class>com.kms.katalon.core.main.TestSuiteExecutor</class>
      <method>accessTestSuiteMainPhase</method>
      <line>153</line>
    </frame>
    <frame>
      <class>com.kms.katalon.core.main.TestSuiteExecutor</class>
      <method>execute</method>
      <line>110</line>
    </frame>
    <frame>
      <class>com.kms.katalon.core.main.TestCaseMain</class>
      <method>startTestSuite</method>
      <line>205</line>
    </frame>
    <frame>
      <class>org.codehaus.groovy.vmplugin.v8.IndyInterface</class>
      <method>fromCache</method>
      <line>318</line>
    </frame>
    <frame>
      <class>TempTestSuite1767674856199</class>
      <method>run</method>
      <line>35</line>
    </frame>
    <frame>
      <class>groovy.lang.GroovyShell</class>
      <method>runScriptOrMainOrTestOrRunnable</method>
      <line>254</line>
    </frame>
    <frame>
      <class>groovy.lang.GroovyShell</class>
      <method>run</method>
      <line>360</line>
    </frame>
    <frame>
      <class>groovy.lang.GroovyShell</class>
      <method>run</method>
      <line>349</line>
    </frame>
    <frame>
      <class>groovy.ui.GroovyMain</class>
      <method>processOnce</method>
      <line>652</line>
    </frame>
    <frame>
      <class>groovy.ui.GroovyMain</class>
      <method>run</method>
      <line>398</line>
    </frame>
    <frame>
      <class>groovy.ui.GroovyMain</class>
      <method>access$1400</method>
      <line>68</line>
    </frame>
    <frame>
      <class>groovy.ui.GroovyMain$GroovyCommand</class>
      <method>process</method>
      <line>322</line>
    </frame>
    <frame>
      <class>groovy.ui.GroovyMain</class>
      <method>processArgs</method>
      <line>142</line>
    </frame>
    <frame>
      <class>groovy.ui.GroovyMain</class>
      <method>main</method>
      <line>115</line>
    </frame>
    <frame>
      <class>jdk.internal.reflect.NativeMethodAccessorImpl</class>
      <method>invoke0</method>
    </frame>
    <frame>
      <class>jdk.internal.reflect.NativeMethodAccessorImpl</class>
      <method>invoke</method>
      <line>77</line>
    </frame>
    <frame>
      <class>jdk.internal.reflect.DelegatingMethodAccessorImpl</class>
      <method>invoke</method>
      <line>43</line>
    </frame>
    <frame>
      <class>java.lang.reflect.Method</class>
      <method>invoke</method>
      <line>569</line>
    </frame>
    <frame>
      <class>org.codehaus.groovy.tools.GroovyStarter</class>
      <method>rootLoader</method>
      <line>117</line>
    </frame>
    <frame>
      <class>org.codehaus.groovy.tools.GroovyStarter</class>
      <method>main</method>
      <line>39</line>
    </frame>
  </exception>
  <nestedLevel>0</nestedLevel>
  <escapedJava>false</escapedJava>
  <property name="failed.exception.stacktrace">org.openqa.selenium.SessionNotCreatedException: Could not start a new session. Response code 500. Message: session not created: Chrome failed to start: crashed.
  (session not created: DevToolsActivePort file doesn&apos;t exist)
  (The process started from chrome location C:\Program Files\Google\Chrome\Application\chrome.exe is no longer running, so ChromeDriver is assuming that Chrome has crashed.) 
Host info: host: &apos;WINDOWS-10&apos;, ip: &apos;192.168.126.20&apos;
Build info: version: &apos;4.34.0&apos;, revision: &apos;707dcb4246*&apos;
System info: os.name: &apos;Windows 10&apos;, os.arch: &apos;amd64&apos;, os.version: &apos;10.0&apos;, java.version: &apos;17.0.14&apos;
Driver info: com.kms.katalon.selenium.driver.CChromeDriver
Command: [null, newSession {capabilities=[Capabilities {browserName: chrome, goog:chromeOptions: {args: [disable-features=DisableLoa..., --user-data-dir=C:\QA\Profi..., --profile-directory=Default], extensions: []}, unhandledPromptBehavior: {alert: ignore, beforeUnload: ignore, confirm: ignore, default: ignore, file: ignore, prompt: ignore}, webSocketUrl: true}]}]
	at org.openqa.selenium.remote.ProtocolHandshake.createSession(ProtocolHandshake.java:114)
	at org.openqa.selenium.remote.ProtocolHandshake.createSession(ProtocolHandshake.java:75)
	at org.openqa.selenium.remote.ProtocolHandshake.createSession(ProtocolHandshake.java:61)
	at org.openqa.selenium.remote.HttpCommandExecutor.execute(HttpCommandExecutor.java:187)
	at org.openqa.selenium.remote.service.DriverCommandExecutor.invokeExecute(DriverCommandExecutor.java:216)
	at org.openqa.selenium.remote.service.DriverCommandExecutor.execute(DriverCommandExecutor.java:174)
	at org.openqa.selenium.remote.RemoteWebDriver.execute(RemoteWebDriver.java:544)
	at org.openqa.selenium.remote.RemoteWebDriver.startSession(RemoteWebDriver.java:244)
	at org.openqa.selenium.remote.RemoteWebDriver.&lt;init&gt;(RemoteWebDriver.java:173)
	at org.openqa.selenium.chromium.ChromiumDriver.&lt;init&gt;(ChromiumDriver.java:110)
	at org.openqa.selenium.chrome.ChromeDriver.&lt;init&gt;(ChromeDriver.java:88)
	at org.openqa.selenium.chrome.ChromeDriver.&lt;init&gt;(ChromeDriver.java:83)
	at org.openqa.selenium.chrome.ChromeDriver.&lt;init&gt;(ChromeDriver.java:72)
	at com.kms.katalon.selenium.driver.CChromeDriver.&lt;init&gt;(CChromeDriver.java:15)
	at com.kms.katalon.core.webui.driver.chrome.ChromeDriverBuilder.createDriver(ChromeDriverBuilder.java:60)
	at com.kms.katalon.core.webui.driver.AbstractDriverBuilder.build(AbstractDriverBuilder.java:53)
	at com.kms.katalon.core.webui.driver.DriverFactory.startNewBrowser(DriverFactory.java:247)
	at com.kms.katalon.core.webui.driver.DriverFactory.openWebDriver(DriverFactory.java:149)
	at com.kms.katalon.core.webui.keyword.builtin.OpenBrowserKeyword$_openBrowser_closure1.doCall(OpenBrowserKeyword.groovy:44)
	at com.kms.katalon.core.webui.keyword.builtin.OpenBrowserKeyword$_openBrowser_closure1.call(OpenBrowserKeyword.groovy)
	at com.kms.katalon.core.webui.keyword.internal.WebUIKeywordMain.runKeyword(WebUIKeywordMain.groovy:41)
	at com.kms.katalon.core.webui.keyword.builtin.OpenBrowserKeyword.openBrowser(OpenBrowserKeyword.groovy:55)
	at com.kms.katalon.core.webui.keyword.builtin.OpenBrowserKeyword.execute(OpenBrowserKeyword.groovy:37)
	at com.kms.katalon.core.keyword.internal.KeywordExecutor.executeKeywordForPlatform(KeywordExecutor.groovy:90)
	at com.kms.katalon.core.webui.keyword.WebUiBuiltInKeywords.openBrowser(WebUiBuiltInKeywords.groovy:62)
	at LG-01.run(LG-01:19)
	at com.kms.katalon.core.main.ScriptEngine.run(ScriptEngine.java:194)
	at com.kms.katalon.core.main.ScriptEngine.runScriptAsRawText(ScriptEngine.java:119)
	at com.kms.katalon.core.main.TestCaseExecutor.runScript(TestCaseExecutor.java:490)
	at com.kms.katalon.core.main.TestCaseExecutor.doExecute(TestCaseExecutor.java:481)
	at com.kms.katalon.core.main.TestCaseExecutor.processExecutionPhase(TestCaseExecutor.java:460)
	at com.kms.katalon.core.main.TestCaseExecutor.accessMainPhase(TestCaseExecutor.java:452)
	at com.kms.katalon.core.main.TestCaseExecutor.execute(TestCaseExecutor.java:322)
	at com.kms.katalon.core.main.TestCaseMain.runTestCase(TestCaseMain.java:151)
	at com.kms.katalon.core.keyword.builtin.CallTestCaseKeyword$_callTestCase_closure1.doCall(CallTestCaseKeyword.groovy:59)
	at com.kms.katalon.core.keyword.builtin.CallTestCaseKeyword$_callTestCase_closure1.call(CallTestCaseKeyword.groovy)
	at com.kms.katalon.core.keyword.internal.KeywordMain.runKeyword(KeywordMain.groovy:75)
	at com.kms.katalon.core.keyword.builtin.CallTestCaseKeyword.callTestCase(CallTestCaseKeyword.groovy:81)
	at com.kms.katalon.core.keyword.builtin.CallTestCaseKeyword.execute(CallTestCaseKeyword.groovy:44)
	at com.kms.katalon.core.keyword.internal.KeywordExecutor.executeKeywordForPlatform(KeywordExecutor.groovy:90)
	at com.kms.katalon.core.keyword.BuiltinKeywords.callTestCase(BuiltinKeywords.groovy:310)
	at java.base/jdk.internal.reflect.NativeMethodAccessorImpl.invoke0(Native Method)
	at java.base/jdk.internal.reflect.NativeMethodAccessorImpl.invoke(NativeMethodAccessorImpl.java:77)
	at java.base/jdk.internal.reflect.DelegatingMethodAccessorImpl.invoke(DelegatingMethodAccessorImpl.java:43)
	at TC1.1.run(TC1.1:42)
	at com.kms.katalon.core.main.ScriptEngine.run(ScriptEngine.java:194)
	at com.kms.katalon.core.main.ScriptEngine.runScriptAsRawText(ScriptEngine.java:119)
	at com.kms.katalon.core.main.TestCaseExecutor.runScript(TestCaseExecutor.java:490)
	at com.kms.katalon.core.main.TestCaseExecutor.doExecute(TestCaseExecutor.java:481)
	at com.kms.katalon.core.main.TestCaseExecutor.processExecutionPhase(TestCaseExecutor.java:460)
	at com.kms.katalon.core.main.TestCaseExecutor.accessMainPhase(TestCaseExecutor.java:452)
	at com.kms.katalon.core.main.TestCaseExecutor.execute(TestCaseExecutor.java:322)
	at com.kms.katalon.core.main.TestCaseExecutor.execute(TestCaseExecutor.java:410)
	at com.kms.katalon.core.main.TestCaseExecutor.execute(TestCaseExecutor.java:410)
	at com.kms.katalon.core.common.CommonExecutor.accessTestCaseMainPhase(CommonExecutor.java:71)
	at com.kms.katalon.core.main.TestSuiteExecutor.accessTestSuiteMainPhase(TestSuiteExecutor.java:153)
	at com.kms.katalon.core.main.TestSuiteExecutor.execute(TestSuiteExecutor.java:110)
	at com.kms.katalon.core.main.TestCaseMain.startTestSuite(TestCaseMain.java:205)
	at TempTestSuite1767674856199.run(TempTestSuite1767674856199.groovy:35)
	at java.base/jdk.internal.reflect.NativeMethodAccessorImpl.invoke0(Native Method)
	at java.base/jdk.internal.reflect.NativeMethodAccessorImpl.invoke(NativeMethodAccessorImpl.java:77)
	at java.base/jdk.internal.reflect.DelegatingMethodAccessorImpl.invoke(DelegatingMethodAccessorImpl.java:43)
</property>
  <property name="failed.exception.class">org.openqa.selenium.SessionNotCreatedException</property>
  <property name="failed.exception.message">Could not start a new session. Response code 500. Message: session not created: Chrome failed to start: crashed.
  (session not created: DevToolsActivePort file doesn&apos;t exist)
  (The process started from chrome location C:\Program Files\Google\Chrome\Application\chrome.exe is no longer running, so ChromeDriver is assuming that Chrome has crashed.) 
Host info: host: &apos;WINDOWS-10&apos;, ip: &apos;192.168.126.20&apos;
Build info: version: &apos;4.34.0&apos;, revision: &apos;707dcb4246*&apos;
System info: os.name: &apos;Windows 10&apos;, os.arch: &apos;amd64&apos;, os.version: &apos;10.0&apos;, java.version: &apos;17.0.14&apos;
Driver info: com.kms.katalon.selenium.driver.CChromeDriver
Command: [null, newSession {capabilities=[Capabilities {browserName: chrome, goog:chromeOptions: {args: [disable-features=DisableLoa..., --user-data-dir=C:\QA\Profi..., --profile-directory=Default], extensions: []}, unhandledPromptBehavior: {alert: ignore, beforeUnload: ignore, confirm: ignore, default: ignore, file: ignore, prompt: ignore}, webSocketUrl: true}]}]</property>
</record>
<record>
  <date>2026-01-06T04:47:44.243130800Z</date>
  <millis>1767674864243</millis>
  <nanos>130800</nanos>
  <sequence>164</sequence>
  <level>END</level>
  <class>com.kms.katalon.core.logging.XmlKeywordLogger</class>
  <method>endTest</method>
  <thread>1</thread>
  <message>End Test Case : Test Cases/Login/LG-01</message>
  <nestedLevel>1</nestedLevel>
  <escapedJava>false</escapedJava>
</record>
<record>
  <date>2026-01-06T04:47:44.245131400Z</date>
  <millis>1767674864245</millis>
  <nanos>131400</nanos>
  <sequence>169</sequence>
  <level>FAILED</level>
  <class>com.kms.katalon.core.logging.XmlKeywordLogger</class>
  <method>logMessage</method>
  <thread>1</thread>
  <message>Unable to call Test Case &amp;apos;Test Cases/Login/LG-01&amp;apos; (Root cause: com.kms.katalon.core.exception.StepFailedException: Call Test Case &amp;apos;Test Cases/Login/LG-01&amp;apos; failed
	at com.kms.katalon.core.keyword.builtin.CallTestCaseKeyword$_callTestCase_closure1.doCall(CallTestCaseKeyword.groovy:63)
	at com.kms.katalon.core.keyword.builtin.CallTestCaseKeyword$_callTestCase_closure1.call(CallTestCaseKeyword.groovy)
	at com.kms.katalon.core.keyword.internal.KeywordMain.runKeyword(KeywordMain.groovy:75)
	at com.kms.katalon.core.keyword.builtin.CallTestCaseKeyword.callTestCase(CallTestCaseKeyword.groovy:81)
	at com.kms.katalon.core.keyword.builtin.CallTestCaseKeyword.execute(CallTestCaseKeyword.groovy:44)
	at com.kms.katalon.core.keyword.internal.KeywordExecutor.executeKeywordForPlatform(KeywordExecutor.groovy:90)
	at com.kms.katalon.core.keyword.BuiltinKeywords.callTestCase(BuiltinKeywords.groovy:310)
	at java.base/jdk.internal.reflect.NativeMethodAccessorImpl.invoke0(Native Method)
	at java.base/jdk.internal.reflect.NativeMethodAccessorImpl.invoke(NativeMethodAccessorImpl.java:77)
	at java.base/jdk.internal.reflect.DelegatingMethodAccessorImpl.invoke(DelegatingMethodAccessorImpl.java:43)
	at TC1.1.run(TC1.1:42)
	at com.kms.katalon.core.main.ScriptEngine.run(ScriptEngine.java:194)
	at com.kms.katalon.core.main.ScriptEngine.runScriptAsRawText(ScriptEngine.java:119)
	at com.kms.katalon.core.main.TestCaseExecutor.runScript(TestCaseExecutor.java:490)
	at com.kms.katalon.core.main.TestCaseExecutor.doExecute(TestCaseExecutor.java:481)
	at com.kms.katalon.core.main.TestCaseExecutor.processExecutionPhase(TestCaseExecutor.java:460)
	at com.kms.katalon.core.main.TestCaseExecutor.accessMainPhase(TestCaseExecutor.java:452)
	at com.kms.katalon.core.main.TestCaseExecutor.execute(TestCaseExecutor.java:322)
	at com.kms.katalon.core.main.TestCaseExecutor.execute(TestCaseExecutor.java:410)
	at com.kms.katalon.core.main.TestCaseExecutor.execute(TestCaseExecutor.java:410)
	at com.kms.katalon.core.common.CommonExecutor.accessTestCaseMainPhase(CommonExecutor.java:71)
	at com.kms.katalon.core.main.TestSuiteExecutor.accessTestSuiteMainPhase(TestSuiteExecutor.java:153)
	at com.kms.katalon.core.main.TestSuiteExecutor.execute(TestSuiteExecutor.java:110)
	at com.kms.katalon.core.main.TestCaseMain.startTestSuite(TestCaseMain.java:205)
	at TempTestSuite1767674856199.run(TempTestSuite1767674856199.groovy:35)
	at java.base/jdk.internal.reflect.NativeMethodAccessorImpl.invoke0(Native Method)
	at java.base/jdk.internal.reflect.NativeMethodAccessorImpl.invoke(NativeMethodAccessorImpl.java:77)
	at java.base/jdk.internal.reflect.DelegatingMethodAccessorImpl.invoke(DelegatingMethodAccessorImpl.java:43)
Caused by: com.kms.katalon.core.exception.StepFailedException: Unable to open browser with url: &amp;apos;&amp;apos;
	at com.kms.katalon.core.webui.keyword.internal.WebUIKeywordMain.stepFailed(WebUIKeywordMain.groovy:177)
	at com.kms.katalon.core.webui.keyword.internal.WebUIKeywordMain.runKeyword(WebUIKeywordMain.groovy:49)
	at com.kms.katalon.core.webui.keyword.builtin.OpenBrowserKeyword.openBrowser(OpenBrowserKeyword.groovy:55)
	at com.kms.katalon.core.webui.keyword.builtin.OpenBrowserKeyword.execute(OpenBrowserKeyword.groovy:37)
	at com.kms.katalon.core.keyword.internal.KeywordExecutor.executeKeywordForPlatform(KeywordExecutor.groovy:90)
	at com.kms.katalon.core.webui.keyword.WebUiBuiltInKeywords.openBrowser(WebUiBuiltInKeywords.groovy:62)
	at LG-01.run(LG-01:19)
	at com.kms.katalon.core.main.ScriptEngine.run(ScriptEngine.java:194)
	at com.kms.katalon.core.main.ScriptEngine.runScriptAsRawText(ScriptEngine.java:119)
	at com.kms.katalon.core.main.TestCaseExecutor.runScript(TestCaseExecutor.java:490)
	at com.kms.katalon.core.main.TestCaseExecutor.doExecute(TestCaseExecutor.java:481)
	at com.kms.katalon.core.main.TestCaseExecutor.processExecutionPhase(TestCaseExecutor.java:460)
	at com.kms.katalon.core.main.TestCaseExecutor.accessMainPhase(TestCaseExecutor.java:452)
	at com.kms.katalon.core.main.TestCaseExecutor.execute(TestCaseExecutor.java:322)
	at com.kms.katalon.core.main.TestCaseMain.runTestCase(TestCaseMain.java:151)
	at com.kms.katalon.core.keyword.builtin.CallTestCaseKeyword$_callTestCase_closure1.doCall(CallTestCaseKeyword.groovy:59)
	... 27 more
Caused by: org.openqa.selenium.SessionNotCreatedException: Could not start a new session. Response code 500. Message: session not created: Chrome failed to start: crashed.
  (session not created: DevToolsActivePort file doesn&amp;apos;t exist)
  (The process started from chrome location C:\Program Files\Google\Chrome\Application\chrome.exe is no longer running, so ChromeDriver is assuming that Chrome has crashed.) 
Host info: host: &amp;apos;WINDOWS-10&amp;apos;, ip: &amp;apos;192.168.126.20&amp;apos;
Build info: version: &amp;apos;4.34.0&amp;apos;, revision: &amp;apos;707dcb4246*&amp;apos;
System info: os.name: &amp;apos;Windows 10&amp;apos;, os.arch: &amp;apos;amd64&amp;apos;, os.version: &amp;apos;10.0&amp;apos;, java.version: &amp;apos;17.0.14&amp;apos;
Driver info: com.kms.katalon.selenium.driver.CChromeDriver
Command: [null, newSession {capabilities=[Capabilities {browserName: chrome, goog:chromeOptions: {args: [disable-features=DisableLoa..., --user-data-dir=C:\QA\Profi..., --profile-directory=Default], extensions: []}, unhandledPromptBehavior: {alert: ignore, beforeUnload: ignore, confirm: ignore, default: ignore, file: ignore, prompt: ignore}, webSocketUrl: true}]}]
	at org.openqa.selenium.remote.ProtocolHandshake.createSession(ProtocolHandshake.java:114)
	at org.openqa.selenium.remote.ProtocolHandshake.createSession(ProtocolHandshake.java:75)
	at org.openqa.selenium.remote.ProtocolHandshake.createSession(ProtocolHandshake.java:61)
	at org.openqa.selenium.remote.HttpCommandExecutor.execute(HttpCommandExecutor.java:187)
	at org.openqa.selenium.remote.service.DriverCommandExecutor.invokeExecute(DriverCommandExecutor.java:216)
	at org.openqa.selenium.remote.service.DriverCommandExecutor.execute(DriverCommandExecutor.java:174)
	at org.openqa.selenium.remote.RemoteWebDriver.execute(RemoteWebDriver.java:544)
	at org.openqa.selenium.remote.RemoteWebDriver.startSession(RemoteWebDriver.java:244)
	at org.openqa.selenium.remote.RemoteWebDriver.&amp;lt;init&amp;gt;(RemoteWebDriver.java:173)
	at org.openqa.selenium.chromium.ChromiumDriver.&amp;lt;init&amp;gt;(ChromiumDriver.java:110)
	at org.openqa.selenium.chrome.ChromeDriver.&amp;lt;init&amp;gt;(ChromeDriver.java:88)
	at org.openqa.selenium.chrome.ChromeDriver.&amp;lt;init&amp;gt;(ChromeDriver.java:83)
	at org.openqa.selenium.chrome.ChromeDriver.&amp;lt;init&amp;gt;(ChromeDriver.java:72)
	at com.kms.katalon.selenium.driver.CChromeDriver.&amp;lt;init&amp;gt;(CChromeDriver.java:15)
	at com.kms.katalon.core.webui.driver.chrome.ChromeDriverBuilder.createDriver(ChromeDriverBuilder.java:60)
	at com.kms.katalon.core.webui.driver.AbstractDriverBuilder.build(AbstractDriverBuilder.java:53)
	at com.kms.katalon.core.webui.driver.DriverFactory.startNewBrowser(DriverFactory.java:247)
	at com.kms.katalon.core.webui.driver.DriverFactory.openWebDriver(DriverFactory.java:149)
	at com.kms.katalon.core.webui.keyword.builtin.OpenBrowserKeyword$_openBrowser_closure1.doCall(OpenBrowserKeyword.groovy:44)
	at com.kms.katalon.core.webui.keyword.builtin.OpenBrowserKeyword$_openBrowser_closure1.call(OpenBrowserKeyword.groovy)
	at com.kms.katalon.core.webui.keyword.internal.WebUIKeywordMain.runKeyword(WebUIKeywordMain.groovy:41)
	... 41 more
)</message>
  <nestedLevel>1</nestedLevel>
  <escapedJava>false</escapedJava>
  <property name="failed.exception.class">org.openqa.selenium.SessionNotCreatedException</property>
  <property name="failed.exception.stacktrace">org.openqa.selenium.SessionNotCreatedException: Could not start a new session. Response code 500. Message: session not created: Chrome failed to start: crashed.
  (session not created: DevToolsActivePort file doesn&apos;t exist)
  (The process started from chrome location C:\Program Files\Google\Chrome\Application\chrome.exe is no longer running, so ChromeDriver is assuming that Chrome has crashed.) 
Host info: host: &apos;WINDOWS-10&apos;, ip: &apos;192.168.126.20&apos;
Build info: version: &apos;4.34.0&apos;, revision: &apos;707dcb4246*&apos;
System info: os.name: &apos;Windows 10&apos;, os.arch: &apos;amd64&apos;, os.version: &apos;10.0&apos;, java.version: &apos;17.0.14&apos;
Driver info: com.kms.katalon.selenium.driver.CChromeDriver
Command: [null, newSession {capabilities=[Capabilities {browserName: chrome, goog:chromeOptions: {args: [disable-features=DisableLoa..., --user-data-dir=C:\QA\Profi..., --profile-directory=Default], extensions: []}, unhandledPromptBehavior: {alert: ignore, beforeUnload: ignore, confirm: ignore, default: ignore, file: ignore, prompt: ignore}, webSocketUrl: true}]}]
	at org.openqa.selenium.remote.ProtocolHandshake.createSession(ProtocolHandshake.java:114)
	at org.openqa.selenium.remote.ProtocolHandshake.createSession(ProtocolHandshake.java:75)
	at org.openqa.selenium.remote.ProtocolHandshake.createSession(ProtocolHandshake.java:61)
	at org.openqa.selenium.remote.HttpCommandExecutor.execute(HttpCommandExecutor.java:187)
	at org.openqa.selenium.remote.service.DriverCommandExecutor.invokeExecute(DriverCommandExecutor.java:216)
	at org.openqa.selenium.remote.service.DriverCommandExecutor.execute(DriverCommandExecutor.java:174)
	at org.openqa.selenium.remote.RemoteWebDriver.execute(RemoteWebDriver.java:544)
	at org.openqa.selenium.remote.RemoteWebDriver.startSession(RemoteWebDriver.java:244)
	at org.openqa.selenium.remote.RemoteWebDriver.&lt;init&gt;(RemoteWebDriver.java:173)
	at org.openqa.selenium.chromium.ChromiumDriver.&lt;init&gt;(ChromiumDriver.java:110)
	at org.openqa.selenium.chrome.ChromeDriver.&lt;init&gt;(ChromeDriver.java:88)
	at org.openqa.selenium.chrome.ChromeDriver.&lt;init&gt;(ChromeDriver.java:83)
	at org.openqa.selenium.chrome.ChromeDriver.&lt;init&gt;(ChromeDriver.java:72)
	at com.kms.katalon.selenium.driver.CChromeDriver.&lt;init&gt;(CChromeDriver.java:15)
	at com.kms.katalon.core.webui.driver.chrome.ChromeDriverBuilder.createDriver(ChromeDriverBuilder.java:60)
	at com.kms.katalon.core.webui.driver.AbstractDriverBuilder.build(AbstractDriverBuilder.java:53)
	at com.kms.katalon.core.webui.driver.DriverFactory.startNewBrowser(DriverFactory.java:247)
	at com.kms.katalon.core.webui.driver.DriverFactory.openWebDriver(DriverFactory.java:149)
	at com.kms.katalon.core.webui.keyword.builtin.OpenBrowserKeyword$_openBrowser_closure1.doCall(OpenBrowserKeyword.groovy:44)
	at com.kms.katalon.core.webui.keyword.builtin.OpenBrowserKeyword$_openBrowser_closure1.call(OpenBrowserKeyword.groovy)
	at com.kms.katalon.core.webui.keyword.internal.WebUIKeywordMain.runKeyword(WebUIKeywordMain.groovy:41)
	at com.kms.katalon.core.webui.keyword.builtin.OpenBrowserKeyword.openBrowser(OpenBrowserKeyword.groovy:55)
	at com.kms.katalon.core.webui.keyword.builtin.OpenBrowserKeyword.execute(OpenBrowserKeyword.groovy:37)
	at com.kms.katalon.core.keyword.internal.KeywordExecutor.executeKeywordForPlatform(KeywordExecutor.groovy:90)
	at com.kms.katalon.core.webui.keyword.WebUiBuiltInKeywords.openBrowser(WebUiBuiltInKeywords.groovy:62)
	at LG-01.run(LG-01:19)
	at com.kms.katalon.core.main.ScriptEngine.run(ScriptEngine.java:194)
	at com.kms.katalon.core.main.ScriptEngine.runScriptAsRawText(ScriptEngine.java:119)
	at com.kms.katalon.core.main.TestCaseExecutor.runScript(TestCaseExecutor.java:490)
	at com.kms.katalon.core.main.TestCaseExecutor.doExecute(TestCaseExecutor.java:481)
	at com.kms.katalon.core.main.TestCaseExecutor.processExecutionPhase(TestCaseExecutor.java:460)
	at com.kms.katalon.core.main.TestCaseExecutor.accessMainPhase(TestCaseExecutor.java:452)
	at com.kms.katalon.core.main.TestCaseExecutor.execute(TestCaseExecutor.java:322)
	at com.kms.katalon.core.main.TestCaseMain.runTestCase(TestCaseMain.java:151)
	at com.kms.katalon.core.keyword.builtin.CallTestCaseKeyword$_callTestCase_closure1.doCall(CallTestCaseKeyword.groovy:59)
	at com.kms.katalon.core.keyword.builtin.CallTestCaseKeyword$_callTestCase_closure1.call(CallTestCaseKeyword.groovy)
	at com.kms.katalon.core.keyword.internal.KeywordMain.runKeyword(KeywordMain.groovy:75)
	at com.kms.katalon.core.keyword.builtin.CallTestCaseKeyword.callTestCase(CallTestCaseKeyword.groovy:81)
	at com.kms.katalon.core.keyword.builtin.CallTestCaseKeyword.execute(CallTestCaseKeyword.groovy:44)
	at com.kms.katalon.core.keyword.internal.KeywordExecutor.executeKeywordForPlatform(KeywordExecutor.groovy:90)
	at com.kms.katalon.core.keyword.BuiltinKeywords.callTestCase(BuiltinKeywords.groovy:310)
	at java.base/jdk.internal.reflect.NativeMethodAccessorImpl.invoke0(Native Method)
	at java.base/jdk.internal.reflect.NativeMethodAccessorImpl.invoke(NativeMethodAccessorImpl.java:77)
	at java.base/jdk.internal.reflect.DelegatingMethodAccessorImpl.invoke(DelegatingMethodAccessorImpl.java:43)
	at TC1.1.run(TC1.1:42)
	at com.kms.katalon.core.main.ScriptEngine.run(ScriptEngine.java:194)
	at com.kms.katalon.core.main.ScriptEngine.runScriptAsRawText(ScriptEngine.java:119)
	at com.kms.katalon.core.main.TestCaseExecutor.runScript(TestCaseExecutor.java:490)
	at com.kms.katalon.core.main.TestCaseExecutor.doExecute(TestCaseExecutor.java:481)
	at com.kms.katalon.core.main.TestCaseExecutor.processExecutionPhase(TestCaseExecutor.java:460)
	at com.kms.katalon.core.main.TestCaseExecutor.accessMainPhase(TestCaseExecutor.java:452)
	at com.kms.katalon.core.main.TestCaseExecutor.execute(TestCaseExecutor.java:322)
	at com.kms.katalon.core.main.TestCaseExecutor.execute(TestCaseExecutor.java:410)
	at com.kms.katalon.core.main.TestCaseExecutor.execute(TestCaseExecutor.java:410)
	at com.kms.katalon.core.common.CommonExecutor.accessTestCaseMainPhase(CommonExecutor.java:71)
	at com.kms.katalon.core.main.TestSuiteExecutor.accessTestSuiteMainPhase(TestSuiteExecutor.java:153)
	at com.kms.katalon.core.main.TestSuiteExecutor.execute(TestSuiteExecutor.java:110)
	at com.kms.katalon.core.main.TestCaseMain.startTestSuite(TestCaseMain.java:205)
	at TempTestSuite1767674856199.run(TempTestSuite1767674856199.groovy:35)
	at java.base/jdk.internal.reflect.NativeMethodAccessorImpl.invoke0(Native Method)
	at java.base/jdk.internal.reflect.NativeMethodAccessorImpl.invoke(NativeMethodAccessorImpl.java:77)
	at java.base/jdk.internal.reflect.DelegatingMethodAccessorImpl.invoke(DelegatingMethodAccessorImpl.java:43)
</property>
  <property name="failed.exception.message">Could not start a new session. Response code 500. Message: session not created: Chrome failed to start: crashed.
  (session not created: DevToolsActivePort file doesn&apos;t exist)
  (The process started from chrome location C:\Program Files\Google\Chrome\Application\chrome.exe is no longer running, so ChromeDriver is assuming that Chrome has crashed.) 
Host info: host: &apos;WINDOWS-10&apos;, ip: &apos;192.168.126.20&apos;
Build info: version: &apos;4.34.0&apos;, revision: &apos;707dcb4246*&apos;
System info: os.name: &apos;Windows 10&apos;, os.arch: &apos;amd64&apos;, os.version: &apos;10.0&apos;, java.version: &apos;17.0.14&apos;
Driver info: com.kms.katalon.selenium.driver.CChromeDriver
Command: [null, newSession {capabilities=[Capabilities {browserName: chrome, goog:chromeOptions: {args: [disable-features=DisableLoa..., --user-data-dir=C:\QA\Profi..., --profile-directory=Default], extensions: []}, unhandledPromptBehavior: {alert: ignore, beforeUnload: ignore, confirm: ignore, default: ignore, file: ignore, prompt: ignore}, webSocketUrl: true}]}]</property>
</record>
<record>
  <date>2026-01-06T04:47:44.248198900Z</date>
  <millis>1767674864248</millis>
  <nanos>198900</nanos>
  <sequence>173</sequence>
  <level>END</level>
  <class>com.kms.katalon.core.logging.XmlKeywordLogger</class>
  <method>endKeyword</method>
  <thread>1</thread>
  <message>End action : callTestCase(findTestCase(&amp;quot;Login/LG-01&amp;quot;), [:], STOP_ON_FAILURE)</message>
  <nestedLevel>1</nestedLevel>
  <escapedJava>false</escapedJava>
</record>
<record>
  <date>2026-01-06T04:47:44.249131800Z</date>
  <millis>1767674864249</millis>
  <nanos>131800</nanos>
  <sequence>177</sequence>
  <level>FAILED</level>
  <class>com.kms.katalon.core.logging.XmlKeywordLogger</class>
  <method>logMessage</method>
  <thread>1</thread>
  <message>Test Cases/CO/TC1.1 FAILED.
Reason:
com.kms.katalon.core.exception.StepFailedException: Call Test Case &amp;apos;Test Cases/Login/LG-01&amp;apos; failed
	at com.kms.katalon.core.keyword.builtin.CallTestCaseKeyword$_callTestCase_closure1.doCall(CallTestCaseKeyword.groovy:63)
	at com.kms.katalon.core.keyword.builtin.CallTestCaseKeyword$_callTestCase_closure1.call(CallTestCaseKeyword.groovy)
	at com.kms.katalon.core.keyword.internal.KeywordMain.runKeyword(KeywordMain.groovy:75)
	at com.kms.katalon.core.keyword.builtin.CallTestCaseKeyword.callTestCase(CallTestCaseKeyword.groovy:81)
	at com.kms.katalon.core.keyword.builtin.CallTestCaseKeyword.execute(CallTestCaseKeyword.groovy:44)
	at com.kms.katalon.core.keyword.internal.KeywordExecutor.executeKeywordForPlatform(KeywordExecutor.groovy:90)
	at com.kms.katalon.core.keyword.BuiltinKeywords.callTestCase(BuiltinKeywords.groovy:310)
	at java.base/jdk.internal.reflect.NativeMethodAccessorImpl.invoke0(Native Method)
	at java.base/jdk.internal.reflect.NativeMethodAccessorImpl.invoke(NativeMethodAccessorImpl.java:77)
	at java.base/jdk.internal.reflect.DelegatingMethodAccessorImpl.invoke(DelegatingMethodAccessorImpl.java:43)
	at TC1.1.run(TC1.1:42)
	at com.kms.katalon.core.main.ScriptEngine.run(ScriptEngine.java:194)
	at com.kms.katalon.core.main.ScriptEngine.runScriptAsRawText(ScriptEngine.java:119)
	at com.kms.katalon.core.main.TestCaseExecutor.runScript(TestCaseExecutor.java:490)
	at com.kms.katalon.core.main.TestCaseExecutor.doExecute(TestCaseExecutor.java:481)
	at com.kms.katalon.core.main.TestCaseExecutor.processExecutionPhase(TestCaseExecutor.java:460)
	at com.kms.katalon.core.main.TestCaseExecutor.accessMainPhase(TestCaseExecutor.java:452)
	at com.kms.katalon.core.main.TestCaseExecutor.execute(TestCaseExecutor.java:322)
	at com.kms.katalon.core.main.TestCaseExecutor.execute(TestCaseExecutor.java:410)
	at com.kms.katalon.core.main.TestCaseExecutor.execute(TestCaseExecutor.java:410)
	at com.kms.katalon.core.common.CommonExecutor.accessTestCaseMainPhase(CommonExecutor.java:71)
	at com.kms.katalon.core.main.TestSuiteExecutor.accessTestSuiteMainPhase(TestSuiteExecutor.java:153)
	at com.kms.katalon.core.main.TestSuiteExecutor.execute(TestSuiteExecutor.java:110)
	at com.kms.katalon.core.main.TestCaseMain.startTestSuite(TestCaseMain.java:205)
	at TempTestSuite1767674856199.run(TempTestSuite1767674856199.groovy:35)
	at java.base/jdk.internal.reflect.NativeMethodAccessorImpl.invoke0(Native Method)
	at java.base/jdk.internal.reflect.NativeMethodAccessorImpl.invoke(NativeMethodAccessorImpl.java:77)
	at java.base/jdk.internal.reflect.DelegatingMethodAccessorImpl.invoke(DelegatingMethodAccessorImpl.java:43)
Caused by: com.kms.katalon.core.exception.StepFailedException: Unable to open browser with url: &amp;apos;&amp;apos;
	at com.kms.katalon.core.webui.keyword.internal.WebUIKeywordMain.stepFailed(WebUIKeywordMain.groovy:177)
	at com.kms.katalon.core.webui.keyword.internal.WebUIKeywordMain.runKeyword(WebUIKeywordMain.groovy:49)
	at com.kms.katalon.core.webui.keyword.builtin.OpenBrowserKeyword.openBrowser(OpenBrowserKeyword.groovy:55)
	at com.kms.katalon.core.webui.keyword.builtin.OpenBrowserKeyword.execute(OpenBrowserKeyword.groovy:37)
	at com.kms.katalon.core.keyword.internal.KeywordExecutor.executeKeywordForPlatform(KeywordExecutor.groovy:90)
	at com.kms.katalon.core.webui.keyword.WebUiBuiltInKeywords.openBrowser(WebUiBuiltInKeywords.groovy:62)
	at LG-01.run(LG-01:19)
	at com.kms.katalon.core.main.ScriptEngine.run(ScriptEngine.java:194)
	at com.kms.katalon.core.main.ScriptEngine.runScriptAsRawText(ScriptEngine.java:119)
	at com.kms.katalon.core.main.TestCaseExecutor.runScript(TestCaseExecutor.java:490)
	at com.kms.katalon.core.main.TestCaseExecutor.doExecute(TestCaseExecutor.java:481)
	at com.kms.katalon.core.main.TestCaseExecutor.processExecutionPhase(TestCaseExecutor.java:460)
	at com.kms.katalon.core.main.TestCaseExecutor.accessMainPhase(TestCaseExecutor.java:452)
	at com.kms.katalon.core.main.TestCaseExecutor.execute(TestCaseExecutor.java:322)
	at com.kms.katalon.core.main.TestCaseMain.runTestCase(TestCaseMain.java:151)
	at com.kms.katalon.core.keyword.builtin.CallTestCaseKeyword$_callTestCase_closure1.doCall(CallTestCaseKeyword.groovy:59)
	... 27 more
Caused by: org.openqa.selenium.SessionNotCreatedException: Could not start a new session. Response code 500. Message: session not created: Chrome failed to start: crashed.
  (session not created: DevToolsActivePort file doesn&amp;apos;t exist)
  (The process started from chrome location C:\Program Files\Google\Chrome\Application\chrome.exe is no longer running, so ChromeDriver is assuming that Chrome has crashed.) 
Host info: host: &amp;apos;WINDOWS-10&amp;apos;, ip: &amp;apos;192.168.126.20&amp;apos;
Build info: version: &amp;apos;4.34.0&amp;apos;, revision: &amp;apos;707dcb4246*&amp;apos;
System info: os.name: &amp;apos;Windows 10&amp;apos;, os.arch: &amp;apos;amd64&amp;apos;, os.version: &amp;apos;10.0&amp;apos;, java.version: &amp;apos;17.0.14&amp;apos;
Driver info: com.kms.katalon.selenium.driver.CChromeDriver
Command: [null, newSession {capabilities=[Capabilities {browserName: chrome, goog:chromeOptions: {args: [disable-features=DisableLoa..., --user-data-dir=C:\QA\Profi..., --profile-directory=Default], extensions: []}, unhandledPromptBehavior: {alert: ignore, beforeUnload: ignore, confirm: ignore, default: ignore, file: ignore, prompt: ignore}, webSocketUrl: true}]}]
	at org.openqa.selenium.remote.ProtocolHandshake.createSession(ProtocolHandshake.java:114)
	at org.openqa.selenium.remote.ProtocolHandshake.createSession(ProtocolHandshake.java:75)
	at org.openqa.selenium.remote.ProtocolHandshake.createSession(ProtocolHandshake.java:61)
	at org.openqa.selenium.remote.HttpCommandExecutor.execute(HttpCommandExecutor.java:187)
	at org.openqa.selenium.remote.service.DriverCommandExecutor.invokeExecute(DriverCommandExecutor.java:216)
	at org.openqa.selenium.remote.service.DriverCommandExecutor.execute(DriverCommandExecutor.java:174)
	at org.openqa.selenium.remote.RemoteWebDriver.execute(RemoteWebDriver.java:544)
	at org.openqa.selenium.remote.RemoteWebDriver.startSession(RemoteWebDriver.java:244)
	at org.openqa.selenium.remote.RemoteWebDriver.&amp;lt;init&amp;gt;(RemoteWebDriver.java:173)
	at org.openqa.selenium.chromium.ChromiumDriver.&amp;lt;init&amp;gt;(ChromiumDriver.java:110)
	at org.openqa.selenium.chrome.ChromeDriver.&amp;lt;init&amp;gt;(ChromeDriver.java:88)
	at org.openqa.selenium.chrome.ChromeDriver.&amp;lt;init&amp;gt;(ChromeDriver.java:83)
	at org.openqa.selenium.chrome.ChromeDriver.&amp;lt;init&amp;gt;(ChromeDriver.java:72)
	at com.kms.katalon.selenium.driver.CChromeDriver.&amp;lt;init&amp;gt;(CChromeDriver.java:15)
	at com.kms.katalon.core.webui.driver.chrome.ChromeDriverBuilder.createDriver(ChromeDriverBuilder.java:60)
	at com.kms.katalon.core.webui.driver.AbstractDriverBuilder.build(AbstractDriverBuilder.java:53)
	at com.kms.katalon.core.webui.driver.DriverFactory.startNewBrowser(DriverFactory.java:247)
	at com.kms.katalon.core.webui.driver.DriverFactory.openWebDriver(DriverFactory.java:149)
	at com.kms.katalon.core.webui.keyword.builtin.OpenBrowserKeyword$_openBrowser_closure1.doCall(OpenBrowserKeyword.groovy:44)
	at com.kms.katalon.core.webui.keyword.builtin.OpenBrowserKeyword$_openBrowser_closure1.call(OpenBrowserKeyword.groovy)
	at com.kms.katalon.core.webui.keyword.internal.WebUIKeywordMain.runKeyword(WebUIKeywordMain.groovy:41)
	... 41 more
</message>
  <exception>
    <message>com.kms.katalon.core.exception.StepFailedException: Call Test Case 'Test Cases/Login/LG-01' failed</message>
    <frame>
      <class>com.kms.katalon.core.logging.XmlKeywordLogger</class>
      <method>logMessage</method>
      <line>512</line>
    </frame>
    <frame>
      <class>com.kms.katalon.core.logging.KeywordLogger</class>
      <method>logMessage</method>
      <line>447</line>
    </frame>
    <frame>
      <class>com.kms.katalon.core.main.TestCaseExecutor</class>
      <method>logError</method>
      <line>599</line>
    </frame>
    <frame>
      <class>com.kms.katalon.core.main.TestCaseExecutor</class>
      <method>onExecutionError</method>
      <line>187</line>
    </frame>
    <frame>
      <class>com.kms.katalon.core.main.TestCaseExecutor</class>
      <method>processExecutionPhase</method>
      <line>470</line>
    </frame>
    <frame>
      <class>com.kms.katalon.core.main.TestCaseExecutor</class>
      <method>accessMainPhase</method>
      <line>452</line>
    </frame>
    <frame>
      <class>com.kms.katalon.core.main.TestCaseExecutor</class>
      <method>execute</method>
      <line>322</line>
    </frame>
    <frame>
      <class>com.kms.katalon.core.main.TestCaseExecutor</class>
      <method>execute</method>
      <line>410</line>
    </frame>
    <frame>
      <class>com.kms.katalon.core.main.TestCaseExecutor</class>
      <method>execute</method>
      <line>410</line>
    </frame>
    <frame>
      <class>com.kms.katalon.core.common.CommonExecutor</class>
      <method>accessTestCaseMainPhase</method>
      <line>71</line>
    </frame>
    <frame>
      <class>com.kms.katalon.core.main.TestSuiteExecutor</class>
      <method>accessTestSuiteMainPhase</method>
      <line>153</line>
    </frame>
    <frame>
      <class>com.kms.katalon.core.main.TestSuiteExecutor</class>
      <method>execute</method>
      <line>110</line>
    </frame>
    <frame>
      <class>com.kms.katalon.core.main.TestCaseMain</class>
      <method>startTestSuite</method>
      <line>205</line>
    </frame>
    <frame>
      <class>org.codehaus.groovy.vmplugin.v8.IndyInterface</class>
      <method>fromCache</method>
      <line>318</line>
    </frame>
    <frame>
      <class>TempTestSuite1767674856199</class>
      <method>run</method>
      <line>35</line>
    </frame>
    <frame>
      <class>groovy.lang.GroovyShell</class>
      <method>runScriptOrMainOrTestOrRunnable</method>
      <line>254</line>
    </frame>
    <frame>
      <class>groovy.lang.GroovyShell</class>
      <method>run</method>
      <line>360</line>
    </frame>
    <frame>
      <class>groovy.lang.GroovyShell</class>
      <method>run</method>
      <line>349</line>
    </frame>
    <frame>
      <class>groovy.ui.GroovyMain</class>
      <method>processOnce</method>
      <line>652</line>
    </frame>
    <frame>
      <class>groovy.ui.GroovyMain</class>
      <method>run</method>
      <line>398</line>
    </frame>
    <frame>
      <class>groovy.ui.GroovyMain</class>
      <method>access$1400</method>
      <line>68</line>
    </frame>
    <frame>
      <class>groovy.ui.GroovyMain$GroovyCommand</class>
      <method>process</method>
      <line>322</line>
    </frame>
    <frame>
      <class>groovy.ui.GroovyMain</class>
      <method>processArgs</method>
      <line>142</line>
    </frame>
    <frame>
      <class>groovy.ui.GroovyMain</class>
      <method>main</method>
      <line>115</line>
    </frame>
    <frame>
      <class>jdk.internal.reflect.NativeMethodAccessorImpl</class>
      <method>invoke0</method>
    </frame>
    <frame>
      <class>jdk.internal.reflect.NativeMethodAccessorImpl</class>
      <method>invoke</method>
      <line>77</line>
    </frame>
    <frame>
      <class>jdk.internal.reflect.DelegatingMethodAccessorImpl</class>
      <method>invoke</method>
      <line>43</line>
    </frame>
    <frame>
      <class>java.lang.reflect.Method</class>
      <method>invoke</method>
      <line>569</line>
    </frame>
    <frame>
      <class>org.codehaus.groovy.tools.GroovyStarter</class>
      <method>rootLoader</method>
      <line>117</line>
    </frame>
    <frame>
      <class>org.codehaus.groovy.tools.GroovyStarter</class>
      <method>main</method>
      <line>39</line>
    </frame>
  </exception>
  <nestedLevel>0</nestedLevel>
  <escapedJava>false</escapedJava>
  <property name="failed.exception.stacktrace">org.openqa.selenium.SessionNotCreatedException: Could not start a new session. Response code 500. Message: session not created: Chrome failed to start: crashed.
  (session not created: DevToolsActivePort file doesn&apos;t exist)
  (The process started from chrome location C:\Program Files\Google\Chrome\Application\chrome.exe is no longer running, so ChromeDriver is assuming that Chrome has crashed.) 
Host info: host: &apos;WINDOWS-10&apos;, ip: &apos;192.168.126.20&apos;
Build info: version: &apos;4.34.0&apos;, revision: &apos;707dcb4246*&apos;
System info: os.name: &apos;Windows 10&apos;, os.arch: &apos;amd64&apos;, os.version: &apos;10.0&apos;, java.version: &apos;17.0.14&apos;
Driver info: com.kms.katalon.selenium.driver.CChromeDriver
Command: [null, newSession {capabilities=[Capabilities {browserName: chrome, goog:chromeOptions: {args: [disable-features=DisableLoa..., --user-data-dir=C:\QA\Profi..., --profile-directory=Default], extensions: []}, unhandledPromptBehavior: {alert: ignore, beforeUnload: ignore, confirm: ignore, default: ignore, file: ignore, prompt: ignore}, webSocketUrl: true}]}]
	at org.openqa.selenium.remote.ProtocolHandshake.createSession(ProtocolHandshake.java:114)
	at org.openqa.selenium.remote.ProtocolHandshake.createSession(ProtocolHandshake.java:75)
	at org.openqa.selenium.remote.ProtocolHandshake.createSession(ProtocolHandshake.java:61)
	at org.openqa.selenium.remote.HttpCommandExecutor.execute(HttpCommandExecutor.java:187)
	at org.openqa.selenium.remote.service.DriverCommandExecutor.invokeExecute(DriverCommandExecutor.java:216)
	at org.openqa.selenium.remote.service.DriverCommandExecutor.execute(DriverCommandExecutor.java:174)
	at org.openqa.selenium.remote.RemoteWebDriver.execute(RemoteWebDriver.java:544)
	at org.openqa.selenium.remote.RemoteWebDriver.startSession(RemoteWebDriver.java:244)
	at org.openqa.selenium.remote.RemoteWebDriver.&lt;init&gt;(RemoteWebDriver.java:173)
	at org.openqa.selenium.chromium.ChromiumDriver.&lt;init&gt;(ChromiumDriver.java:110)
	at org.openqa.selenium.chrome.ChromeDriver.&lt;init&gt;(ChromeDriver.java:88)
	at org.openqa.selenium.chrome.ChromeDriver.&lt;init&gt;(ChromeDriver.java:83)
	at org.openqa.selenium.chrome.ChromeDriver.&lt;init&gt;(ChromeDriver.java:72)
	at com.kms.katalon.selenium.driver.CChromeDriver.&lt;init&gt;(CChromeDriver.java:15)
	at com.kms.katalon.core.webui.driver.chrome.ChromeDriverBuilder.createDriver(ChromeDriverBuilder.java:60)
	at com.kms.katalon.core.webui.driver.AbstractDriverBuilder.build(AbstractDriverBuilder.java:53)
	at com.kms.katalon.core.webui.driver.DriverFactory.startNewBrowser(DriverFactory.java:247)
	at com.kms.katalon.core.webui.driver.DriverFactory.openWebDriver(DriverFactory.java:149)
	at com.kms.katalon.core.webui.keyword.builtin.OpenBrowserKeyword$_openBrowser_closure1.doCall(OpenBrowserKeyword.groovy:44)
	at com.kms.katalon.core.webui.keyword.builtin.OpenBrowserKeyword$_openBrowser_closure1.call(OpenBrowserKeyword.groovy)
	at com.kms.katalon.core.webui.keyword.internal.WebUIKeywordMain.runKeyword(WebUIKeywordMain.groovy:41)
	at com.kms.katalon.core.webui.keyword.builtin.OpenBrowserKeyword.openBrowser(OpenBrowserKeyword.groovy:55)
	at com.kms.katalon.core.webui.keyword.builtin.OpenBrowserKeyword.execute(OpenBrowserKeyword.groovy:37)
	at com.kms.katalon.core.keyword.internal.KeywordExecutor.executeKeywordForPlatform(KeywordExecutor.groovy:90)
	at com.kms.katalon.core.webui.keyword.WebUiBuiltInKeywords.openBrowser(WebUiBuiltInKeywords.groovy:62)
	at LG-01.run(LG-01:19)
	at com.kms.katalon.core.main.ScriptEngine.run(ScriptEngine.java:194)
	at com.kms.katalon.core.main.ScriptEngine.runScriptAsRawText(ScriptEngine.java:119)
	at com.kms.katalon.core.main.TestCaseExecutor.runScript(TestCaseExecutor.java:490)
	at com.kms.katalon.core.main.TestCaseExecutor.doExecute(TestCaseExecutor.java:481)
	at com.kms.katalon.core.main.TestCaseExecutor.processExecutionPhase(TestCaseExecutor.java:460)
	at com.kms.katalon.core.main.TestCaseExecutor.accessMainPhase(TestCaseExecutor.java:452)
	at com.kms.katalon.core.main.TestCaseExecutor.execute(TestCaseExecutor.java:322)
	at com.kms.katalon.core.main.TestCaseMain.runTestCase(TestCaseMain.java:151)
	at com.kms.katalon.core.keyword.builtin.CallTestCaseKeyword$_callTestCase_closure1.doCall(CallTestCaseKeyword.groovy:59)
	at com.kms.katalon.core.keyword.builtin.CallTestCaseKeyword$_callTestCase_closure1.call(CallTestCaseKeyword.groovy)
	at com.kms.katalon.core.keyword.internal.KeywordMain.runKeyword(KeywordMain.groovy:75)
	at com.kms.katalon.core.keyword.builtin.CallTestCaseKeyword.callTestCase(CallTestCaseKeyword.groovy:81)
	at com.kms.katalon.core.keyword.builtin.CallTestCaseKeyword.execute(CallTestCaseKeyword.groovy:44)
	at com.kms.katalon.core.keyword.internal.KeywordExecutor.executeKeywordForPlatform(KeywordExecutor.groovy:90)
	at com.kms.katalon.core.keyword.BuiltinKeywords.callTestCase(BuiltinKeywords.groovy:310)
	at java.base/jdk.internal.reflect.NativeMethodAccessorImpl.invoke0(Native Method)
	at java.base/jdk.internal.reflect.NativeMethodAccessorImpl.invoke(NativeMethodAccessorImpl.java:77)
	at java.base/jdk.internal.reflect.DelegatingMethodAccessorImpl.invoke(DelegatingMethodAccessorImpl.java:43)
	at TC1.1.run(TC1.1:42)
	at com.kms.katalon.core.main.ScriptEngine.run(ScriptEngine.java:194)
	at com.kms.katalon.core.main.ScriptEngine.runScriptAsRawText(ScriptEngine.java:119)
	at com.kms.katalon.core.main.TestCaseExecutor.runScript(TestCaseExecutor.java:490)
	at com.kms.katalon.core.main.TestCaseExecutor.doExecute(TestCaseExecutor.java:481)
	at com.kms.katalon.core.main.TestCaseExecutor.processExecutionPhase(TestCaseExecutor.java:460)
	at com.kms.katalon.core.main.TestCaseExecutor.accessMainPhase(TestCaseExecutor.java:452)
	at com.kms.katalon.core.main.TestCaseExecutor.execute(TestCaseExecutor.java:322)
	at com.kms.katalon.core.main.TestCaseExecutor.execute(TestCaseExecutor.java:410)
	at com.kms.katalon.core.main.TestCaseExecutor.execute(TestCaseExecutor.java:410)
	at com.kms.katalon.core.common.CommonExecutor.accessTestCaseMainPhase(CommonExecutor.java:71)
	at com.kms.katalon.core.main.TestSuiteExecutor.accessTestSuiteMainPhase(TestSuiteExecutor.java:153)
	at com.kms.katalon.core.main.TestSuiteExecutor.execute(TestSuiteExecutor.java:110)
	at com.kms.katalon.core.main.TestCaseMain.startTestSuite(TestCaseMain.java:205)
	at TempTestSuite1767674856199.run(TempTestSuite1767674856199.groovy:35)
	at java.base/jdk.internal.reflect.NativeMethodAccessorImpl.invoke0(Native Method)
	at java.base/jdk.internal.reflect.NativeMethodAccessorImpl.invoke(NativeMethodAccessorImpl.java:77)
	at java.base/jdk.internal.reflect.DelegatingMethodAccessorImpl.invoke(DelegatingMethodAccessorImpl.java:43)
</property>
  <property name="failed.exception.class">org.openqa.selenium.SessionNotCreatedException</property>
  <property name="failed.exception.message">Could not start a new session. Response code 500. Message: session not created: Chrome failed to start: crashed.
  (session not created: DevToolsActivePort file doesn&apos;t exist)
  (The process started from chrome location C:\Program Files\Google\Chrome\Application\chrome.exe is no longer running, so ChromeDriver is assuming that Chrome has crashed.) 
Host info: host: &apos;WINDOWS-10&apos;, ip: &apos;192.168.126.20&apos;
Build info: version: &apos;4.34.0&apos;, revision: &apos;707dcb4246*&apos;
System info: os.name: &apos;Windows 10&apos;, os.arch: &apos;amd64&apos;, os.version: &apos;10.0&apos;, java.version: &apos;17.0.14&apos;
Driver info: com.kms.katalon.selenium.driver.CChromeDriver
Command: [null, newSession {capabilities=[Capabilities {browserName: chrome, goog:chromeOptions: {args: [disable-features=DisableLoa..., --user-data-dir=C:\QA\Profi..., --profile-directory=Default], extensions: []}, unhandledPromptBehavior: {alert: ignore, beforeUnload: ignore, confirm: ignore, default: ignore, file: ignore, prompt: ignore}, webSocketUrl: true}]}]</property>
</record>
<record>
  <date>2026-01-06T04:47:44.253164400Z</date>
  <millis>1767674864253</millis>
  <nanos>164400</nanos>
  <sequence>179</sequence>
  <level>END</level>
  <class>com.kms.katalon.core.logging.XmlKeywordLogger</class>
  <method>endTest</method>
  <thread>1</thread>
  <message>End Test Case : Test Cases/CO/TC1.1</message>
  <nestedLevel>0</nestedLevel>
  <escapedJava>false</escapedJava>
  <property name="executionBindingVariables">[]</property>
  <property name="applitools">false</property>
  <property name="remainingRetryCount">1</property>
  <property name="executedKeywords">{
  &quot;BuiltIn.callTestCase&quot;: 1,
  &quot;WebUI.openBrowser&quot;: 1
}</property>
  <property name="currentRetryCount">2</property>
  <property name="keywordsUsage">{
  &quot;web_ui&quot;: true,
  &quot;web_service&quot;: false,
  &quot;cucumber&quot;: false,
  &quot;builtin&quot;: true,
  &quot;mobile&quot;: false,
  &quot;windows&quot;: false,
  &quot;testng&quot;: false
}</property>
</record>
<record>
  <date>2026-01-06T04:47:44.257133800Z</date>
  <millis>1767674864257</millis>
  <nanos>133800</nanos>
  <sequence>180</sequence>
  <level>START</level>
  <class>com.kms.katalon.core.logging.XmlKeywordLogger</class>
  <method>startTest</method>
  <thread>1</thread>
  <message>Start Test Case : Test Cases/CO/TC1.1</message>
  <nestedLevel>1</nestedLevel>
  <escapedJava>false</escapedJava>
  <property name="remainingRetryCount">0</property>
  <property name="origin"></property>
  <property name="name">Test Cases/CO/TC1.1</property>
  <property name="description"></property>
  <property name="iteration"></property>
  <property name="id">Test Cases/CO/TC1.1</property>
  <property name="source">C:\Users\Administrator\git\magiq\Test Cases\CO\TC1.1.tc</property>
  <property name="tag"></property>
  <property name="isOptional">false</property>
  <property name="currentRetryCount">3</property>
</record>
<record>
  <date>2026-01-06T04:47:44.275134700Z</date>
  <millis>1767674864275</millis>
  <nanos>134700</nanos>
  <sequence>182</sequence>
  <level>START</level>
  <class>com.kms.katalon.core.logging.XmlKeywordLogger</class>
  <method>startKeyword</method>
  <thread>1</thread>
  <message>Start action : callTestCase(findTestCase(&amp;quot;Login/LG-01&amp;quot;), [:], STOP_ON_FAILURE)</message>
  <nestedLevel>1</nestedLevel>
  <escapedJava>false</escapedJava>
  <property name="startLine">42</property>
  <property name="stepIndex">1</property>
</record>
<record>
  <date>2026-01-06T04:47:44.343132400Z</date>
  <millis>1767674864343</millis>
  <nanos>132400</nanos>
  <sequence>186</sequence>
  <level>START</level>
  <class>com.kms.katalon.core.logging.XmlKeywordLogger</class>
  <method>startTest</method>
  <thread>1</thread>
  <message>Start Test Case : Test Cases/Login/LG-01</message>
  <nestedLevel>2</nestedLevel>
  <escapedJava>false</escapedJava>
  <property name="origin"></property>
  <property name="name">Test Cases/Login/LG-01</property>
  <property name="description"></property>
  <property name="iteration"></property>
  <property name="id">Test Cases/Login/LG-01</property>
  <property name="source">C:\Users\Administrator\git\magiq\Test Cases\Login\LG-01.tc</property>
  <property name="tag"></property>
  <property name="isOptional">false</property>
</record>
<record>
  <date>2026-01-06T04:47:44.371128100Z</date>
  <millis>1767674864371</millis>
  <nanos>128100</nanos>
  <sequence>188</sequence>
  <level>START</level>
  <class>com.kms.katalon.core.logging.XmlKeywordLogger</class>
  <method>startKeyword</method>
  <thread>1</thread>
  <message>Start action : LOCAL_PAGELOAD = 300</message>
  <nestedLevel>1</nestedLevel>
  <escapedJava>false</escapedJava>
  <property name="startLine">10</property>
  <property name="stepIndex">1</property>
</record>
<record>
  <date>2026-01-06T04:47:44.372132200Z</date>
  <millis>1767674864372</millis>
  <nanos>132200</nanos>
  <sequence>189</sequence>
  <level>END</level>
  <class>com.kms.katalon.core.logging.XmlKeywordLogger</class>
  <method>endKeyword</method>
  <thread>1</thread>
  <message>End action : LOCAL_PAGELOAD = 300</message>
  <nestedLevel>1</nestedLevel>
  <escapedJava>false</escapedJava>
</record>
<record>
  <date>2026-01-06T04:47:44.373149100Z</date>
  <millis>1767674864373</millis>
  <nanos>149100</nanos>
  <sequence>190</sequence>
  <level>START</level>
  <class>com.kms.katalon.core.logging.XmlKeywordLogger</class>
  <method>startKeyword</method>
  <thread>1</thread>
  <message>Start action : WAIT_ELEMENT_BEFORE_RELOAD = 120</message>
  <nestedLevel>1</nestedLevel>
  <escapedJava>false</escapedJava>
  <property name="startLine">11</property>
  <property name="stepIndex">2</property>
</record>
<record>
  <date>2026-01-06T04:47:44.373149100Z</date>
  <millis>1767674864373</millis>
  <nanos>149100</nanos>
  <sequence>191</sequence>
  <level>END</level>
  <class>com.kms.katalon.core.logging.XmlKeywordLogger</class>
  <method>endKeyword</method>
  <thread>1</thread>
  <message>End action : WAIT_ELEMENT_BEFORE_RELOAD = 120</message>
  <nestedLevel>1</nestedLevel>
  <escapedJava>false</escapedJava>
</record>
<record>
  <date>2026-01-06T04:47:44.373149100Z</date>
  <millis>1767674864373</millis>
  <nanos>149100</nanos>
  <sequence>192</sequence>
  <level>START</level>
  <class>com.kms.katalon.core.logging.XmlKeywordLogger</class>
  <method>startKeyword</method>
  <thread>1</thread>
  <message>Start action : MAX_RELOAD_ATTEMPTS = 5</message>
  <nestedLevel>1</nestedLevel>
  <escapedJava>false</escapedJava>
  <property name="startLine">12</property>
  <property name="stepIndex">3</property>
</record>
<record>
  <date>2026-01-06T04:47:44.374134900Z</date>
  <millis>1767674864374</millis>
  <nanos>134900</nanos>
  <sequence>193</sequence>
  <level>END</level>
  <class>com.kms.katalon.core.logging.XmlKeywordLogger</class>
  <method>endKeyword</method>
  <thread>1</thread>
  <message>End action : MAX_RELOAD_ATTEMPTS = 5</message>
  <nestedLevel>1</nestedLevel>
  <escapedJava>false</escapedJava>
</record>
<record>
  <date>2026-01-06T04:47:44.375132900Z</date>
  <millis>1767674864375</millis>
  <nanos>132900</nanos>
  <sequence>194</sequence>
  <level>START</level>
  <class>com.kms.katalon.core.logging.XmlKeywordLogger</class>
  <method>startKeyword</method>
  <thread>1</thread>
  <message>Start action : AFTER_LOGIN_WAIT = 120</message>
  <nestedLevel>1</nestedLevel>
  <escapedJava>false</escapedJava>
  <property name="startLine">13</property>
  <property name="stepIndex">4</property>
</record>
<record>
  <date>2026-01-06T04:47:44.375132900Z</date>
  <millis>1767674864375</millis>
  <nanos>132900</nanos>
  <sequence>195</sequence>
  <level>END</level>
  <class>com.kms.katalon.core.logging.XmlKeywordLogger</class>
  <method>endKeyword</method>
  <thread>1</thread>
  <message>End action : AFTER_LOGIN_WAIT = 120</message>
  <nestedLevel>1</nestedLevel>
  <escapedJava>false</escapedJava>
</record>
<record>
  <date>2026-01-06T04:47:44.376134100Z</date>
  <millis>1767674864376</millis>
  <nanos>134100</nanos>
  <sequence>196</sequence>
  <level>START</level>
  <class>com.kms.katalon.core.logging.XmlKeywordLogger</class>
  <method>startKeyword</method>
  <thread>1</thread>
  <message>Start action : SHORT = 5</message>
  <nestedLevel>1</nestedLevel>
  <escapedJava>false</escapedJava>
  <property name="startLine">14</property>
  <property name="stepIndex">5</property>
</record>
<record>
  <date>2026-01-06T04:47:44.376134100Z</date>
  <millis>1767674864376</millis>
  <nanos>134100</nanos>
  <sequence>197</sequence>
  <level>END</level>
  <class>com.kms.katalon.core.logging.XmlKeywordLogger</class>
  <method>endKeyword</method>
  <thread>1</thread>
  <message>End action : SHORT = 5</message>
  <nestedLevel>1</nestedLevel>
  <escapedJava>false</escapedJava>
</record>
<record>
  <date>2026-01-06T04:47:44.377133100Z</date>
  <millis>1767674864377</millis>
  <nanos>133100</nanos>
  <sequence>198</sequence>
  <level>START</level>
  <class>com.kms.katalon.core.logging.XmlKeywordLogger</class>
  <method>startKeyword</method>
  <thread>1</thread>
  <message>Start action : MEDIUM = 15</message>
  <nestedLevel>1</nestedLevel>
  <escapedJava>false</escapedJava>
  <property name="startLine">15</property>
  <property name="stepIndex">6</property>
</record>
<record>
  <date>2026-01-06T04:47:44.377133100Z</date>
  <millis>1767674864377</millis>
  <nanos>133100</nanos>
  <sequence>199</sequence>
  <level>END</level>
  <class>com.kms.katalon.core.logging.XmlKeywordLogger</class>
  <method>endKeyword</method>
  <thread>1</thread>
  <message>End action : MEDIUM = 15</message>
  <nestedLevel>1</nestedLevel>
  <escapedJava>false</escapedJava>
</record>
<record>
  <date>2026-01-06T04:47:44.378130500Z</date>
  <millis>1767674864378</millis>
  <nanos>130500</nanos>
  <sequence>200</sequence>
  <level>START</level>
  <class>com.kms.katalon.core.logging.XmlKeywordLogger</class>
  <method>startKeyword</method>
  <thread>1</thread>
  <message>Start action : LONG = 30</message>
  <nestedLevel>1</nestedLevel>
  <escapedJava>false</escapedJava>
  <property name="startLine">16</property>
  <property name="stepIndex">7</property>
</record>
<record>
  <date>2026-01-06T04:47:44.379134Z</date>
  <millis>1767674864379</millis>
  <nanos>134000</nanos>
  <sequence>201</sequence>
  <level>END</level>
  <class>com.kms.katalon.core.logging.XmlKeywordLogger</class>
  <method>endKeyword</method>
  <thread>1</thread>
  <message>End action : LONG = 30</message>
  <nestedLevel>1</nestedLevel>
  <escapedJava>false</escapedJava>
</record>
<record>
  <date>2026-01-06T04:47:44.379134Z</date>
  <millis>1767674864379</millis>
  <nanos>134000</nanos>
  <sequence>202</sequence>
  <level>START</level>
  <class>com.kms.katalon.core.logging.XmlKeywordLogger</class>
  <method>startKeyword</method>
  <thread>1</thread>
  <message>Start action : openBrowser(&amp;quot;&amp;quot;)</message>
  <nestedLevel>1</nestedLevel>
  <escapedJava>false</escapedJava>
  <property name="startLine">19</property>
  <property name="stepIndex">8</property>
</record>
<record>
  <date>2026-01-06T04:47:44.385133Z</date>
  <millis>1767674864385</millis>
  <nanos>133000</nanos>
  <sequence>205</sequence>
  <level>INFO</level>
  <class>com.kms.katalon.core.logging.XmlKeywordLogger</class>
  <method>logMessage</method>
  <thread>1</thread>
  <message>Starting &amp;apos;Chrome&amp;apos; driver</message>
  <nestedLevel>2</nestedLevel>
  <escapedJava>false</escapedJava>
</record>
<record>
  <date>2026-01-06T04:47:44.386137300Z</date>
  <millis>1767674864386</millis>
  <nanos>137300</nanos>
  <sequence>206</sequence>
  <level>INFO</level>
  <class>com.kms.katalon.core.logging.XmlKeywordLogger</class>
  <method>logMessage</method>
  <thread>1</thread>
  <message>User set preference: [&amp;apos;args&amp;apos;, &amp;apos;[--user-data-dir=C:\QA\Profiles\KatalonChrome, --profile-directory=Default]&amp;apos;]</message>
  <nestedLevel>2</nestedLevel>
  <escapedJava>false</escapedJava>
</record>
<record>
  <date>2026-01-06T04:47:44.388135400Z</date>
  <millis>1767674864388</millis>
  <nanos>135400</nanos>
  <sequence>207</sequence>
  <level>INFO</level>
  <class>com.kms.katalon.core.logging.XmlKeywordLogger</class>
  <method>logMessage</method>
  <thread>1</thread>
  <message>Action delay is set to 0 milliseconds</message>
  <nestedLevel>2</nestedLevel>
  <escapedJava>false</escapedJava>
</record>
<record>
  <date>2026-01-06T04:47:44.638953600Z</date>
  <millis>1767674864638</millis>
  <nanos>953600</nanos>
  <sequence>211</sequence>
  <level>FAILED</level>
  <class>com.kms.katalon.core.logging.XmlKeywordLogger</class>
  <method>logMessage</method>
  <thread>1</thread>
  <message>Unable to open browser with url: &amp;apos;&amp;apos; (Root cause: com.kms.katalon.core.exception.StepFailedException: Unable to open browser with url: &amp;apos;&amp;apos;
	at com.kms.katalon.core.webui.keyword.internal.WebUIKeywordMain.stepFailed(WebUIKeywordMain.groovy:177)
	at com.kms.katalon.core.webui.keyword.internal.WebUIKeywordMain.runKeyword(WebUIKeywordMain.groovy:49)
	at com.kms.katalon.core.webui.keyword.builtin.OpenBrowserKeyword.openBrowser(OpenBrowserKeyword.groovy:55)
	at com.kms.katalon.core.webui.keyword.builtin.OpenBrowserKeyword.execute(OpenBrowserKeyword.groovy:37)
	at com.kms.katalon.core.keyword.internal.KeywordExecutor.executeKeywordForPlatform(KeywordExecutor.groovy:90)
	at com.kms.katalon.core.webui.keyword.WebUiBuiltInKeywords.openBrowser(WebUiBuiltInKeywords.groovy:62)
	at LG-01.run(LG-01:19)
	at com.kms.katalon.core.main.ScriptEngine.run(ScriptEngine.java:194)
	at com.kms.katalon.core.main.ScriptEngine.runScriptAsRawText(ScriptEngine.java:119)
	at com.kms.katalon.core.main.TestCaseExecutor.runScript(TestCaseExecutor.java:490)
	at com.kms.katalon.core.main.TestCaseExecutor.doExecute(TestCaseExecutor.java:481)
	at com.kms.katalon.core.main.TestCaseExecutor.processExecutionPhase(TestCaseExecutor.java:460)
	at com.kms.katalon.core.main.TestCaseExecutor.accessMainPhase(TestCaseExecutor.java:452)
	at com.kms.katalon.core.main.TestCaseExecutor.execute(TestCaseExecutor.java:322)
	at com.kms.katalon.core.main.TestCaseMain.runTestCase(TestCaseMain.java:151)
	at com.kms.katalon.core.keyword.builtin.CallTestCaseKeyword$_callTestCase_closure1.doCall(CallTestCaseKeyword.groovy:59)
	at com.kms.katalon.core.keyword.builtin.CallTestCaseKeyword$_callTestCase_closure1.call(CallTestCaseKeyword.groovy)
	at com.kms.katalon.core.keyword.internal.KeywordMain.runKeyword(KeywordMain.groovy:75)
	at com.kms.katalon.core.keyword.builtin.CallTestCaseKeyword.callTestCase(CallTestCaseKeyword.groovy:81)
	at com.kms.katalon.core.keyword.builtin.CallTestCaseKeyword.execute(CallTestCaseKeyword.groovy:44)
	at com.kms.katalon.core.keyword.internal.KeywordExecutor.executeKeywordForPlatform(KeywordExecutor.groovy:90)
	at com.kms.katalon.core.keyword.BuiltinKeywords.callTestCase(BuiltinKeywords.groovy:310)
	at java.base/jdk.internal.reflect.NativeMethodAccessorImpl.invoke0(Native Method)
	at java.base/jdk.internal.reflect.NativeMethodAccessorImpl.invoke(NativeMethodAccessorImpl.java:77)
	at java.base/jdk.internal.reflect.DelegatingMethodAccessorImpl.invoke(DelegatingMethodAccessorImpl.java:43)
	at TC1.1.run(TC1.1:42)
	at com.kms.katalon.core.main.ScriptEngine.run(ScriptEngine.java:194)
	at com.kms.katalon.core.main.ScriptEngine.runScriptAsRawText(ScriptEngine.java:119)
	at com.kms.katalon.core.main.TestCaseExecutor.runScript(TestCaseExecutor.java:490)
	at com.kms.katalon.core.main.TestCaseExecutor.doExecute(TestCaseExecutor.java:481)
	at com.kms.katalon.core.main.TestCaseExecutor.processExecutionPhase(TestCaseExecutor.java:460)
	at com.kms.katalon.core.main.TestCaseExecutor.accessMainPhase(TestCaseExecutor.java:452)
	at com.kms.katalon.core.main.TestCaseExecutor.execute(TestCaseExecutor.java:322)
	at com.kms.katalon.core.main.TestCaseExecutor.execute(TestCaseExecutor.java:410)
	at com.kms.katalon.core.main.TestCaseExecutor.execute(TestCaseExecutor.java:410)
	at com.kms.katalon.core.main.TestCaseExecutor.execute(TestCaseExecutor.java:410)
	at com.kms.katalon.core.common.CommonExecutor.accessTestCaseMainPhase(CommonExecutor.java:71)
	at com.kms.katalon.core.main.TestSuiteExecutor.accessTestSuiteMainPhase(TestSuiteExecutor.java:153)
	at com.kms.katalon.core.main.TestSuiteExecutor.execute(TestSuiteExecutor.java:110)
	at com.kms.katalon.core.main.TestCaseMain.startTestSuite(TestCaseMain.java:205)
	at TempTestSuite1767674856199.run(TempTestSuite1767674856199.groovy:35)
	at java.base/jdk.internal.reflect.NativeMethodAccessorImpl.invoke0(Native Method)
	at java.base/jdk.internal.reflect.NativeMethodAccessorImpl.invoke(NativeMethodAccessorImpl.java:77)
	at java.base/jdk.internal.reflect.DelegatingMethodAccessorImpl.invoke(DelegatingMethodAccessorImpl.java:43)
Caused by: org.openqa.selenium.SessionNotCreatedException: Could not start a new session. Response code 500. Message: session not created: Chrome failed to start: crashed.
  (session not created: DevToolsActivePort file doesn&amp;apos;t exist)
  (The process started from chrome location C:\Program Files\Google\Chrome\Application\chrome.exe is no longer running, so ChromeDriver is assuming that Chrome has crashed.) 
Host info: host: &amp;apos;WINDOWS-10&amp;apos;, ip: &amp;apos;192.168.126.20&amp;apos;
Build info: version: &amp;apos;4.34.0&amp;apos;, revision: &amp;apos;707dcb4246*&amp;apos;
System info: os.name: &amp;apos;Windows 10&amp;apos;, os.arch: &amp;apos;amd64&amp;apos;, os.version: &amp;apos;10.0&amp;apos;, java.version: &amp;apos;17.0.14&amp;apos;
Driver info: com.kms.katalon.selenium.driver.CChromeDriver
Command: [null, newSession {capabilities=[Capabilities {browserName: chrome, goog:chromeOptions: {args: [disable-features=DisableLoa..., --user-data-dir=C:\QA\Profi..., --profile-directory=Default], extensions: []}, unhandledPromptBehavior: {alert: ignore, beforeUnload: ignore, confirm: ignore, default: ignore, file: ignore, prompt: ignore}, webSocketUrl: true}]}]
	at org.openqa.selenium.remote.ProtocolHandshake.createSession(ProtocolHandshake.java:114)
	at org.openqa.selenium.remote.ProtocolHandshake.createSession(ProtocolHandshake.java:75)
	at org.openqa.selenium.remote.ProtocolHandshake.createSession(ProtocolHandshake.java:61)
	at org.openqa.selenium.remote.HttpCommandExecutor.execute(HttpCommandExecutor.java:187)
	at org.openqa.selenium.remote.service.DriverCommandExecutor.invokeExecute(DriverCommandExecutor.java:216)
	at org.openqa.selenium.remote.service.DriverCommandExecutor.execute(DriverCommandExecutor.java:174)
	at org.openqa.selenium.remote.RemoteWebDriver.execute(RemoteWebDriver.java:544)
	at org.openqa.selenium.remote.RemoteWebDriver.startSession(RemoteWebDriver.java:244)
	at org.openqa.selenium.remote.RemoteWebDriver.&amp;lt;init&amp;gt;(RemoteWebDriver.java:173)
	at org.openqa.selenium.chromium.ChromiumDriver.&amp;lt;init&amp;gt;(ChromiumDriver.java:110)
	at org.openqa.selenium.chrome.ChromeDriver.&amp;lt;init&amp;gt;(ChromeDriver.java:88)
	at org.openqa.selenium.chrome.ChromeDriver.&amp;lt;init&amp;gt;(ChromeDriver.java:83)
	at org.openqa.selenium.chrome.ChromeDriver.&amp;lt;init&amp;gt;(ChromeDriver.java:72)
	at com.kms.katalon.selenium.driver.CChromeDriver.&amp;lt;init&amp;gt;(CChromeDriver.java:15)
	at com.kms.katalon.core.webui.driver.chrome.ChromeDriverBuilder.createDriver(ChromeDriverBuilder.java:60)
	at com.kms.katalon.core.webui.driver.AbstractDriverBuilder.build(AbstractDriverBuilder.java:53)
	at com.kms.katalon.core.webui.driver.DriverFactory.startNewBrowser(DriverFactory.java:247)
	at com.kms.katalon.core.webui.driver.DriverFactory.openWebDriver(DriverFactory.java:149)
	at com.kms.katalon.core.webui.keyword.builtin.OpenBrowserKeyword$_openBrowser_closure1.doCall(OpenBrowserKeyword.groovy:44)
	at com.kms.katalon.core.webui.keyword.builtin.OpenBrowserKeyword$_openBrowser_closure1.call(OpenBrowserKeyword.groovy)
	at com.kms.katalon.core.webui.keyword.internal.WebUIKeywordMain.runKeyword(WebUIKeywordMain.groovy:41)
	at com.kms.katalon.core.webui.keyword.builtin.OpenBrowserKeyword.openBrowser(OpenBrowserKeyword.groovy:55)
	at com.kms.katalon.core.webui.keyword.builtin.OpenBrowserKeyword.execute(OpenBrowserKeyword.groovy:37)
	at com.kms.katalon.core.keyword.internal.KeywordExecutor.executeKeywordForPlatform(KeywordExecutor.groovy:90)
	at com.kms.katalon.core.webui.keyword.WebUiBuiltInKeywords.openBrowser(WebUiBuiltInKeywords.groovy:62)
	at Script1767340478096.run(Script1767340478096.groovy:19)
	at com.kms.katalon.core.main.ScriptEngine.run(ScriptEngine.java:194)
	at com.kms.katalon.core.main.ScriptEngine.runScriptAsRawText(ScriptEngine.java:119)
	at com.kms.katalon.core.main.TestCaseExecutor.runScript(TestCaseExecutor.java:490)
	at com.kms.katalon.core.main.TestCaseExecutor.doExecute(TestCaseExecutor.java:481)
	at com.kms.katalon.core.main.TestCaseExecutor.processExecutionPhase(TestCaseExecutor.java:460)
	at com.kms.katalon.core.main.TestCaseExecutor.accessMainPhase(TestCaseExecutor.java:452)
	at com.kms.katalon.core.main.TestCaseExecutor.execute(TestCaseExecutor.java:322)
	at com.kms.katalon.core.main.TestCaseMain.runTestCase(TestCaseMain.java:151)
	at com.kms.katalon.core.keyword.builtin.CallTestCaseKeyword$_callTestCase_closure1.doCall(CallTestCaseKeyword.groovy:59)
	at com.kms.katalon.core.keyword.builtin.CallTestCaseKeyword$_callTestCase_closure1.call(CallTestCaseKeyword.groovy)
	at com.kms.katalon.core.keyword.internal.KeywordMain.runKeyword(KeywordMain.groovy:75)
	at com.kms.katalon.core.keyword.builtin.CallTestCaseKeyword.callTestCase(CallTestCaseKeyword.groovy:81)
	at com.kms.katalon.core.keyword.builtin.CallTestCaseKeyword.execute(CallTestCaseKeyword.groovy:44)
	at com.kms.katalon.core.keyword.internal.KeywordExecutor.executeKeywordForPlatform(KeywordExecutor.groovy:90)
	at com.kms.katalon.core.keyword.BuiltinKeywords.callTestCase(BuiltinKeywords.groovy:310)
	at java.base/jdk.internal.reflect.NativeMethodAccessorImpl.invoke0(Native Method)
	at java.base/jdk.internal.reflect.NativeMethodAccessorImpl.invoke(NativeMethodAccessorImpl.java:77)
	at java.base/jdk.internal.reflect.DelegatingMethodAccessorImpl.invoke(DelegatingMethodAccessorImpl.java:43)
	at Script1767670064994.run(Script1767670064994.groovy:42)
	... 18 more
)</message>
  <nestedLevel>2</nestedLevel>
  <escapedJava>false</escapedJava>
  <property name="failed.exception.class">org.openqa.selenium.SessionNotCreatedException</property>
  <property name="failed.exception.stacktrace">org.openqa.selenium.SessionNotCreatedException: Could not start a new session. Response code 500. Message: session not created: Chrome failed to start: crashed.
  (session not created: DevToolsActivePort file doesn&apos;t exist)
  (The process started from chrome location C:\Program Files\Google\Chrome\Application\chrome.exe is no longer running, so ChromeDriver is assuming that Chrome has crashed.) 
Host info: host: &apos;WINDOWS-10&apos;, ip: &apos;192.168.126.20&apos;
Build info: version: &apos;4.34.0&apos;, revision: &apos;707dcb4246*&apos;
System info: os.name: &apos;Windows 10&apos;, os.arch: &apos;amd64&apos;, os.version: &apos;10.0&apos;, java.version: &apos;17.0.14&apos;
Driver info: com.kms.katalon.selenium.driver.CChromeDriver
Command: [null, newSession {capabilities=[Capabilities {browserName: chrome, goog:chromeOptions: {args: [disable-features=DisableLoa..., --user-data-dir=C:\QA\Profi..., --profile-directory=Default], extensions: []}, unhandledPromptBehavior: {alert: ignore, beforeUnload: ignore, confirm: ignore, default: ignore, file: ignore, prompt: ignore}, webSocketUrl: true}]}]
	at org.openqa.selenium.remote.ProtocolHandshake.createSession(ProtocolHandshake.java:114)
	at org.openqa.selenium.remote.ProtocolHandshake.createSession(ProtocolHandshake.java:75)
	at org.openqa.selenium.remote.ProtocolHandshake.createSession(ProtocolHandshake.java:61)
	at org.openqa.selenium.remote.HttpCommandExecutor.execute(HttpCommandExecutor.java:187)
	at org.openqa.selenium.remote.service.DriverCommandExecutor.invokeExecute(DriverCommandExecutor.java:216)
	at org.openqa.selenium.remote.service.DriverCommandExecutor.execute(DriverCommandExecutor.java:174)
	at org.openqa.selenium.remote.RemoteWebDriver.execute(RemoteWebDriver.java:544)
	at org.openqa.selenium.remote.RemoteWebDriver.startSession(RemoteWebDriver.java:244)
	at org.openqa.selenium.remote.RemoteWebDriver.&lt;init&gt;(RemoteWebDriver.java:173)
	at org.openqa.selenium.chromium.ChromiumDriver.&lt;init&gt;(ChromiumDriver.java:110)
	at org.openqa.selenium.chrome.ChromeDriver.&lt;init&gt;(ChromeDriver.java:88)
	at org.openqa.selenium.chrome.ChromeDriver.&lt;init&gt;(ChromeDriver.java:83)
	at org.openqa.selenium.chrome.ChromeDriver.&lt;init&gt;(ChromeDriver.java:72)
	at com.kms.katalon.selenium.driver.CChromeDriver.&lt;init&gt;(CChromeDriver.java:15)
	at com.kms.katalon.core.webui.driver.chrome.ChromeDriverBuilder.createDriver(ChromeDriverBuilder.java:60)
	at com.kms.katalon.core.webui.driver.AbstractDriverBuilder.build(AbstractDriverBuilder.java:53)
	at com.kms.katalon.core.webui.driver.DriverFactory.startNewBrowser(DriverFactory.java:247)
	at com.kms.katalon.core.webui.driver.DriverFactory.openWebDriver(DriverFactory.java:149)
	at com.kms.katalon.core.webui.keyword.builtin.OpenBrowserKeyword$_openBrowser_closure1.doCall(OpenBrowserKeyword.groovy:44)
	at com.kms.katalon.core.webui.keyword.builtin.OpenBrowserKeyword$_openBrowser_closure1.call(OpenBrowserKeyword.groovy)
	at com.kms.katalon.core.webui.keyword.internal.WebUIKeywordMain.runKeyword(WebUIKeywordMain.groovy:41)
	at com.kms.katalon.core.webui.keyword.builtin.OpenBrowserKeyword.openBrowser(OpenBrowserKeyword.groovy:55)
	at com.kms.katalon.core.webui.keyword.builtin.OpenBrowserKeyword.execute(OpenBrowserKeyword.groovy:37)
	at com.kms.katalon.core.keyword.internal.KeywordExecutor.executeKeywordForPlatform(KeywordExecutor.groovy:90)
	at com.kms.katalon.core.webui.keyword.WebUiBuiltInKeywords.openBrowser(WebUiBuiltInKeywords.groovy:62)
	at LG-01.run(LG-01:19)
	at com.kms.katalon.core.main.ScriptEngine.run(ScriptEngine.java:194)
	at com.kms.katalon.core.main.ScriptEngine.runScriptAsRawText(ScriptEngine.java:119)
	at com.kms.katalon.core.main.TestCaseExecutor.runScript(TestCaseExecutor.java:490)
	at com.kms.katalon.core.main.TestCaseExecutor.doExecute(TestCaseExecutor.java:481)
	at com.kms.katalon.core.main.TestCaseExecutor.processExecutionPhase(TestCaseExecutor.java:460)
	at com.kms.katalon.core.main.TestCaseExecutor.accessMainPhase(TestCaseExecutor.java:452)
	at com.kms.katalon.core.main.TestCaseExecutor.execute(TestCaseExecutor.java:322)
	at com.kms.katalon.core.main.TestCaseMain.runTestCase(TestCaseMain.java:151)
	at com.kms.katalon.core.keyword.builtin.CallTestCaseKeyword$_callTestCase_closure1.doCall(CallTestCaseKeyword.groovy:59)
	at com.kms.katalon.core.keyword.builtin.CallTestCaseKeyword$_callTestCase_closure1.call(CallTestCaseKeyword.groovy)
	at com.kms.katalon.core.keyword.internal.KeywordMain.runKeyword(KeywordMain.groovy:75)
	at com.kms.katalon.core.keyword.builtin.CallTestCaseKeyword.callTestCase(CallTestCaseKeyword.groovy:81)
	at com.kms.katalon.core.keyword.builtin.CallTestCaseKeyword.execute(CallTestCaseKeyword.groovy:44)
	at com.kms.katalon.core.keyword.internal.KeywordExecutor.executeKeywordForPlatform(KeywordExecutor.groovy:90)
	at com.kms.katalon.core.keyword.BuiltinKeywords.callTestCase(BuiltinKeywords.groovy:310)
	at java.base/jdk.internal.reflect.NativeMethodAccessorImpl.invoke0(Native Method)
	at java.base/jdk.internal.reflect.NativeMethodAccessorImpl.invoke(NativeMethodAccessorImpl.java:77)
	at java.base/jdk.internal.reflect.DelegatingMethodAccessorImpl.invoke(DelegatingMethodAccessorImpl.java:43)
	at TC1.1.run(TC1.1:42)
	at com.kms.katalon.core.main.ScriptEngine.run(ScriptEngine.java:194)
	at com.kms.katalon.core.main.ScriptEngine.runScriptAsRawText(ScriptEngine.java:119)
	at com.kms.katalon.core.main.TestCaseExecutor.runScript(TestCaseExecutor.java:490)
	at com.kms.katalon.core.main.TestCaseExecutor.doExecute(TestCaseExecutor.java:481)
	at com.kms.katalon.core.main.TestCaseExecutor.processExecutionPhase(TestCaseExecutor.java:460)
	at com.kms.katalon.core.main.TestCaseExecutor.accessMainPhase(TestCaseExecutor.java:452)
	at com.kms.katalon.core.main.TestCaseExecutor.execute(TestCaseExecutor.java:322)
	at com.kms.katalon.core.main.TestCaseExecutor.execute(TestCaseExecutor.java:410)
	at com.kms.katalon.core.main.TestCaseExecutor.execute(TestCaseExecutor.java:410)
	at com.kms.katalon.core.main.TestCaseExecutor.execute(TestCaseExecutor.java:410)
	at com.kms.katalon.core.common.CommonExecutor.accessTestCaseMainPhase(CommonExecutor.java:71)
	at com.kms.katalon.core.main.TestSuiteExecutor.accessTestSuiteMainPhase(TestSuiteExecutor.java:153)
	at com.kms.katalon.core.main.TestSuiteExecutor.execute(TestSuiteExecutor.java:110)
	at com.kms.katalon.core.main.TestCaseMain.startTestSuite(TestCaseMain.java:205)
	at TempTestSuite1767674856199.run(TempTestSuite1767674856199.groovy:35)
	at java.base/jdk.internal.reflect.NativeMethodAccessorImpl.invoke0(Native Method)
	at java.base/jdk.internal.reflect.NativeMethodAccessorImpl.invoke(NativeMethodAccessorImpl.java:77)
	at java.base/jdk.internal.reflect.DelegatingMethodAccessorImpl.invoke(DelegatingMethodAccessorImpl.java:43)
</property>
  <property name="failed.exception.message">Could not start a new session. Response code 500. Message: session not created: Chrome failed to start: crashed.
  (session not created: DevToolsActivePort file doesn&apos;t exist)
  (The process started from chrome location C:\Program Files\Google\Chrome\Application\chrome.exe is no longer running, so ChromeDriver is assuming that Chrome has crashed.) 
Host info: host: &apos;WINDOWS-10&apos;, ip: &apos;192.168.126.20&apos;
Build info: version: &apos;4.34.0&apos;, revision: &apos;707dcb4246*&apos;
System info: os.name: &apos;Windows 10&apos;, os.arch: &apos;amd64&apos;, os.version: &apos;10.0&apos;, java.version: &apos;17.0.14&apos;
Driver info: com.kms.katalon.selenium.driver.CChromeDriver
Command: [null, newSession {capabilities=[Capabilities {browserName: chrome, goog:chromeOptions: {args: [disable-features=DisableLoa..., --user-data-dir=C:\QA\Profi..., --profile-directory=Default], extensions: []}, unhandledPromptBehavior: {alert: ignore, beforeUnload: ignore, confirm: ignore, default: ignore, file: ignore, prompt: ignore}, webSocketUrl: true}]}]</property>
</record>
<record>
  <date>2026-01-06T04:47:44.639953600Z</date>
  <millis>1767674864639</millis>
  <nanos>953600</nanos>
  <sequence>214</sequence>
  <level>END</level>
  <class>com.kms.katalon.core.logging.XmlKeywordLogger</class>
  <method>endKeyword</method>
  <thread>1</thread>
  <message>End action : openBrowser(&amp;quot;&amp;quot;)</message>
  <nestedLevel>1</nestedLevel>
  <escapedJava>false</escapedJava>
</record>
<record>
  <date>2026-01-06T04:47:44.640953600Z</date>
  <millis>1767674864640</millis>
  <nanos>953600</nanos>
  <sequence>217</sequence>
  <level>FAILED</level>
  <class>com.kms.katalon.core.logging.XmlKeywordLogger</class>
  <method>logMessage</method>
  <thread>1</thread>
  <message>Test Cases/Login/LG-01 FAILED.
Reason:
com.kms.katalon.core.exception.StepFailedException: Unable to open browser with url: &amp;apos;&amp;apos;
	at com.kms.katalon.core.webui.keyword.internal.WebUIKeywordMain.stepFailed(WebUIKeywordMain.groovy:177)
	at com.kms.katalon.core.webui.keyword.internal.WebUIKeywordMain.runKeyword(WebUIKeywordMain.groovy:49)
	at com.kms.katalon.core.webui.keyword.builtin.OpenBrowserKeyword.openBrowser(OpenBrowserKeyword.groovy:55)
	at com.kms.katalon.core.webui.keyword.builtin.OpenBrowserKeyword.execute(OpenBrowserKeyword.groovy:37)
	at com.kms.katalon.core.keyword.internal.KeywordExecutor.executeKeywordForPlatform(KeywordExecutor.groovy:90)
	at com.kms.katalon.core.webui.keyword.WebUiBuiltInKeywords.openBrowser(WebUiBuiltInKeywords.groovy:62)
	at LG-01.run(LG-01:19)
	at com.kms.katalon.core.main.ScriptEngine.run(ScriptEngine.java:194)
	at com.kms.katalon.core.main.ScriptEngine.runScriptAsRawText(ScriptEngine.java:119)
	at com.kms.katalon.core.main.TestCaseExecutor.runScript(TestCaseExecutor.java:490)
	at com.kms.katalon.core.main.TestCaseExecutor.doExecute(TestCaseExecutor.java:481)
	at com.kms.katalon.core.main.TestCaseExecutor.processExecutionPhase(TestCaseExecutor.java:460)
	at com.kms.katalon.core.main.TestCaseExecutor.accessMainPhase(TestCaseExecutor.java:452)
	at com.kms.katalon.core.main.TestCaseExecutor.execute(TestCaseExecutor.java:322)
	at com.kms.katalon.core.main.TestCaseMain.runTestCase(TestCaseMain.java:151)
	at com.kms.katalon.core.keyword.builtin.CallTestCaseKeyword$_callTestCase_closure1.doCall(CallTestCaseKeyword.groovy:59)
	at com.kms.katalon.core.keyword.builtin.CallTestCaseKeyword$_callTestCase_closure1.call(CallTestCaseKeyword.groovy)
	at com.kms.katalon.core.keyword.internal.KeywordMain.runKeyword(KeywordMain.groovy:75)
	at com.kms.katalon.core.keyword.builtin.CallTestCaseKeyword.callTestCase(CallTestCaseKeyword.groovy:81)
	at com.kms.katalon.core.keyword.builtin.CallTestCaseKeyword.execute(CallTestCaseKeyword.groovy:44)
	at com.kms.katalon.core.keyword.internal.KeywordExecutor.executeKeywordForPlatform(KeywordExecutor.groovy:90)
	at com.kms.katalon.core.keyword.BuiltinKeywords.callTestCase(BuiltinKeywords.groovy:310)
	at java.base/jdk.internal.reflect.NativeMethodAccessorImpl.invoke0(Native Method)
	at java.base/jdk.internal.reflect.NativeMethodAccessorImpl.invoke(NativeMethodAccessorImpl.java:77)
	at java.base/jdk.internal.reflect.DelegatingMethodAccessorImpl.invoke(DelegatingMethodAccessorImpl.java:43)
	at TC1.1.run(TC1.1:42)
	at com.kms.katalon.core.main.ScriptEngine.run(ScriptEngine.java:194)
	at com.kms.katalon.core.main.ScriptEngine.runScriptAsRawText(ScriptEngine.java:119)
	at com.kms.katalon.core.main.TestCaseExecutor.runScript(TestCaseExecutor.java:490)
	at com.kms.katalon.core.main.TestCaseExecutor.doExecute(TestCaseExecutor.java:481)
	at com.kms.katalon.core.main.TestCaseExecutor.processExecutionPhase(TestCaseExecutor.java:460)
	at com.kms.katalon.core.main.TestCaseExecutor.accessMainPhase(TestCaseExecutor.java:452)
	at com.kms.katalon.core.main.TestCaseExecutor.execute(TestCaseExecutor.java:322)
	at com.kms.katalon.core.main.TestCaseExecutor.execute(TestCaseExecutor.java:410)
	at com.kms.katalon.core.main.TestCaseExecutor.execute(TestCaseExecutor.java:410)
	at com.kms.katalon.core.main.TestCaseExecutor.execute(TestCaseExecutor.java:410)
	at com.kms.katalon.core.common.CommonExecutor.accessTestCaseMainPhase(CommonExecutor.java:71)
	at com.kms.katalon.core.main.TestSuiteExecutor.accessTestSuiteMainPhase(TestSuiteExecutor.java:153)
	at com.kms.katalon.core.main.TestSuiteExecutor.execute(TestSuiteExecutor.java:110)
	at com.kms.katalon.core.main.TestCaseMain.startTestSuite(TestCaseMain.java:205)
	at TempTestSuite1767674856199.run(TempTestSuite1767674856199.groovy:35)
	at java.base/jdk.internal.reflect.NativeMethodAccessorImpl.invoke0(Native Method)
	at java.base/jdk.internal.reflect.NativeMethodAccessorImpl.invoke(NativeMethodAccessorImpl.java:77)
	at java.base/jdk.internal.reflect.DelegatingMethodAccessorImpl.invoke(DelegatingMethodAccessorImpl.java:43)
Caused by: org.openqa.selenium.SessionNotCreatedException: Could not start a new session. Response code 500. Message: session not created: Chrome failed to start: crashed.
  (session not created: DevToolsActivePort file doesn&amp;apos;t exist)
  (The process started from chrome location C:\Program Files\Google\Chrome\Application\chrome.exe is no longer running, so ChromeDriver is assuming that Chrome has crashed.) 
Host info: host: &amp;apos;WINDOWS-10&amp;apos;, ip: &amp;apos;192.168.126.20&amp;apos;
Build info: version: &amp;apos;4.34.0&amp;apos;, revision: &amp;apos;707dcb4246*&amp;apos;
System info: os.name: &amp;apos;Windows 10&amp;apos;, os.arch: &amp;apos;amd64&amp;apos;, os.version: &amp;apos;10.0&amp;apos;, java.version: &amp;apos;17.0.14&amp;apos;
Driver info: com.kms.katalon.selenium.driver.CChromeDriver
Command: [null, newSession {capabilities=[Capabilities {browserName: chrome, goog:chromeOptions: {args: [disable-features=DisableLoa..., --user-data-dir=C:\QA\Profi..., --profile-directory=Default], extensions: []}, unhandledPromptBehavior: {alert: ignore, beforeUnload: ignore, confirm: ignore, default: ignore, file: ignore, prompt: ignore}, webSocketUrl: true}]}]
	at org.openqa.selenium.remote.ProtocolHandshake.createSession(ProtocolHandshake.java:114)
	at org.openqa.selenium.remote.ProtocolHandshake.createSession(ProtocolHandshake.java:75)
	at org.openqa.selenium.remote.ProtocolHandshake.createSession(ProtocolHandshake.java:61)
	at org.openqa.selenium.remote.HttpCommandExecutor.execute(HttpCommandExecutor.java:187)
	at org.openqa.selenium.remote.service.DriverCommandExecutor.invokeExecute(DriverCommandExecutor.java:216)
	at org.openqa.selenium.remote.service.DriverCommandExecutor.execute(DriverCommandExecutor.java:174)
	at org.openqa.selenium.remote.RemoteWebDriver.execute(RemoteWebDriver.java:544)
	at org.openqa.selenium.remote.RemoteWebDriver.startSession(RemoteWebDriver.java:244)
	at org.openqa.selenium.remote.RemoteWebDriver.&amp;lt;init&amp;gt;(RemoteWebDriver.java:173)
	at org.openqa.selenium.chromium.ChromiumDriver.&amp;lt;init&amp;gt;(ChromiumDriver.java:110)
	at org.openqa.selenium.chrome.ChromeDriver.&amp;lt;init&amp;gt;(ChromeDriver.java:88)
	at org.openqa.selenium.chrome.ChromeDriver.&amp;lt;init&amp;gt;(ChromeDriver.java:83)
	at org.openqa.selenium.chrome.ChromeDriver.&amp;lt;init&amp;gt;(ChromeDriver.java:72)
	at com.kms.katalon.selenium.driver.CChromeDriver.&amp;lt;init&amp;gt;(CChromeDriver.java:15)
	at com.kms.katalon.core.webui.driver.chrome.ChromeDriverBuilder.createDriver(ChromeDriverBuilder.java:60)
	at com.kms.katalon.core.webui.driver.AbstractDriverBuilder.build(AbstractDriverBuilder.java:53)
	at com.kms.katalon.core.webui.driver.DriverFactory.startNewBrowser(DriverFactory.java:247)
	at com.kms.katalon.core.webui.driver.DriverFactory.openWebDriver(DriverFactory.java:149)
	at com.kms.katalon.core.webui.keyword.builtin.OpenBrowserKeyword$_openBrowser_closure1.doCall(OpenBrowserKeyword.groovy:44)
	at com.kms.katalon.core.webui.keyword.builtin.OpenBrowserKeyword$_openBrowser_closure1.call(OpenBrowserKeyword.groovy)
	at com.kms.katalon.core.webui.keyword.internal.WebUIKeywordMain.runKeyword(WebUIKeywordMain.groovy:41)
	... 42 more
</message>
  <exception>
    <message>com.kms.katalon.core.exception.StepFailedException: Unable to open browser with url: ''</message>
    <frame>
      <class>com.kms.katalon.core.logging.XmlKeywordLogger</class>
      <method>logMessage</method>
      <line>512</line>
    </frame>
    <frame>
      <class>com.kms.katalon.core.logging.KeywordLogger</class>
      <method>logMessage</method>
      <line>447</line>
    </frame>
    <frame>
      <class>com.kms.katalon.core.main.TestCaseExecutor</class>
      <method>logError</method>
      <line>599</line>
    </frame>
    <frame>
      <class>com.kms.katalon.core.main.TestCaseExecutor</class>
      <method>onExecutionError</method>
      <line>187</line>
    </frame>
    <frame>
      <class>com.kms.katalon.core.main.TestCaseExecutor</class>
      <method>processExecutionPhase</method>
      <line>470</line>
    </frame>
    <frame>
      <class>com.kms.katalon.core.main.TestCaseExecutor</class>
      <method>accessMainPhase</method>
      <line>452</line>
    </frame>
    <frame>
      <class>com.kms.katalon.core.main.TestCaseExecutor</class>
      <method>execute</method>
      <line>322</line>
    </frame>
    <frame>
      <class>com.kms.katalon.core.main.TestCaseMain</class>
      <method>runTestCase</method>
      <line>151</line>
    </frame>
    <frame>
      <class>com.kms.katalon.core.keyword.builtin.CallTestCaseKeyword$_callTestCase_closure1</class>
      <method>doCall</method>
      <line>59</line>
    </frame>
    <frame>
      <class>com.kms.katalon.core.keyword.builtin.CallTestCaseKeyword$_callTestCase_closure1</class>
      <method>call</method>
    </frame>
    <frame>
      <class>com.kms.katalon.core.keyword.internal.KeywordMain</class>
      <method>runKeyword</method>
      <line>75</line>
    </frame>
    <frame>
      <class>com.kms.katalon.core.keyword.builtin.CallTestCaseKeyword</class>
      <method>callTestCase</method>
      <line>81</line>
    </frame>
    <frame>
      <class>com.kms.katalon.core.keyword.builtin.CallTestCaseKeyword</class>
      <method>execute</method>
      <line>44</line>
    </frame>
    <frame>
      <class>com.kms.katalon.core.keyword.internal.KeywordExecutor</class>
      <method>executeKeywordForPlatform</method>
      <line>90</line>
    </frame>
    <frame>
      <class>com.kms.katalon.core.keyword.BuiltinKeywords</class>
      <method>callTestCase</method>
      <line>310</line>
    </frame>
    <frame>
      <class>jdk.internal.reflect.NativeMethodAccessorImpl</class>
      <method>invoke0</method>
    </frame>
    <frame>
      <class>jdk.internal.reflect.NativeMethodAccessorImpl</class>
      <method>invoke</method>
      <line>77</line>
    </frame>
    <frame>
      <class>jdk.internal.reflect.DelegatingMethodAccessorImpl</class>
      <method>invoke</method>
      <line>43</line>
    </frame>
    <frame>
      <class>java.lang.reflect.Method</class>
      <method>invoke</method>
      <line>569</line>
    </frame>
    <frame>
      <class>org.codehaus.groovy.reflection.CachedMethod</class>
      <method>invoke</method>
      <line>107</line>
    </frame>
    <frame>
      <class>groovy.lang.MetaMethod</class>
      <method>doMethodInvoke</method>
      <line>323</line>
    </frame>
    <frame>
      <class>groovy.lang.MetaClassImpl</class>
      <method>invokeStaticMethod</method>
      <line>1536</line>
    </frame>
    <frame>
      <class>org.codehaus.groovy.vmplugin.v8.IndyInterface</class>
      <method>fromCache</method>
      <line>318</line>
    </frame>
    <frame>
      <class>Script1767670064994</class>
      <method>run</method>
      <line>42</line>
    </frame>
    <frame>
      <class>com.kms.katalon.core.main.ScriptEngine</class>
      <method>run</method>
      <line>194</line>
    </frame>
    <frame>
      <class>com.kms.katalon.core.main.ScriptEngine</class>
      <method>runScriptAsRawText</method>
      <line>119</line>
    </frame>
    <frame>
      <class>com.kms.katalon.core.main.TestCaseExecutor</class>
      <method>runScript</method>
      <line>490</line>
    </frame>
    <frame>
      <class>com.kms.katalon.core.main.TestCaseExecutor</class>
      <method>doExecute</method>
      <line>481</line>
    </frame>
    <frame>
      <class>com.kms.katalon.core.main.TestCaseExecutor</class>
      <method>processExecutionPhase</method>
      <line>460</line>
    </frame>
    <frame>
      <class>com.kms.katalon.core.main.TestCaseExecutor</class>
      <method>accessMainPhase</method>
      <line>452</line>
    </frame>
    <frame>
      <class>com.kms.katalon.core.main.TestCaseExecutor</class>
      <method>execute</method>
      <line>322</line>
    </frame>
    <frame>
      <class>com.kms.katalon.core.main.TestCaseExecutor</class>
      <method>execute</method>
      <line>410</line>
    </frame>
    <frame>
      <class>com.kms.katalon.core.main.TestCaseExecutor</class>
      <method>execute</method>
      <line>410</line>
    </frame>
    <frame>
      <class>com.kms.katalon.core.main.TestCaseExecutor</class>
      <method>execute</method>
      <line>410</line>
    </frame>
    <frame>
      <class>com.kms.katalon.core.common.CommonExecutor</class>
      <method>accessTestCaseMainPhase</method>
      <line>71</line>
    </frame>
    <frame>
      <class>com.kms.katalon.core.main.TestSuiteExecutor</class>
      <method>accessTestSuiteMainPhase</method>
      <line>153</line>
    </frame>
    <frame>
      <class>com.kms.katalon.core.main.TestSuiteExecutor</class>
      <method>execute</method>
      <line>110</line>
    </frame>
    <frame>
      <class>com.kms.katalon.core.main.TestCaseMain</class>
      <method>startTestSuite</method>
      <line>205</line>
    </frame>
    <frame>
      <class>org.codehaus.groovy.vmplugin.v8.IndyInterface</class>
      <method>fromCache</method>
      <line>318</line>
    </frame>
    <frame>
      <class>TempTestSuite1767674856199</class>
      <method>run</method>
      <line>35</line>
    </frame>
    <frame>
      <class>groovy.lang.GroovyShell</class>
      <method>runScriptOrMainOrTestOrRunnable</method>
      <line>254</line>
    </frame>
    <frame>
      <class>groovy.lang.GroovyShell</class>
      <method>run</method>
      <line>360</line>
    </frame>
    <frame>
      <class>groovy.lang.GroovyShell</class>
      <method>run</method>
      <line>349</line>
    </frame>
    <frame>
      <class>groovy.ui.GroovyMain</class>
      <method>processOnce</method>
      <line>652</line>
    </frame>
    <frame>
      <class>groovy.ui.GroovyMain</class>
      <method>run</method>
      <line>398</line>
    </frame>
    <frame>
      <class>groovy.ui.GroovyMain</class>
      <method>access$1400</method>
      <line>68</line>
    </frame>
    <frame>
      <class>groovy.ui.GroovyMain$GroovyCommand</class>
      <method>process</method>
      <line>322</line>
    </frame>
    <frame>
      <class>groovy.ui.GroovyMain</class>
      <method>processArgs</method>
      <line>142</line>
    </frame>
    <frame>
      <class>groovy.ui.GroovyMain</class>
      <method>main</method>
      <line>115</line>
    </frame>
    <frame>
      <class>jdk.internal.reflect.NativeMethodAccessorImpl</class>
      <method>invoke0</method>
    </frame>
    <frame>
      <class>jdk.internal.reflect.NativeMethodAccessorImpl</class>
      <method>invoke</method>
      <line>77</line>
    </frame>
    <frame>
      <class>jdk.internal.reflect.DelegatingMethodAccessorImpl</class>
      <method>invoke</method>
      <line>43</line>
    </frame>
    <frame>
      <class>java.lang.reflect.Method</class>
      <method>invoke</method>
      <line>569</line>
    </frame>
    <frame>
      <class>org.codehaus.groovy.tools.GroovyStarter</class>
      <method>rootLoader</method>
      <line>117</line>
    </frame>
    <frame>
      <class>org.codehaus.groovy.tools.GroovyStarter</class>
      <method>main</method>
      <line>39</line>
    </frame>
  </exception>
  <nestedLevel>0</nestedLevel>
  <escapedJava>false</escapedJava>
  <property name="failed.exception.stacktrace">org.openqa.selenium.SessionNotCreatedException: Could not start a new session. Response code 500. Message: session not created: Chrome failed to start: crashed.
  (session not created: DevToolsActivePort file doesn&apos;t exist)
  (The process started from chrome location C:\Program Files\Google\Chrome\Application\chrome.exe is no longer running, so ChromeDriver is assuming that Chrome has crashed.) 
Host info: host: &apos;WINDOWS-10&apos;, ip: &apos;192.168.126.20&apos;
Build info: version: &apos;4.34.0&apos;, revision: &apos;707dcb4246*&apos;
System info: os.name: &apos;Windows 10&apos;, os.arch: &apos;amd64&apos;, os.version: &apos;10.0&apos;, java.version: &apos;17.0.14&apos;
Driver info: com.kms.katalon.selenium.driver.CChromeDriver
Command: [null, newSession {capabilities=[Capabilities {browserName: chrome, goog:chromeOptions: {args: [disable-features=DisableLoa..., --user-data-dir=C:\QA\Profi..., --profile-directory=Default], extensions: []}, unhandledPromptBehavior: {alert: ignore, beforeUnload: ignore, confirm: ignore, default: ignore, file: ignore, prompt: ignore}, webSocketUrl: true}]}]
	at org.openqa.selenium.remote.ProtocolHandshake.createSession(ProtocolHandshake.java:114)
	at org.openqa.selenium.remote.ProtocolHandshake.createSession(ProtocolHandshake.java:75)
	at org.openqa.selenium.remote.ProtocolHandshake.createSession(ProtocolHandshake.java:61)
	at org.openqa.selenium.remote.HttpCommandExecutor.execute(HttpCommandExecutor.java:187)
	at org.openqa.selenium.remote.service.DriverCommandExecutor.invokeExecute(DriverCommandExecutor.java:216)
	at org.openqa.selenium.remote.service.DriverCommandExecutor.execute(DriverCommandExecutor.java:174)
	at org.openqa.selenium.remote.RemoteWebDriver.execute(RemoteWebDriver.java:544)
	at org.openqa.selenium.remote.RemoteWebDriver.startSession(RemoteWebDriver.java:244)
	at org.openqa.selenium.remote.RemoteWebDriver.&lt;init&gt;(RemoteWebDriver.java:173)
	at org.openqa.selenium.chromium.ChromiumDriver.&lt;init&gt;(ChromiumDriver.java:110)
	at org.openqa.selenium.chrome.ChromeDriver.&lt;init&gt;(ChromeDriver.java:88)
	at org.openqa.selenium.chrome.ChromeDriver.&lt;init&gt;(ChromeDriver.java:83)
	at org.openqa.selenium.chrome.ChromeDriver.&lt;init&gt;(ChromeDriver.java:72)
	at com.kms.katalon.selenium.driver.CChromeDriver.&lt;init&gt;(CChromeDriver.java:15)
	at com.kms.katalon.core.webui.driver.chrome.ChromeDriverBuilder.createDriver(ChromeDriverBuilder.java:60)
	at com.kms.katalon.core.webui.driver.AbstractDriverBuilder.build(AbstractDriverBuilder.java:53)
	at com.kms.katalon.core.webui.driver.DriverFactory.startNewBrowser(DriverFactory.java:247)
	at com.kms.katalon.core.webui.driver.DriverFactory.openWebDriver(DriverFactory.java:149)
	at com.kms.katalon.core.webui.keyword.builtin.OpenBrowserKeyword$_openBrowser_closure1.doCall(OpenBrowserKeyword.groovy:44)
	at com.kms.katalon.core.webui.keyword.builtin.OpenBrowserKeyword$_openBrowser_closure1.call(OpenBrowserKeyword.groovy)
	at com.kms.katalon.core.webui.keyword.internal.WebUIKeywordMain.runKeyword(WebUIKeywordMain.groovy:41)
	at com.kms.katalon.core.webui.keyword.builtin.OpenBrowserKeyword.openBrowser(OpenBrowserKeyword.groovy:55)
	at com.kms.katalon.core.webui.keyword.builtin.OpenBrowserKeyword.execute(OpenBrowserKeyword.groovy:37)
	at com.kms.katalon.core.keyword.internal.KeywordExecutor.executeKeywordForPlatform(KeywordExecutor.groovy:90)
	at com.kms.katalon.core.webui.keyword.WebUiBuiltInKeywords.openBrowser(WebUiBuiltInKeywords.groovy:62)
	at LG-01.run(LG-01:19)
	at com.kms.katalon.core.main.ScriptEngine.run(ScriptEngine.java:194)
	at com.kms.katalon.core.main.ScriptEngine.runScriptAsRawText(ScriptEngine.java:119)
	at com.kms.katalon.core.main.TestCaseExecutor.runScript(TestCaseExecutor.java:490)
	at com.kms.katalon.core.main.TestCaseExecutor.doExecute(TestCaseExecutor.java:481)
	at com.kms.katalon.core.main.TestCaseExecutor.processExecutionPhase(TestCaseExecutor.java:460)
	at com.kms.katalon.core.main.TestCaseExecutor.accessMainPhase(TestCaseExecutor.java:452)
	at com.kms.katalon.core.main.TestCaseExecutor.execute(TestCaseExecutor.java:322)
	at com.kms.katalon.core.main.TestCaseMain.runTestCase(TestCaseMain.java:151)
	at com.kms.katalon.core.keyword.builtin.CallTestCaseKeyword$_callTestCase_closure1.doCall(CallTestCaseKeyword.groovy:59)
	at com.kms.katalon.core.keyword.builtin.CallTestCaseKeyword$_callTestCase_closure1.call(CallTestCaseKeyword.groovy)
	at com.kms.katalon.core.keyword.internal.KeywordMain.runKeyword(KeywordMain.groovy:75)
	at com.kms.katalon.core.keyword.builtin.CallTestCaseKeyword.callTestCase(CallTestCaseKeyword.groovy:81)
	at com.kms.katalon.core.keyword.builtin.CallTestCaseKeyword.execute(CallTestCaseKeyword.groovy:44)
	at com.kms.katalon.core.keyword.internal.KeywordExecutor.executeKeywordForPlatform(KeywordExecutor.groovy:90)
	at com.kms.katalon.core.keyword.BuiltinKeywords.callTestCase(BuiltinKeywords.groovy:310)
	at java.base/jdk.internal.reflect.NativeMethodAccessorImpl.invoke0(Native Method)
	at java.base/jdk.internal.reflect.NativeMethodAccessorImpl.invoke(NativeMethodAccessorImpl.java:77)
	at java.base/jdk.internal.reflect.DelegatingMethodAccessorImpl.invoke(DelegatingMethodAccessorImpl.java:43)
	at TC1.1.run(TC1.1:42)
	at com.kms.katalon.core.main.ScriptEngine.run(ScriptEngine.java:194)
	at com.kms.katalon.core.main.ScriptEngine.runScriptAsRawText(ScriptEngine.java:119)
	at com.kms.katalon.core.main.TestCaseExecutor.runScript(TestCaseExecutor.java:490)
	at com.kms.katalon.core.main.TestCaseExecutor.doExecute(TestCaseExecutor.java:481)
	at com.kms.katalon.core.main.TestCaseExecutor.processExecutionPhase(TestCaseExecutor.java:460)
	at com.kms.katalon.core.main.TestCaseExecutor.accessMainPhase(TestCaseExecutor.java:452)
	at com.kms.katalon.core.main.TestCaseExecutor.execute(TestCaseExecutor.java:322)
	at com.kms.katalon.core.main.TestCaseExecutor.execute(TestCaseExecutor.java:410)
	at com.kms.katalon.core.main.TestCaseExecutor.execute(TestCaseExecutor.java:410)
	at com.kms.katalon.core.main.TestCaseExecutor.execute(TestCaseExecutor.java:410)
	at com.kms.katalon.core.common.CommonExecutor.accessTestCaseMainPhase(CommonExecutor.java:71)
	at com.kms.katalon.core.main.TestSuiteExecutor.accessTestSuiteMainPhase(TestSuiteExecutor.java:153)
	at com.kms.katalon.core.main.TestSuiteExecutor.execute(TestSuiteExecutor.java:110)
	at com.kms.katalon.core.main.TestCaseMain.startTestSuite(TestCaseMain.java:205)
	at TempTestSuite1767674856199.run(TempTestSuite1767674856199.groovy:35)
	at java.base/jdk.internal.reflect.NativeMethodAccessorImpl.invoke0(Native Method)
	at java.base/jdk.internal.reflect.NativeMethodAccessorImpl.invoke(NativeMethodAccessorImpl.java:77)
	at java.base/jdk.internal.reflect.DelegatingMethodAccessorImpl.invoke(DelegatingMethodAccessorImpl.java:43)
</property>
  <property name="failed.exception.class">org.openqa.selenium.SessionNotCreatedException</property>
  <property name="failed.exception.message">Could not start a new session. Response code 500. Message: session not created: Chrome failed to start: crashed.
  (session not created: DevToolsActivePort file doesn&apos;t exist)
  (The process started from chrome location C:\Program Files\Google\Chrome\Application\chrome.exe is no longer running, so ChromeDriver is assuming that Chrome has crashed.) 
Host info: host: &apos;WINDOWS-10&apos;, ip: &apos;192.168.126.20&apos;
Build info: version: &apos;4.34.0&apos;, revision: &apos;707dcb4246*&apos;
System info: os.name: &apos;Windows 10&apos;, os.arch: &apos;amd64&apos;, os.version: &apos;10.0&apos;, java.version: &apos;17.0.14&apos;
Driver info: com.kms.katalon.selenium.driver.CChromeDriver
Command: [null, newSession {capabilities=[Capabilities {browserName: chrome, goog:chromeOptions: {args: [disable-features=DisableLoa..., --user-data-dir=C:\QA\Profi..., --profile-directory=Default], extensions: []}, unhandledPromptBehavior: {alert: ignore, beforeUnload: ignore, confirm: ignore, default: ignore, file: ignore, prompt: ignore}, webSocketUrl: true}]}]</property>
</record>
<record>
  <date>2026-01-06T04:47:44.643956200Z</date>
  <millis>1767674864643</millis>
  <nanos>956200</nanos>
  <sequence>219</sequence>
  <level>END</level>
  <class>com.kms.katalon.core.logging.XmlKeywordLogger</class>
  <method>endTest</method>
  <thread>1</thread>
  <message>End Test Case : Test Cases/Login/LG-01</message>
  <nestedLevel>1</nestedLevel>
  <escapedJava>false</escapedJava>
</record>
<record>
  <date>2026-01-06T04:47:44.644955600Z</date>
  <millis>1767674864644</millis>
  <nanos>955600</nanos>
  <sequence>224</sequence>
  <level>FAILED</level>
  <class>com.kms.katalon.core.logging.XmlKeywordLogger</class>
  <method>logMessage</method>
  <thread>1</thread>
  <message>Unable to call Test Case &amp;apos;Test Cases/Login/LG-01&amp;apos; (Root cause: com.kms.katalon.core.exception.StepFailedException: Call Test Case &amp;apos;Test Cases/Login/LG-01&amp;apos; failed
	at com.kms.katalon.core.keyword.builtin.CallTestCaseKeyword$_callTestCase_closure1.doCall(CallTestCaseKeyword.groovy:63)
	at com.kms.katalon.core.keyword.builtin.CallTestCaseKeyword$_callTestCase_closure1.call(CallTestCaseKeyword.groovy)
	at com.kms.katalon.core.keyword.internal.KeywordMain.runKeyword(KeywordMain.groovy:75)
	at com.kms.katalon.core.keyword.builtin.CallTestCaseKeyword.callTestCase(CallTestCaseKeyword.groovy:81)
	at com.kms.katalon.core.keyword.builtin.CallTestCaseKeyword.execute(CallTestCaseKeyword.groovy:44)
	at com.kms.katalon.core.keyword.internal.KeywordExecutor.executeKeywordForPlatform(KeywordExecutor.groovy:90)
	at com.kms.katalon.core.keyword.BuiltinKeywords.callTestCase(BuiltinKeywords.groovy:310)
	at java.base/jdk.internal.reflect.NativeMethodAccessorImpl.invoke0(Native Method)
	at java.base/jdk.internal.reflect.NativeMethodAccessorImpl.invoke(NativeMethodAccessorImpl.java:77)
	at java.base/jdk.internal.reflect.DelegatingMethodAccessorImpl.invoke(DelegatingMethodAccessorImpl.java:43)
	at TC1.1.run(TC1.1:42)
	at com.kms.katalon.core.main.ScriptEngine.run(ScriptEngine.java:194)
	at com.kms.katalon.core.main.ScriptEngine.runScriptAsRawText(ScriptEngine.java:119)
	at com.kms.katalon.core.main.TestCaseExecutor.runScript(TestCaseExecutor.java:490)
	at com.kms.katalon.core.main.TestCaseExecutor.doExecute(TestCaseExecutor.java:481)
	at com.kms.katalon.core.main.TestCaseExecutor.processExecutionPhase(TestCaseExecutor.java:460)
	at com.kms.katalon.core.main.TestCaseExecutor.accessMainPhase(TestCaseExecutor.java:452)
	at com.kms.katalon.core.main.TestCaseExecutor.execute(TestCaseExecutor.java:322)
	at com.kms.katalon.core.main.TestCaseExecutor.execute(TestCaseExecutor.java:410)
	at com.kms.katalon.core.main.TestCaseExecutor.execute(TestCaseExecutor.java:410)
	at com.kms.katalon.core.main.TestCaseExecutor.execute(TestCaseExecutor.java:410)
	at com.kms.katalon.core.common.CommonExecutor.accessTestCaseMainPhase(CommonExecutor.java:71)
	at com.kms.katalon.core.main.TestSuiteExecutor.accessTestSuiteMainPhase(TestSuiteExecutor.java:153)
	at com.kms.katalon.core.main.TestSuiteExecutor.execute(TestSuiteExecutor.java:110)
	at com.kms.katalon.core.main.TestCaseMain.startTestSuite(TestCaseMain.java:205)
	at TempTestSuite1767674856199.run(TempTestSuite1767674856199.groovy:35)
	at java.base/jdk.internal.reflect.NativeMethodAccessorImpl.invoke0(Native Method)
	at java.base/jdk.internal.reflect.NativeMethodAccessorImpl.invoke(NativeMethodAccessorImpl.java:77)
	at java.base/jdk.internal.reflect.DelegatingMethodAccessorImpl.invoke(DelegatingMethodAccessorImpl.java:43)
Caused by: com.kms.katalon.core.exception.StepFailedException: Unable to open browser with url: &amp;apos;&amp;apos;
	at com.kms.katalon.core.webui.keyword.internal.WebUIKeywordMain.stepFailed(WebUIKeywordMain.groovy:177)
	at com.kms.katalon.core.webui.keyword.internal.WebUIKeywordMain.runKeyword(WebUIKeywordMain.groovy:49)
	at com.kms.katalon.core.webui.keyword.builtin.OpenBrowserKeyword.openBrowser(OpenBrowserKeyword.groovy:55)
	at com.kms.katalon.core.webui.keyword.builtin.OpenBrowserKeyword.execute(OpenBrowserKeyword.groovy:37)
	at com.kms.katalon.core.keyword.internal.KeywordExecutor.executeKeywordForPlatform(KeywordExecutor.groovy:90)
	at com.kms.katalon.core.webui.keyword.WebUiBuiltInKeywords.openBrowser(WebUiBuiltInKeywords.groovy:62)
	at LG-01.run(LG-01:19)
	at com.kms.katalon.core.main.ScriptEngine.run(ScriptEngine.java:194)
	at com.kms.katalon.core.main.ScriptEngine.runScriptAsRawText(ScriptEngine.java:119)
	at com.kms.katalon.core.main.TestCaseExecutor.runScript(TestCaseExecutor.java:490)
	at com.kms.katalon.core.main.TestCaseExecutor.doExecute(TestCaseExecutor.java:481)
	at com.kms.katalon.core.main.TestCaseExecutor.processExecutionPhase(TestCaseExecutor.java:460)
	at com.kms.katalon.core.main.TestCaseExecutor.accessMainPhase(TestCaseExecutor.java:452)
	at com.kms.katalon.core.main.TestCaseExecutor.execute(TestCaseExecutor.java:322)
	at com.kms.katalon.core.main.TestCaseMain.runTestCase(TestCaseMain.java:151)
	at com.kms.katalon.core.keyword.builtin.CallTestCaseKeyword$_callTestCase_closure1.doCall(CallTestCaseKeyword.groovy:59)
	... 28 more
Caused by: org.openqa.selenium.SessionNotCreatedException: Could not start a new session. Response code 500. Message: session not created: Chrome failed to start: crashed.
  (session not created: DevToolsActivePort file doesn&amp;apos;t exist)
  (The process started from chrome location C:\Program Files\Google\Chrome\Application\chrome.exe is no longer running, so ChromeDriver is assuming that Chrome has crashed.) 
Host info: host: &amp;apos;WINDOWS-10&amp;apos;, ip: &amp;apos;192.168.126.20&amp;apos;
Build info: version: &amp;apos;4.34.0&amp;apos;, revision: &amp;apos;707dcb4246*&amp;apos;
System info: os.name: &amp;apos;Windows 10&amp;apos;, os.arch: &amp;apos;amd64&amp;apos;, os.version: &amp;apos;10.0&amp;apos;, java.version: &amp;apos;17.0.14&amp;apos;
Driver info: com.kms.katalon.selenium.driver.CChromeDriver
Command: [null, newSession {capabilities=[Capabilities {browserName: chrome, goog:chromeOptions: {args: [disable-features=DisableLoa..., --user-data-dir=C:\QA\Profi..., --profile-directory=Default], extensions: []}, unhandledPromptBehavior: {alert: ignore, beforeUnload: ignore, confirm: ignore, default: ignore, file: ignore, prompt: ignore}, webSocketUrl: true}]}]
	at org.openqa.selenium.remote.ProtocolHandshake.createSession(ProtocolHandshake.java:114)
	at org.openqa.selenium.remote.ProtocolHandshake.createSession(ProtocolHandshake.java:75)
	at org.openqa.selenium.remote.ProtocolHandshake.createSession(ProtocolHandshake.java:61)
	at org.openqa.selenium.remote.HttpCommandExecutor.execute(HttpCommandExecutor.java:187)
	at org.openqa.selenium.remote.service.DriverCommandExecutor.invokeExecute(DriverCommandExecutor.java:216)
	at org.openqa.selenium.remote.service.DriverCommandExecutor.execute(DriverCommandExecutor.java:174)
	at org.openqa.selenium.remote.RemoteWebDriver.execute(RemoteWebDriver.java:544)
	at org.openqa.selenium.remote.RemoteWebDriver.startSession(RemoteWebDriver.java:244)
	at org.openqa.selenium.remote.RemoteWebDriver.&amp;lt;init&amp;gt;(RemoteWebDriver.java:173)
	at org.openqa.selenium.chromium.ChromiumDriver.&amp;lt;init&amp;gt;(ChromiumDriver.java:110)
	at org.openqa.selenium.chrome.ChromeDriver.&amp;lt;init&amp;gt;(ChromeDriver.java:88)
	at org.openqa.selenium.chrome.ChromeDriver.&amp;lt;init&amp;gt;(ChromeDriver.java:83)
	at org.openqa.selenium.chrome.ChromeDriver.&amp;lt;init&amp;gt;(ChromeDriver.java:72)
	at com.kms.katalon.selenium.driver.CChromeDriver.&amp;lt;init&amp;gt;(CChromeDriver.java:15)
	at com.kms.katalon.core.webui.driver.chrome.ChromeDriverBuilder.createDriver(ChromeDriverBuilder.java:60)
	at com.kms.katalon.core.webui.driver.AbstractDriverBuilder.build(AbstractDriverBuilder.java:53)
	at com.kms.katalon.core.webui.driver.DriverFactory.startNewBrowser(DriverFactory.java:247)
	at com.kms.katalon.core.webui.driver.DriverFactory.openWebDriver(DriverFactory.java:149)
	at com.kms.katalon.core.webui.keyword.builtin.OpenBrowserKeyword$_openBrowser_closure1.doCall(OpenBrowserKeyword.groovy:44)
	at com.kms.katalon.core.webui.keyword.builtin.OpenBrowserKeyword$_openBrowser_closure1.call(OpenBrowserKeyword.groovy)
	at com.kms.katalon.core.webui.keyword.internal.WebUIKeywordMain.runKeyword(WebUIKeywordMain.groovy:41)
	... 42 more
)</message>
  <nestedLevel>1</nestedLevel>
  <escapedJava>false</escapedJava>
  <property name="failed.exception.class">org.openqa.selenium.SessionNotCreatedException</property>
  <property name="failed.exception.stacktrace">org.openqa.selenium.SessionNotCreatedException: Could not start a new session. Response code 500. Message: session not created: Chrome failed to start: crashed.
  (session not created: DevToolsActivePort file doesn&apos;t exist)
  (The process started from chrome location C:\Program Files\Google\Chrome\Application\chrome.exe is no longer running, so ChromeDriver is assuming that Chrome has crashed.) 
Host info: host: &apos;WINDOWS-10&apos;, ip: &apos;192.168.126.20&apos;
Build info: version: &apos;4.34.0&apos;, revision: &apos;707dcb4246*&apos;
System info: os.name: &apos;Windows 10&apos;, os.arch: &apos;amd64&apos;, os.version: &apos;10.0&apos;, java.version: &apos;17.0.14&apos;
Driver info: com.kms.katalon.selenium.driver.CChromeDriver
Command: [null, newSession {capabilities=[Capabilities {browserName: chrome, goog:chromeOptions: {args: [disable-features=DisableLoa..., --user-data-dir=C:\QA\Profi..., --profile-directory=Default], extensions: []}, unhandledPromptBehavior: {alert: ignore, beforeUnload: ignore, confirm: ignore, default: ignore, file: ignore, prompt: ignore}, webSocketUrl: true}]}]
	at org.openqa.selenium.remote.ProtocolHandshake.createSession(ProtocolHandshake.java:114)
	at org.openqa.selenium.remote.ProtocolHandshake.createSession(ProtocolHandshake.java:75)
	at org.openqa.selenium.remote.ProtocolHandshake.createSession(ProtocolHandshake.java:61)
	at org.openqa.selenium.remote.HttpCommandExecutor.execute(HttpCommandExecutor.java:187)
	at org.openqa.selenium.remote.service.DriverCommandExecutor.invokeExecute(DriverCommandExecutor.java:216)
	at org.openqa.selenium.remote.service.DriverCommandExecutor.execute(DriverCommandExecutor.java:174)
	at org.openqa.selenium.remote.RemoteWebDriver.execute(RemoteWebDriver.java:544)
	at org.openqa.selenium.remote.RemoteWebDriver.startSession(RemoteWebDriver.java:244)
	at org.openqa.selenium.remote.RemoteWebDriver.&lt;init&gt;(RemoteWebDriver.java:173)
	at org.openqa.selenium.chromium.ChromiumDriver.&lt;init&gt;(ChromiumDriver.java:110)
	at org.openqa.selenium.chrome.ChromeDriver.&lt;init&gt;(ChromeDriver.java:88)
	at org.openqa.selenium.chrome.ChromeDriver.&lt;init&gt;(ChromeDriver.java:83)
	at org.openqa.selenium.chrome.ChromeDriver.&lt;init&gt;(ChromeDriver.java:72)
	at com.kms.katalon.selenium.driver.CChromeDriver.&lt;init&gt;(CChromeDriver.java:15)
	at com.kms.katalon.core.webui.driver.chrome.ChromeDriverBuilder.createDriver(ChromeDriverBuilder.java:60)
	at com.kms.katalon.core.webui.driver.AbstractDriverBuilder.build(AbstractDriverBuilder.java:53)
	at com.kms.katalon.core.webui.driver.DriverFactory.startNewBrowser(DriverFactory.java:247)
	at com.kms.katalon.core.webui.driver.DriverFactory.openWebDriver(DriverFactory.java:149)
	at com.kms.katalon.core.webui.keyword.builtin.OpenBrowserKeyword$_openBrowser_closure1.doCall(OpenBrowserKeyword.groovy:44)
	at com.kms.katalon.core.webui.keyword.builtin.OpenBrowserKeyword$_openBrowser_closure1.call(OpenBrowserKeyword.groovy)
	at com.kms.katalon.core.webui.keyword.internal.WebUIKeywordMain.runKeyword(WebUIKeywordMain.groovy:41)
	at com.kms.katalon.core.webui.keyword.builtin.OpenBrowserKeyword.openBrowser(OpenBrowserKeyword.groovy:55)
	at com.kms.katalon.core.webui.keyword.builtin.OpenBrowserKeyword.execute(OpenBrowserKeyword.groovy:37)
	at com.kms.katalon.core.keyword.internal.KeywordExecutor.executeKeywordForPlatform(KeywordExecutor.groovy:90)
	at com.kms.katalon.core.webui.keyword.WebUiBuiltInKeywords.openBrowser(WebUiBuiltInKeywords.groovy:62)
	at LG-01.run(LG-01:19)
	at com.kms.katalon.core.main.ScriptEngine.run(ScriptEngine.java:194)
	at com.kms.katalon.core.main.ScriptEngine.runScriptAsRawText(ScriptEngine.java:119)
	at com.kms.katalon.core.main.TestCaseExecutor.runScript(TestCaseExecutor.java:490)
	at com.kms.katalon.core.main.TestCaseExecutor.doExecute(TestCaseExecutor.java:481)
	at com.kms.katalon.core.main.TestCaseExecutor.processExecutionPhase(TestCaseExecutor.java:460)
	at com.kms.katalon.core.main.TestCaseExecutor.accessMainPhase(TestCaseExecutor.java:452)
	at com.kms.katalon.core.main.TestCaseExecutor.execute(TestCaseExecutor.java:322)
	at com.kms.katalon.core.main.TestCaseMain.runTestCase(TestCaseMain.java:151)
	at com.kms.katalon.core.keyword.builtin.CallTestCaseKeyword$_callTestCase_closure1.doCall(CallTestCaseKeyword.groovy:59)
	at com.kms.katalon.core.keyword.builtin.CallTestCaseKeyword$_callTestCase_closure1.call(CallTestCaseKeyword.groovy)
	at com.kms.katalon.core.keyword.internal.KeywordMain.runKeyword(KeywordMain.groovy:75)
	at com.kms.katalon.core.keyword.builtin.CallTestCaseKeyword.callTestCase(CallTestCaseKeyword.groovy:81)
	at com.kms.katalon.core.keyword.builtin.CallTestCaseKeyword.execute(CallTestCaseKeyword.groovy:44)
	at com.kms.katalon.core.keyword.internal.KeywordExecutor.executeKeywordForPlatform(KeywordExecutor.groovy:90)
	at com.kms.katalon.core.keyword.BuiltinKeywords.callTestCase(BuiltinKeywords.groovy:310)
	at java.base/jdk.internal.reflect.NativeMethodAccessorImpl.invoke0(Native Method)
	at java.base/jdk.internal.reflect.NativeMethodAccessorImpl.invoke(NativeMethodAccessorImpl.java:77)
	at java.base/jdk.internal.reflect.DelegatingMethodAccessorImpl.invoke(DelegatingMethodAccessorImpl.java:43)
	at TC1.1.run(TC1.1:42)
	at com.kms.katalon.core.main.ScriptEngine.run(ScriptEngine.java:194)
	at com.kms.katalon.core.main.ScriptEngine.runScriptAsRawText(ScriptEngine.java:119)
	at com.kms.katalon.core.main.TestCaseExecutor.runScript(TestCaseExecutor.java:490)
	at com.kms.katalon.core.main.TestCaseExecutor.doExecute(TestCaseExecutor.java:481)
	at com.kms.katalon.core.main.TestCaseExecutor.processExecutionPhase(TestCaseExecutor.java:460)
	at com.kms.katalon.core.main.TestCaseExecutor.accessMainPhase(TestCaseExecutor.java:452)
	at com.kms.katalon.core.main.TestCaseExecutor.execute(TestCaseExecutor.java:322)
	at com.kms.katalon.core.main.TestCaseExecutor.execute(TestCaseExecutor.java:410)
	at com.kms.katalon.core.main.TestCaseExecutor.execute(TestCaseExecutor.java:410)
	at com.kms.katalon.core.main.TestCaseExecutor.execute(TestCaseExecutor.java:410)
	at com.kms.katalon.core.common.CommonExecutor.accessTestCaseMainPhase(CommonExecutor.java:71)
	at com.kms.katalon.core.main.TestSuiteExecutor.accessTestSuiteMainPhase(TestSuiteExecutor.java:153)
	at com.kms.katalon.core.main.TestSuiteExecutor.execute(TestSuiteExecutor.java:110)
	at com.kms.katalon.core.main.TestCaseMain.startTestSuite(TestCaseMain.java:205)
	at TempTestSuite1767674856199.run(TempTestSuite1767674856199.groovy:35)
	at java.base/jdk.internal.reflect.NativeMethodAccessorImpl.invoke0(Native Method)
	at java.base/jdk.internal.reflect.NativeMethodAccessorImpl.invoke(NativeMethodAccessorImpl.java:77)
	at java.base/jdk.internal.reflect.DelegatingMethodAccessorImpl.invoke(DelegatingMethodAccessorImpl.java:43)
</property>
  <property name="failed.exception.message">Could not start a new session. Response code 500. Message: session not created: Chrome failed to start: crashed.
  (session not created: DevToolsActivePort file doesn&apos;t exist)
  (The process started from chrome location C:\Program Files\Google\Chrome\Application\chrome.exe is no longer running, so ChromeDriver is assuming that Chrome has crashed.) 
Host info: host: &apos;WINDOWS-10&apos;, ip: &apos;192.168.126.20&apos;
Build info: version: &apos;4.34.0&apos;, revision: &apos;707dcb4246*&apos;
System info: os.name: &apos;Windows 10&apos;, os.arch: &apos;amd64&apos;, os.version: &apos;10.0&apos;, java.version: &apos;17.0.14&apos;
Driver info: com.kms.katalon.selenium.driver.CChromeDriver
Command: [null, newSession {capabilities=[Capabilities {browserName: chrome, goog:chromeOptions: {args: [disable-features=DisableLoa..., --user-data-dir=C:\QA\Profi..., --profile-directory=Default], extensions: []}, unhandledPromptBehavior: {alert: ignore, beforeUnload: ignore, confirm: ignore, default: ignore, file: ignore, prompt: ignore}, webSocketUrl: true}]}]</property>
</record>
<record>
  <date>2026-01-06T04:47:44.646977200Z</date>
  <millis>1767674864646</millis>
  <nanos>977200</nanos>
  <sequence>228</sequence>
  <level>END</level>
  <class>com.kms.katalon.core.logging.XmlKeywordLogger</class>
  <method>endKeyword</method>
  <thread>1</thread>
  <message>End action : callTestCase(findTestCase(&amp;quot;Login/LG-01&amp;quot;), [:], STOP_ON_FAILURE)</message>
  <nestedLevel>1</nestedLevel>
  <escapedJava>false</escapedJava>
</record>
<record>
  <date>2026-01-06T04:47:44.647953900Z</date>
  <millis>1767674864647</millis>
  <nanos>953900</nanos>
  <sequence>232</sequence>
  <level>FAILED</level>
  <class>com.kms.katalon.core.logging.XmlKeywordLogger</class>
  <method>logMessage</method>
  <thread>1</thread>
  <message>Test Cases/CO/TC1.1 FAILED.
Reason:
com.kms.katalon.core.exception.StepFailedException: Call Test Case &amp;apos;Test Cases/Login/LG-01&amp;apos; failed
	at com.kms.katalon.core.keyword.builtin.CallTestCaseKeyword$_callTestCase_closure1.doCall(CallTestCaseKeyword.groovy:63)
	at com.kms.katalon.core.keyword.builtin.CallTestCaseKeyword$_callTestCase_closure1.call(CallTestCaseKeyword.groovy)
	at com.kms.katalon.core.keyword.internal.KeywordMain.runKeyword(KeywordMain.groovy:75)
	at com.kms.katalon.core.keyword.builtin.CallTestCaseKeyword.callTestCase(CallTestCaseKeyword.groovy:81)
	at com.kms.katalon.core.keyword.builtin.CallTestCaseKeyword.execute(CallTestCaseKeyword.groovy:44)
	at com.kms.katalon.core.keyword.internal.KeywordExecutor.executeKeywordForPlatform(KeywordExecutor.groovy:90)
	at com.kms.katalon.core.keyword.BuiltinKeywords.callTestCase(BuiltinKeywords.groovy:310)
	at java.base/jdk.internal.reflect.NativeMethodAccessorImpl.invoke0(Native Method)
	at java.base/jdk.internal.reflect.NativeMethodAccessorImpl.invoke(NativeMethodAccessorImpl.java:77)
	at java.base/jdk.internal.reflect.DelegatingMethodAccessorImpl.invoke(DelegatingMethodAccessorImpl.java:43)
	at TC1.1.run(TC1.1:42)
	at com.kms.katalon.core.main.ScriptEngine.run(ScriptEngine.java:194)
	at com.kms.katalon.core.main.ScriptEngine.runScriptAsRawText(ScriptEngine.java:119)
	at com.kms.katalon.core.main.TestCaseExecutor.runScript(TestCaseExecutor.java:490)
	at com.kms.katalon.core.main.TestCaseExecutor.doExecute(TestCaseExecutor.java:481)
	at com.kms.katalon.core.main.TestCaseExecutor.processExecutionPhase(TestCaseExecutor.java:460)
	at com.kms.katalon.core.main.TestCaseExecutor.accessMainPhase(TestCaseExecutor.java:452)
	at com.kms.katalon.core.main.TestCaseExecutor.execute(TestCaseExecutor.java:322)
	at com.kms.katalon.core.main.TestCaseExecutor.execute(TestCaseExecutor.java:410)
	at com.kms.katalon.core.main.TestCaseExecutor.execute(TestCaseExecutor.java:410)
	at com.kms.katalon.core.main.TestCaseExecutor.execute(TestCaseExecutor.java:410)
	at com.kms.katalon.core.common.CommonExecutor.accessTestCaseMainPhase(CommonExecutor.java:71)
	at com.kms.katalon.core.main.TestSuiteExecutor.accessTestSuiteMainPhase(TestSuiteExecutor.java:153)
	at com.kms.katalon.core.main.TestSuiteExecutor.execute(TestSuiteExecutor.java:110)
	at com.kms.katalon.core.main.TestCaseMain.startTestSuite(TestCaseMain.java:205)
	at TempTestSuite1767674856199.run(TempTestSuite1767674856199.groovy:35)
	at java.base/jdk.internal.reflect.NativeMethodAccessorImpl.invoke0(Native Method)
	at java.base/jdk.internal.reflect.NativeMethodAccessorImpl.invoke(NativeMethodAccessorImpl.java:77)
	at java.base/jdk.internal.reflect.DelegatingMethodAccessorImpl.invoke(DelegatingMethodAccessorImpl.java:43)
Caused by: com.kms.katalon.core.exception.StepFailedException: Unable to open browser with url: &amp;apos;&amp;apos;
	at com.kms.katalon.core.webui.keyword.internal.WebUIKeywordMain.stepFailed(WebUIKeywordMain.groovy:177)
	at com.kms.katalon.core.webui.keyword.internal.WebUIKeywordMain.runKeyword(WebUIKeywordMain.groovy:49)
	at com.kms.katalon.core.webui.keyword.builtin.OpenBrowserKeyword.openBrowser(OpenBrowserKeyword.groovy:55)
	at com.kms.katalon.core.webui.keyword.builtin.OpenBrowserKeyword.execute(OpenBrowserKeyword.groovy:37)
	at com.kms.katalon.core.keyword.internal.KeywordExecutor.executeKeywordForPlatform(KeywordExecutor.groovy:90)
	at com.kms.katalon.core.webui.keyword.WebUiBuiltInKeywords.openBrowser(WebUiBuiltInKeywords.groovy:62)
	at LG-01.run(LG-01:19)
	at com.kms.katalon.core.main.ScriptEngine.run(ScriptEngine.java:194)
	at com.kms.katalon.core.main.ScriptEngine.runScriptAsRawText(ScriptEngine.java:119)
	at com.kms.katalon.core.main.TestCaseExecutor.runScript(TestCaseExecutor.java:490)
	at com.kms.katalon.core.main.TestCaseExecutor.doExecute(TestCaseExecutor.java:481)
	at com.kms.katalon.core.main.TestCaseExecutor.processExecutionPhase(TestCaseExecutor.java:460)
	at com.kms.katalon.core.main.TestCaseExecutor.accessMainPhase(TestCaseExecutor.java:452)
	at com.kms.katalon.core.main.TestCaseExecutor.execute(TestCaseExecutor.java:322)
	at com.kms.katalon.core.main.TestCaseMain.runTestCase(TestCaseMain.java:151)
	at com.kms.katalon.core.keyword.builtin.CallTestCaseKeyword$_callTestCase_closure1.doCall(CallTestCaseKeyword.groovy:59)
	... 28 more
Caused by: org.openqa.selenium.SessionNotCreatedException: Could not start a new session. Response code 500. Message: session not created: Chrome failed to start: crashed.
  (session not created: DevToolsActivePort file doesn&amp;apos;t exist)
  (The process started from chrome location C:\Program Files\Google\Chrome\Application\chrome.exe is no longer running, so ChromeDriver is assuming that Chrome has crashed.) 
Host info: host: &amp;apos;WINDOWS-10&amp;apos;, ip: &amp;apos;192.168.126.20&amp;apos;
Build info: version: &amp;apos;4.34.0&amp;apos;, revision: &amp;apos;707dcb4246*&amp;apos;
System info: os.name: &amp;apos;Windows 10&amp;apos;, os.arch: &amp;apos;amd64&amp;apos;, os.version: &amp;apos;10.0&amp;apos;, java.version: &amp;apos;17.0.14&amp;apos;
Driver info: com.kms.katalon.selenium.driver.CChromeDriver
Command: [null, newSession {capabilities=[Capabilities {browserName: chrome, goog:chromeOptions: {args: [disable-features=DisableLoa..., --user-data-dir=C:\QA\Profi..., --profile-directory=Default], extensions: []}, unhandledPromptBehavior: {alert: ignore, beforeUnload: ignore, confirm: ignore, default: ignore, file: ignore, prompt: ignore}, webSocketUrl: true}]}]
	at org.openqa.selenium.remote.ProtocolHandshake.createSession(ProtocolHandshake.java:114)
	at org.openqa.selenium.remote.ProtocolHandshake.createSession(ProtocolHandshake.java:75)
	at org.openqa.selenium.remote.ProtocolHandshake.createSession(ProtocolHandshake.java:61)
	at org.openqa.selenium.remote.HttpCommandExecutor.execute(HttpCommandExecutor.java:187)
	at org.openqa.selenium.remote.service.DriverCommandExecutor.invokeExecute(DriverCommandExecutor.java:216)
	at org.openqa.selenium.remote.service.DriverCommandExecutor.execute(DriverCommandExecutor.java:174)
	at org.openqa.selenium.remote.RemoteWebDriver.execute(RemoteWebDriver.java:544)
	at org.openqa.selenium.remote.RemoteWebDriver.startSession(RemoteWebDriver.java:244)
	at org.openqa.selenium.remote.RemoteWebDriver.&amp;lt;init&amp;gt;(RemoteWebDriver.java:173)
	at org.openqa.selenium.chromium.ChromiumDriver.&amp;lt;init&amp;gt;(ChromiumDriver.java:110)
	at org.openqa.selenium.chrome.ChromeDriver.&amp;lt;init&amp;gt;(ChromeDriver.java:88)
	at org.openqa.selenium.chrome.ChromeDriver.&amp;lt;init&amp;gt;(ChromeDriver.java:83)
	at org.openqa.selenium.chrome.ChromeDriver.&amp;lt;init&amp;gt;(ChromeDriver.java:72)
	at com.kms.katalon.selenium.driver.CChromeDriver.&amp;lt;init&amp;gt;(CChromeDriver.java:15)
	at com.kms.katalon.core.webui.driver.chrome.ChromeDriverBuilder.createDriver(ChromeDriverBuilder.java:60)
	at com.kms.katalon.core.webui.driver.AbstractDriverBuilder.build(AbstractDriverBuilder.java:53)
	at com.kms.katalon.core.webui.driver.DriverFactory.startNewBrowser(DriverFactory.java:247)
	at com.kms.katalon.core.webui.driver.DriverFactory.openWebDriver(DriverFactory.java:149)
	at com.kms.katalon.core.webui.keyword.builtin.OpenBrowserKeyword$_openBrowser_closure1.doCall(OpenBrowserKeyword.groovy:44)
	at com.kms.katalon.core.webui.keyword.builtin.OpenBrowserKeyword$_openBrowser_closure1.call(OpenBrowserKeyword.groovy)
	at com.kms.katalon.core.webui.keyword.internal.WebUIKeywordMain.runKeyword(WebUIKeywordMain.groovy:41)
	... 42 more
</message>
  <exception>
    <message>com.kms.katalon.core.exception.StepFailedException: Call Test Case 'Test Cases/Login/LG-01' failed</message>
    <frame>
      <class>com.kms.katalon.core.logging.XmlKeywordLogger</class>
      <method>logMessage</method>
      <line>512</line>
    </frame>
    <frame>
      <class>com.kms.katalon.core.logging.KeywordLogger</class>
      <method>logMessage</method>
      <line>447</line>
    </frame>
    <frame>
      <class>com.kms.katalon.core.main.TestCaseExecutor</class>
      <method>logError</method>
      <line>599</line>
    </frame>
    <frame>
      <class>com.kms.katalon.core.main.TestCaseExecutor</class>
      <method>onExecutionError</method>
      <line>187</line>
    </frame>
    <frame>
      <class>com.kms.katalon.core.main.TestCaseExecutor</class>
      <method>processExecutionPhase</method>
      <line>470</line>
    </frame>
    <frame>
      <class>com.kms.katalon.core.main.TestCaseExecutor</class>
      <method>accessMainPhase</method>
      <line>452</line>
    </frame>
    <frame>
      <class>com.kms.katalon.core.main.TestCaseExecutor</class>
      <method>execute</method>
      <line>322</line>
    </frame>
    <frame>
      <class>com.kms.katalon.core.main.TestCaseExecutor</class>
      <method>execute</method>
      <line>410</line>
    </frame>
    <frame>
      <class>com.kms.katalon.core.main.TestCaseExecutor</class>
      <method>execute</method>
      <line>410</line>
    </frame>
    <frame>
      <class>com.kms.katalon.core.main.TestCaseExecutor</class>
      <method>execute</method>
      <line>410</line>
    </frame>
    <frame>
      <class>com.kms.katalon.core.common.CommonExecutor</class>
      <method>accessTestCaseMainPhase</method>
      <line>71</line>
    </frame>
    <frame>
      <class>com.kms.katalon.core.main.TestSuiteExecutor</class>
      <method>accessTestSuiteMainPhase</method>
      <line>153</line>
    </frame>
    <frame>
      <class>com.kms.katalon.core.main.TestSuiteExecutor</class>
      <method>execute</method>
      <line>110</line>
    </frame>
    <frame>
      <class>com.kms.katalon.core.main.TestCaseMain</class>
      <method>startTestSuite</method>
      <line>205</line>
    </frame>
    <frame>
      <class>org.codehaus.groovy.vmplugin.v8.IndyInterface</class>
      <method>fromCache</method>
      <line>318</line>
    </frame>
    <frame>
      <class>TempTestSuite1767674856199</class>
      <method>run</method>
      <line>35</line>
    </frame>
    <frame>
      <class>groovy.lang.GroovyShell</class>
      <method>runScriptOrMainOrTestOrRunnable</method>
      <line>254</line>
    </frame>
    <frame>
      <class>groovy.lang.GroovyShell</class>
      <method>run</method>
      <line>360</line>
    </frame>
    <frame>
      <class>groovy.lang.GroovyShell</class>
      <method>run</method>
      <line>349</line>
    </frame>
    <frame>
      <class>groovy.ui.GroovyMain</class>
      <method>processOnce</method>
      <line>652</line>
    </frame>
    <frame>
      <class>groovy.ui.GroovyMain</class>
      <method>run</method>
      <line>398</line>
    </frame>
    <frame>
      <class>groovy.ui.GroovyMain</class>
      <method>access$1400</method>
      <line>68</line>
    </frame>
    <frame>
      <class>groovy.ui.GroovyMain$GroovyCommand</class>
      <method>process</method>
      <line>322</line>
    </frame>
    <frame>
      <class>groovy.ui.GroovyMain</class>
      <method>processArgs</method>
      <line>142</line>
    </frame>
    <frame>
      <class>groovy.ui.GroovyMain</class>
      <method>main</method>
      <line>115</line>
    </frame>
    <frame>
      <class>jdk.internal.reflect.NativeMethodAccessorImpl</class>
      <method>invoke0</method>
    </frame>
    <frame>
      <class>jdk.internal.reflect.NativeMethodAccessorImpl</class>
      <method>invoke</method>
      <line>77</line>
    </frame>
    <frame>
      <class>jdk.internal.reflect.DelegatingMethodAccessorImpl</class>
      <method>invoke</method>
      <line>43</line>
    </frame>
    <frame>
      <class>java.lang.reflect.Method</class>
      <method>invoke</method>
      <line>569</line>
    </frame>
    <frame>
      <class>org.codehaus.groovy.tools.GroovyStarter</class>
      <method>rootLoader</method>
      <line>117</line>
    </frame>
    <frame>
      <class>org.codehaus.groovy.tools.GroovyStarter</class>
      <method>main</method>
      <line>39</line>
    </frame>
  </exception>
  <nestedLevel>0</nestedLevel>
  <escapedJava>false</escapedJava>
  <property name="failed.exception.stacktrace">org.openqa.selenium.SessionNotCreatedException: Could not start a new session. Response code 500. Message: session not created: Chrome failed to start: crashed.
  (session not created: DevToolsActivePort file doesn&apos;t exist)
  (The process started from chrome location C:\Program Files\Google\Chrome\Application\chrome.exe is no longer running, so ChromeDriver is assuming that Chrome has crashed.) 
Host info: host: &apos;WINDOWS-10&apos;, ip: &apos;192.168.126.20&apos;
Build info: version: &apos;4.34.0&apos;, revision: &apos;707dcb4246*&apos;
System info: os.name: &apos;Windows 10&apos;, os.arch: &apos;amd64&apos;, os.version: &apos;10.0&apos;, java.version: &apos;17.0.14&apos;
Driver info: com.kms.katalon.selenium.driver.CChromeDriver
Command: [null, newSession {capabilities=[Capabilities {browserName: chrome, goog:chromeOptions: {args: [disable-features=DisableLoa..., --user-data-dir=C:\QA\Profi..., --profile-directory=Default], extensions: []}, unhandledPromptBehavior: {alert: ignore, beforeUnload: ignore, confirm: ignore, default: ignore, file: ignore, prompt: ignore}, webSocketUrl: true}]}]
	at org.openqa.selenium.remote.ProtocolHandshake.createSession(ProtocolHandshake.java:114)
	at org.openqa.selenium.remote.ProtocolHandshake.createSession(ProtocolHandshake.java:75)
	at org.openqa.selenium.remote.ProtocolHandshake.createSession(ProtocolHandshake.java:61)
	at org.openqa.selenium.remote.HttpCommandExecutor.execute(HttpCommandExecutor.java:187)
	at org.openqa.selenium.remote.service.DriverCommandExecutor.invokeExecute(DriverCommandExecutor.java:216)
	at org.openqa.selenium.remote.service.DriverCommandExecutor.execute(DriverCommandExecutor.java:174)
	at org.openqa.selenium.remote.RemoteWebDriver.execute(RemoteWebDriver.java:544)
	at org.openqa.selenium.remote.RemoteWebDriver.startSession(RemoteWebDriver.java:244)
	at org.openqa.selenium.remote.RemoteWebDriver.&lt;init&gt;(RemoteWebDriver.java:173)
	at org.openqa.selenium.chromium.ChromiumDriver.&lt;init&gt;(ChromiumDriver.java:110)
	at org.openqa.selenium.chrome.ChromeDriver.&lt;init&gt;(ChromeDriver.java:88)
	at org.openqa.selenium.chrome.ChromeDriver.&lt;init&gt;(ChromeDriver.java:83)
	at org.openqa.selenium.chrome.ChromeDriver.&lt;init&gt;(ChromeDriver.java:72)
	at com.kms.katalon.selenium.driver.CChromeDriver.&lt;init&gt;(CChromeDriver.java:15)
	at com.kms.katalon.core.webui.driver.chrome.ChromeDriverBuilder.createDriver(ChromeDriverBuilder.java:60)
	at com.kms.katalon.core.webui.driver.AbstractDriverBuilder.build(AbstractDriverBuilder.java:53)
	at com.kms.katalon.core.webui.driver.DriverFactory.startNewBrowser(DriverFactory.java:247)
	at com.kms.katalon.core.webui.driver.DriverFactory.openWebDriver(DriverFactory.java:149)
	at com.kms.katalon.core.webui.keyword.builtin.OpenBrowserKeyword$_openBrowser_closure1.doCall(OpenBrowserKeyword.groovy:44)
	at com.kms.katalon.core.webui.keyword.builtin.OpenBrowserKeyword$_openBrowser_closure1.call(OpenBrowserKeyword.groovy)
	at com.kms.katalon.core.webui.keyword.internal.WebUIKeywordMain.runKeyword(WebUIKeywordMain.groovy:41)
	at com.kms.katalon.core.webui.keyword.builtin.OpenBrowserKeyword.openBrowser(OpenBrowserKeyword.groovy:55)
	at com.kms.katalon.core.webui.keyword.builtin.OpenBrowserKeyword.execute(OpenBrowserKeyword.groovy:37)
	at com.kms.katalon.core.keyword.internal.KeywordExecutor.executeKeywordForPlatform(KeywordExecutor.groovy:90)
	at com.kms.katalon.core.webui.keyword.WebUiBuiltInKeywords.openBrowser(WebUiBuiltInKeywords.groovy:62)
	at LG-01.run(LG-01:19)
	at com.kms.katalon.core.main.ScriptEngine.run(ScriptEngine.java:194)
	at com.kms.katalon.core.main.ScriptEngine.runScriptAsRawText(ScriptEngine.java:119)
	at com.kms.katalon.core.main.TestCaseExecutor.runScript(TestCaseExecutor.java:490)
	at com.kms.katalon.core.main.TestCaseExecutor.doExecute(TestCaseExecutor.java:481)
	at com.kms.katalon.core.main.TestCaseExecutor.processExecutionPhase(TestCaseExecutor.java:460)
	at com.kms.katalon.core.main.TestCaseExecutor.accessMainPhase(TestCaseExecutor.java:452)
	at com.kms.katalon.core.main.TestCaseExecutor.execute(TestCaseExecutor.java:322)
	at com.kms.katalon.core.main.TestCaseMain.runTestCase(TestCaseMain.java:151)
	at com.kms.katalon.core.keyword.builtin.CallTestCaseKeyword$_callTestCase_closure1.doCall(CallTestCaseKeyword.groovy:59)
	at com.kms.katalon.core.keyword.builtin.CallTestCaseKeyword$_callTestCase_closure1.call(CallTestCaseKeyword.groovy)
	at com.kms.katalon.core.keyword.internal.KeywordMain.runKeyword(KeywordMain.groovy:75)
	at com.kms.katalon.core.keyword.builtin.CallTestCaseKeyword.callTestCase(CallTestCaseKeyword.groovy:81)
	at com.kms.katalon.core.keyword.builtin.CallTestCaseKeyword.execute(CallTestCaseKeyword.groovy:44)
	at com.kms.katalon.core.keyword.internal.KeywordExecutor.executeKeywordForPlatform(KeywordExecutor.groovy:90)
	at com.kms.katalon.core.keyword.BuiltinKeywords.callTestCase(BuiltinKeywords.groovy:310)
	at java.base/jdk.internal.reflect.NativeMethodAccessorImpl.invoke0(Native Method)
	at java.base/jdk.internal.reflect.NativeMethodAccessorImpl.invoke(NativeMethodAccessorImpl.java:77)
	at java.base/jdk.internal.reflect.DelegatingMethodAccessorImpl.invoke(DelegatingMethodAccessorImpl.java:43)
	at TC1.1.run(TC1.1:42)
	at com.kms.katalon.core.main.ScriptEngine.run(ScriptEngine.java:194)
	at com.kms.katalon.core.main.ScriptEngine.runScriptAsRawText(ScriptEngine.java:119)
	at com.kms.katalon.core.main.TestCaseExecutor.runScript(TestCaseExecutor.java:490)
	at com.kms.katalon.core.main.TestCaseExecutor.doExecute(TestCaseExecutor.java:481)
	at com.kms.katalon.core.main.TestCaseExecutor.processExecutionPhase(TestCaseExecutor.java:460)
	at com.kms.katalon.core.main.TestCaseExecutor.accessMainPhase(TestCaseExecutor.java:452)
	at com.kms.katalon.core.main.TestCaseExecutor.execute(TestCaseExecutor.java:322)
	at com.kms.katalon.core.main.TestCaseExecutor.execute(TestCaseExecutor.java:410)
	at com.kms.katalon.core.main.TestCaseExecutor.execute(TestCaseExecutor.java:410)
	at com.kms.katalon.core.main.TestCaseExecutor.execute(TestCaseExecutor.java:410)
	at com.kms.katalon.core.common.CommonExecutor.accessTestCaseMainPhase(CommonExecutor.java:71)
	at com.kms.katalon.core.main.TestSuiteExecutor.accessTestSuiteMainPhase(TestSuiteExecutor.java:153)
	at com.kms.katalon.core.main.TestSuiteExecutor.execute(TestSuiteExecutor.java:110)
	at com.kms.katalon.core.main.TestCaseMain.startTestSuite(TestCaseMain.java:205)
	at TempTestSuite1767674856199.run(TempTestSuite1767674856199.groovy:35)
	at java.base/jdk.internal.reflect.NativeMethodAccessorImpl.invoke0(Native Method)
	at java.base/jdk.internal.reflect.NativeMethodAccessorImpl.invoke(NativeMethodAccessorImpl.java:77)
	at java.base/jdk.internal.reflect.DelegatingMethodAccessorImpl.invoke(DelegatingMethodAccessorImpl.java:43)
</property>
  <property name="failed.exception.class">org.openqa.selenium.SessionNotCreatedException</property>
  <property name="failed.exception.message">Could not start a new session. Response code 500. Message: session not created: Chrome failed to start: crashed.
  (session not created: DevToolsActivePort file doesn&apos;t exist)
  (The process started from chrome location C:\Program Files\Google\Chrome\Application\chrome.exe is no longer running, so ChromeDriver is assuming that Chrome has crashed.) 
Host info: host: &apos;WINDOWS-10&apos;, ip: &apos;192.168.126.20&apos;
Build info: version: &apos;4.34.0&apos;, revision: &apos;707dcb4246*&apos;
System info: os.name: &apos;Windows 10&apos;, os.arch: &apos;amd64&apos;, os.version: &apos;10.0&apos;, java.version: &apos;17.0.14&apos;
Driver info: com.kms.katalon.selenium.driver.CChromeDriver
Command: [null, newSession {capabilities=[Capabilities {browserName: chrome, goog:chromeOptions: {args: [disable-features=DisableLoa..., --user-data-dir=C:\QA\Profi..., --profile-directory=Default], extensions: []}, unhandledPromptBehavior: {alert: ignore, beforeUnload: ignore, confirm: ignore, default: ignore, file: ignore, prompt: ignore}, webSocketUrl: true}]}]</property>
</record>
<record>
  <date>2026-01-06T04:47:44.649955600Z</date>
  <millis>1767674864649</millis>
  <nanos>955600</nanos>
  <sequence>234</sequence>
  <level>END</level>
  <class>com.kms.katalon.core.logging.XmlKeywordLogger</class>
  <method>endTest</method>
  <thread>1</thread>
  <message>End Test Case : Test Cases/CO/TC1.1</message>
  <nestedLevel>0</nestedLevel>
  <escapedJava>false</escapedJava>
  <property name="executionBindingVariables">[]</property>
  <property name="applitools">false</property>
  <property name="remainingRetryCount">0</property>
  <property name="executedKeywords">{
  &quot;BuiltIn.callTestCase&quot;: 1,
  &quot;WebUI.openBrowser&quot;: 1
}</property>
  <property name="currentRetryCount">3</property>
  <property name="keywordsUsage">{
  &quot;web_ui&quot;: true,
  &quot;web_service&quot;: false,
  &quot;cucumber&quot;: false,
  &quot;builtin&quot;: true,
  &quot;mobile&quot;: false,
  &quot;windows&quot;: false,
  &quot;testng&quot;: false
}</property>
</record>
<record>
  <date>2026-01-06T04:47:44.652954700Z</date>
  <millis>1767674864652</millis>
  <nanos>954700</nanos>
  <sequence>235</sequence>
  <level>START</level>
  <class>com.kms.katalon.core.logging.XmlKeywordLogger</class>
  <method>startTest</method>
  <thread>1</thread>
  <message>Start Test Case : Test Cases/CO/TC1.2</message>
  <nestedLevel>1</nestedLevel>
  <escapedJava>false</escapedJava>
  <property name="remainingRetryCount">3</property>
  <property name="origin"></property>
  <property name="name">Test Cases/CO/TC1.2</property>
  <property name="description"></property>
  <property name="iteration"></property>
  <property name="id">Test Cases/CO/TC1.2</property>
  <property name="source">C:\Users\Administrator\git\magiq\Test Cases\CO\TC1.2.tc</property>
  <property name="tag"></property>
  <property name="isOptional">false</property>
  <property name="currentRetryCount">0</property>
</record>
<record>
  <date>2026-01-06T04:47:44.754959300Z</date>
  <millis>1767674864754</millis>
  <nanos>959300</nanos>
  <sequence>237</sequence>
  <level>START</level>
  <class>com.kms.katalon.core.logging.XmlKeywordLogger</class>
  <method>startKeyword</method>
  <thread>1</thread>
  <message>Start action : waitForElementVisible(findTestObject(&amp;quot;CO/input_search&amp;quot;), 10)</message>
  <nestedLevel>1</nestedLevel>
  <escapedJava>false</escapedJava>
  <property name="startLine">20</property>
  <property name="stepIndex">1</property>
</record>
<record>
  <date>2026-01-06T04:47:44.855958800Z</date>
  <millis>1767674864855</millis>
  <nanos>958800</nanos>
  <sequence>241</sequence>
  <level>ERROR</level>
  <class>com.kms.katalon.core.logging.XmlKeywordLogger</class>
  <method>logMessage</method>
  <thread>1</thread>
  <message>Test Cases/CO/TC1.2 FAILED.
Reason:
com.kms.katalon.core.webui.exception.BrowserNotOpenedException: Browser is not opened
Build info: version: &amp;apos;4.34.0&amp;apos;, revision: &amp;apos;707dcb4246*&amp;apos;
System info: os.name: &amp;apos;Windows 10&amp;apos;, os.arch: &amp;apos;amd64&amp;apos;, os.version: &amp;apos;10.0&amp;apos;, java.version: &amp;apos;17.0.14&amp;apos;
Driver info: driver.version: DriverFactory$getWebDriver
	at com.kms.katalon.core.webui.driver.DriverFactory.verifyWebDriverIsOpen(DriverFactory.java:587)
	at com.kms.katalon.core.webui.driver.DriverFactory.verifyWebDriver(DriverFactory.java:572)
	at com.kms.katalon.core.webui.driver.DriverFactory.getWebDriver(DriverFactory.java:546)
	at com.kms.katalon.core.webui.driver.DriverFactory$getWebDriver.call(Unknown Source)
	at com.kms.katalon.core.webui.keyword.builtin.WaitForElementVisibleKeyword.waitForElementVisible(WaitForElementVisibleKeyword.groovy:73)
	at com.kms.katalon.core.webui.keyword.builtin.WaitForElementVisibleKeyword.execute(WaitForElementVisibleKeyword.groovy:69)
	at com.kms.katalon.core.keyword.internal.KeywordExecutor.executeKeywordForPlatform(KeywordExecutor.groovy:90)
	at com.kms.katalon.core.webui.keyword.WebUiBuiltInKeywords.waitForElementVisible(WebUiBuiltInKeywords.groovy:514)
	at TC1.2.run(TC1.2:20)
	at com.kms.katalon.core.main.ScriptEngine.run(ScriptEngine.java:194)
	at com.kms.katalon.core.main.ScriptEngine.runScriptAsRawText(ScriptEngine.java:119)
	at com.kms.katalon.core.main.TestCaseExecutor.runScript(TestCaseExecutor.java:490)
	at com.kms.katalon.core.main.TestCaseExecutor.doExecute(TestCaseExecutor.java:481)
	at com.kms.katalon.core.main.TestCaseExecutor.processExecutionPhase(TestCaseExecutor.java:460)
	at com.kms.katalon.core.main.TestCaseExecutor.accessMainPhase(TestCaseExecutor.java:452)
	at com.kms.katalon.core.main.TestCaseExecutor.execute(TestCaseExecutor.java:322)
	at com.kms.katalon.core.common.CommonExecutor.accessTestCaseMainPhase(CommonExecutor.java:71)
	at com.kms.katalon.core.main.TestSuiteExecutor.accessTestSuiteMainPhase(TestSuiteExecutor.java:153)
	at com.kms.katalon.core.main.TestSuiteExecutor.execute(TestSuiteExecutor.java:110)
	at com.kms.katalon.core.main.TestCaseMain.startTestSuite(TestCaseMain.java:205)
	at TempTestSuite1767674856199.run(TempTestSuite1767674856199.groovy:35)
	at java.base/jdk.internal.reflect.NativeMethodAccessorImpl.invoke0(Native Method)
	at java.base/jdk.internal.reflect.NativeMethodAccessorImpl.invoke(NativeMethodAccessorImpl.java:77)
	at java.base/jdk.internal.reflect.DelegatingMethodAccessorImpl.invoke(DelegatingMethodAccessorImpl.java:43)
</message>
  <exception>
    <message>com.kms.katalon.core.exception.StepFailedException: Browser is not opened
Build info: version: '4.34.0', revision: '707dcb4246*'
System info: os.name: 'Windows 10', os.arch: 'amd64', os.version: '10.0', java.version: '17.0.14'
Driver info: driver.version: DriverFactory$getWebDriver</message>
    <frame>
      <class>com.kms.katalon.core.logging.XmlKeywordLogger</class>
      <method>logMessage</method>
      <line>512</line>
    </frame>
    <frame>
      <class>com.kms.katalon.core.logging.KeywordLogger</class>
      <method>logMessage</method>
      <line>447</line>
    </frame>
    <frame>
      <class>com.kms.katalon.core.main.TestCaseExecutor</class>
      <method>logError</method>
      <line>599</line>
    </frame>
    <frame>
      <class>com.kms.katalon.core.main.TestCaseExecutor</class>
      <method>logErrorForTheLastError</method>
      <line>206</line>
    </frame>
    <frame>
      <class>com.kms.katalon.core.main.TestCaseExecutor</class>
      <method>onExecutionError</method>
      <line>171</line>
    </frame>
    <frame>
      <class>com.kms.katalon.core.main.TestCaseExecutor</class>
      <method>processExecutionPhase</method>
      <line>470</line>
    </frame>
    <frame>
      <class>com.kms.katalon.core.main.TestCaseExecutor</class>
      <method>accessMainPhase</method>
      <line>452</line>
    </frame>
    <frame>
      <class>com.kms.katalon.core.main.TestCaseExecutor</class>
      <method>execute</method>
      <line>322</line>
    </frame>
    <frame>
      <class>com.kms.katalon.core.common.CommonExecutor</class>
      <method>accessTestCaseMainPhase</method>
      <line>71</line>
    </frame>
    <frame>
      <class>com.kms.katalon.core.main.TestSuiteExecutor</class>
      <method>accessTestSuiteMainPhase</method>
      <line>153</line>
    </frame>
    <frame>
      <class>com.kms.katalon.core.main.TestSuiteExecutor</class>
      <method>execute</method>
      <line>110</line>
    </frame>
    <frame>
      <class>com.kms.katalon.core.main.TestCaseMain</class>
      <method>startTestSuite</method>
      <line>205</line>
    </frame>
    <frame>
      <class>org.codehaus.groovy.vmplugin.v8.IndyInterface</class>
      <method>fromCache</method>
      <line>318</line>
    </frame>
    <frame>
      <class>TempTestSuite1767674856199</class>
      <method>run</method>
      <line>35</line>
    </frame>
    <frame>
      <class>groovy.lang.GroovyShell</class>
      <method>runScriptOrMainOrTestOrRunnable</method>
      <line>254</line>
    </frame>
    <frame>
      <class>groovy.lang.GroovyShell</class>
      <method>run</method>
      <line>360</line>
    </frame>
    <frame>
      <class>groovy.lang.GroovyShell</class>
      <method>run</method>
      <line>349</line>
    </frame>
    <frame>
      <class>groovy.ui.GroovyMain</class>
      <method>processOnce</method>
      <line>652</line>
    </frame>
    <frame>
      <class>groovy.ui.GroovyMain</class>
      <method>run</method>
      <line>398</line>
    </frame>
    <frame>
      <class>groovy.ui.GroovyMain</class>
      <method>access$1400</method>
      <line>68</line>
    </frame>
    <frame>
      <class>groovy.ui.GroovyMain$GroovyCommand</class>
      <method>process</method>
      <line>322</line>
    </frame>
    <frame>
      <class>groovy.ui.GroovyMain</class>
      <method>processArgs</method>
      <line>142</line>
    </frame>
    <frame>
      <class>groovy.ui.GroovyMain</class>
      <method>main</method>
      <line>115</line>
    </frame>
    <frame>
      <class>jdk.internal.reflect.NativeMethodAccessorImpl</class>
      <method>invoke0</method>
    </frame>
    <frame>
      <class>jdk.internal.reflect.NativeMethodAccessorImpl</class>
      <method>invoke</method>
      <line>77</line>
    </frame>
    <frame>
      <class>jdk.internal.reflect.DelegatingMethodAccessorImpl</class>
      <method>invoke</method>
      <line>43</line>
    </frame>
    <frame>
      <class>java.lang.reflect.Method</class>
      <method>invoke</method>
      <line>569</line>
    </frame>
    <frame>
      <class>org.codehaus.groovy.tools.GroovyStarter</class>
      <method>rootLoader</method>
      <line>117</line>
    </frame>
    <frame>
      <class>org.codehaus.groovy.tools.GroovyStarter</class>
      <method>main</method>
      <line>39</line>
    </frame>
  </exception>
  <nestedLevel>0</nestedLevel>
  <escapedJava>false</escapedJava>
  <property name="failed.exception.stacktrace">com.kms.katalon.core.webui.exception.BrowserNotOpenedException: Browser is not opened
Build info: version: &apos;4.34.0&apos;, revision: &apos;707dcb4246*&apos;
System info: os.name: &apos;Windows 10&apos;, os.arch: &apos;amd64&apos;, os.version: &apos;10.0&apos;, java.version: &apos;17.0.14&apos;
Driver info: driver.version: DriverFactory$getWebDriver
	at com.kms.katalon.core.webui.driver.DriverFactory.verifyWebDriverIsOpen(DriverFactory.java:587)
	at com.kms.katalon.core.webui.driver.DriverFactory.verifyWebDriver(DriverFactory.java:572)
	at com.kms.katalon.core.webui.driver.DriverFactory.getWebDriver(DriverFactory.java:546)
	at com.kms.katalon.core.webui.driver.DriverFactory$getWebDriver.call(Unknown Source)
	at com.kms.katalon.core.webui.keyword.builtin.WaitForElementVisibleKeyword.waitForElementVisible(WaitForElementVisibleKeyword.groovy:73)
	at com.kms.katalon.core.webui.keyword.builtin.WaitForElementVisibleKeyword.execute(WaitForElementVisibleKeyword.groovy:69)
	at com.kms.katalon.core.keyword.internal.KeywordExecutor.executeKeywordForPlatform(KeywordExecutor.groovy:90)
	at com.kms.katalon.core.webui.keyword.WebUiBuiltInKeywords.waitForElementVisible(WebUiBuiltInKeywords.groovy:514)
	at TC1.2.run(TC1.2:20)
	at com.kms.katalon.core.main.ScriptEngine.run(ScriptEngine.java:194)
	at com.kms.katalon.core.main.ScriptEngine.runScriptAsRawText(ScriptEngine.java:119)
	at com.kms.katalon.core.main.TestCaseExecutor.runScript(TestCaseExecutor.java:490)
	at com.kms.katalon.core.main.TestCaseExecutor.doExecute(TestCaseExecutor.java:481)
	at com.kms.katalon.core.main.TestCaseExecutor.processExecutionPhase(TestCaseExecutor.java:460)
	at com.kms.katalon.core.main.TestCaseExecutor.accessMainPhase(TestCaseExecutor.java:452)
	at com.kms.katalon.core.main.TestCaseExecutor.execute(TestCaseExecutor.java:322)
	at com.kms.katalon.core.common.CommonExecutor.accessTestCaseMainPhase(CommonExecutor.java:71)
	at com.kms.katalon.core.main.TestSuiteExecutor.accessTestSuiteMainPhase(TestSuiteExecutor.java:153)
	at com.kms.katalon.core.main.TestSuiteExecutor.execute(TestSuiteExecutor.java:110)
	at com.kms.katalon.core.main.TestCaseMain.startTestSuite(TestCaseMain.java:205)
	at TempTestSuite1767674856199.run(TempTestSuite1767674856199.groovy:35)
	at java.base/jdk.internal.reflect.NativeMethodAccessorImpl.invoke0(Native Method)
	at java.base/jdk.internal.reflect.NativeMethodAccessorImpl.invoke(NativeMethodAccessorImpl.java:77)
	at java.base/jdk.internal.reflect.DelegatingMethodAccessorImpl.invoke(DelegatingMethodAccessorImpl.java:43)
</property>
  <property name="failed.exception.class">com.kms.katalon.core.webui.exception.BrowserNotOpenedException</property>
  <property name="failed.exception.message">Browser is not opened
Build info: version: &apos;4.34.0&apos;, revision: &apos;707dcb4246*&apos;
System info: os.name: &apos;Windows 10&apos;, os.arch: &apos;amd64&apos;, os.version: &apos;10.0&apos;, java.version: &apos;17.0.14&apos;
Driver info: driver.version: DriverFactory$getWebDriver</property>
</record>
<record>
  <date>2026-01-06T04:47:44.858955200Z</date>
  <millis>1767674864858</millis>
  <nanos>955200</nanos>
  <sequence>243</sequence>
  <level>END</level>
  <class>com.kms.katalon.core.logging.XmlKeywordLogger</class>
  <method>endKeyword</method>
  <thread>1</thread>
  <message>End action : waitForElementVisible(findTestObject(&amp;quot;CO/input_search&amp;quot;), 10)</message>
  <nestedLevel>1</nestedLevel>
  <escapedJava>false</escapedJava>
</record>
<record>
  <date>2026-01-06T04:47:44.859961100Z</date>
  <millis>1767674864859</millis>
  <nanos>961100</nanos>
  <sequence>245</sequence>
  <level>ERROR</level>
  <class>com.kms.katalon.core.logging.XmlKeywordLogger</class>
  <method>logMessage</method>
  <thread>1</thread>
  <message>Test Cases/CO/TC1.2 FAILED.
Reason:
com.kms.katalon.core.webui.exception.BrowserNotOpenedException: Browser is not opened
Build info: version: &amp;apos;4.34.0&amp;apos;, revision: &amp;apos;707dcb4246*&amp;apos;
System info: os.name: &amp;apos;Windows 10&amp;apos;, os.arch: &amp;apos;amd64&amp;apos;, os.version: &amp;apos;10.0&amp;apos;, java.version: &amp;apos;17.0.14&amp;apos;
Driver info: driver.version: DriverFactory$getWebDriver
	at com.kms.katalon.core.webui.driver.DriverFactory.verifyWebDriverIsOpen(DriverFactory.java:587)
	at com.kms.katalon.core.webui.driver.DriverFactory.verifyWebDriver(DriverFactory.java:572)
	at com.kms.katalon.core.webui.driver.DriverFactory.getWebDriver(DriverFactory.java:546)
	at com.kms.katalon.core.webui.driver.DriverFactory$getWebDriver.call(Unknown Source)
	at com.kms.katalon.core.webui.keyword.builtin.WaitForElementVisibleKeyword.waitForElementVisible(WaitForElementVisibleKeyword.groovy:73)
	at com.kms.katalon.core.webui.keyword.builtin.WaitForElementVisibleKeyword.execute(WaitForElementVisibleKeyword.groovy:69)
	at com.kms.katalon.core.keyword.internal.KeywordExecutor.executeKeywordForPlatform(KeywordExecutor.groovy:90)
	at com.kms.katalon.core.webui.keyword.WebUiBuiltInKeywords.waitForElementVisible(WebUiBuiltInKeywords.groovy:514)
	at TC1.2.run(TC1.2:20)
	at com.kms.katalon.core.main.ScriptEngine.run(ScriptEngine.java:194)
	at com.kms.katalon.core.main.ScriptEngine.runScriptAsRawText(ScriptEngine.java:119)
	at com.kms.katalon.core.main.TestCaseExecutor.runScript(TestCaseExecutor.java:490)
	at com.kms.katalon.core.main.TestCaseExecutor.doExecute(TestCaseExecutor.java:481)
	at com.kms.katalon.core.main.TestCaseExecutor.processExecutionPhase(TestCaseExecutor.java:460)
	at com.kms.katalon.core.main.TestCaseExecutor.accessMainPhase(TestCaseExecutor.java:452)
	at com.kms.katalon.core.main.TestCaseExecutor.execute(TestCaseExecutor.java:322)
	at com.kms.katalon.core.common.CommonExecutor.accessTestCaseMainPhase(CommonExecutor.java:71)
	at com.kms.katalon.core.main.TestSuiteExecutor.accessTestSuiteMainPhase(TestSuiteExecutor.java:153)
	at com.kms.katalon.core.main.TestSuiteExecutor.execute(TestSuiteExecutor.java:110)
	at com.kms.katalon.core.main.TestCaseMain.startTestSuite(TestCaseMain.java:205)
	at TempTestSuite1767674856199.run(TempTestSuite1767674856199.groovy:35)
	at java.base/jdk.internal.reflect.NativeMethodAccessorImpl.invoke0(Native Method)
	at java.base/jdk.internal.reflect.NativeMethodAccessorImpl.invoke(NativeMethodAccessorImpl.java:77)
	at java.base/jdk.internal.reflect.DelegatingMethodAccessorImpl.invoke(DelegatingMethodAccessorImpl.java:43)
</message>
  <exception>
    <message>com.kms.katalon.core.exception.StepFailedException: Browser is not opened
Build info: version: '4.34.0', revision: '707dcb4246*'
System info: os.name: 'Windows 10', os.arch: 'amd64', os.version: '10.0', java.version: '17.0.14'
Driver info: driver.version: DriverFactory$getWebDriver</message>
    <frame>
      <class>com.kms.katalon.core.logging.XmlKeywordLogger</class>
      <method>logMessage</method>
      <line>512</line>
    </frame>
    <frame>
      <class>com.kms.katalon.core.logging.KeywordLogger</class>
      <method>logMessage</method>
      <line>447</line>
    </frame>
    <frame>
      <class>com.kms.katalon.core.main.TestCaseExecutor</class>
      <method>logError</method>
      <line>599</line>
    </frame>
    <frame>
      <class>com.kms.katalon.core.main.TestCaseExecutor</class>
      <method>onExecutionError</method>
      <line>187</line>
    </frame>
    <frame>
      <class>com.kms.katalon.core.main.TestCaseExecutor</class>
      <method>processExecutionPhase</method>
      <line>470</line>
    </frame>
    <frame>
      <class>com.kms.katalon.core.main.TestCaseExecutor</class>
      <method>accessMainPhase</method>
      <line>452</line>
    </frame>
    <frame>
      <class>com.kms.katalon.core.main.TestCaseExecutor</class>
      <method>execute</method>
      <line>322</line>
    </frame>
    <frame>
      <class>com.kms.katalon.core.common.CommonExecutor</class>
      <method>accessTestCaseMainPhase</method>
      <line>71</line>
    </frame>
    <frame>
      <class>com.kms.katalon.core.main.TestSuiteExecutor</class>
      <method>accessTestSuiteMainPhase</method>
      <line>153</line>
    </frame>
    <frame>
      <class>com.kms.katalon.core.main.TestSuiteExecutor</class>
      <method>execute</method>
      <line>110</line>
    </frame>
    <frame>
      <class>com.kms.katalon.core.main.TestCaseMain</class>
      <method>startTestSuite</method>
      <line>205</line>
    </frame>
    <frame>
      <class>org.codehaus.groovy.vmplugin.v8.IndyInterface</class>
      <method>fromCache</method>
      <line>318</line>
    </frame>
    <frame>
      <class>TempTestSuite1767674856199</class>
      <method>run</method>
      <line>35</line>
    </frame>
    <frame>
      <class>groovy.lang.GroovyShell</class>
      <method>runScriptOrMainOrTestOrRunnable</method>
      <line>254</line>
    </frame>
    <frame>
      <class>groovy.lang.GroovyShell</class>
      <method>run</method>
      <line>360</line>
    </frame>
    <frame>
      <class>groovy.lang.GroovyShell</class>
      <method>run</method>
      <line>349</line>
    </frame>
    <frame>
      <class>groovy.ui.GroovyMain</class>
      <method>processOnce</method>
      <line>652</line>
    </frame>
    <frame>
      <class>groovy.ui.GroovyMain</class>
      <method>run</method>
      <line>398</line>
    </frame>
    <frame>
      <class>groovy.ui.GroovyMain</class>
      <method>access$1400</method>
      <line>68</line>
    </frame>
    <frame>
      <class>groovy.ui.GroovyMain$GroovyCommand</class>
      <method>process</method>
      <line>322</line>
    </frame>
    <frame>
      <class>groovy.ui.GroovyMain</class>
      <method>processArgs</method>
      <line>142</line>
    </frame>
    <frame>
      <class>groovy.ui.GroovyMain</class>
      <method>main</method>
      <line>115</line>
    </frame>
    <frame>
      <class>jdk.internal.reflect.NativeMethodAccessorImpl</class>
      <method>invoke0</method>
    </frame>
    <frame>
      <class>jdk.internal.reflect.NativeMethodAccessorImpl</class>
      <method>invoke</method>
      <line>77</line>
    </frame>
    <frame>
      <class>jdk.internal.reflect.DelegatingMethodAccessorImpl</class>
      <method>invoke</method>
      <line>43</line>
    </frame>
    <frame>
      <class>java.lang.reflect.Method</class>
      <method>invoke</method>
      <line>569</line>
    </frame>
    <frame>
      <class>org.codehaus.groovy.tools.GroovyStarter</class>
      <method>rootLoader</method>
      <line>117</line>
    </frame>
    <frame>
      <class>org.codehaus.groovy.tools.GroovyStarter</class>
      <method>main</method>
      <line>39</line>
    </frame>
  </exception>
  <nestedLevel>0</nestedLevel>
  <escapedJava>false</escapedJava>
  <property name="failed.exception.stacktrace">com.kms.katalon.core.webui.exception.BrowserNotOpenedException: Browser is not opened
Build info: version: &apos;4.34.0&apos;, revision: &apos;707dcb4246*&apos;
System info: os.name: &apos;Windows 10&apos;, os.arch: &apos;amd64&apos;, os.version: &apos;10.0&apos;, java.version: &apos;17.0.14&apos;
Driver info: driver.version: DriverFactory$getWebDriver
	at com.kms.katalon.core.webui.driver.DriverFactory.verifyWebDriverIsOpen(DriverFactory.java:587)
	at com.kms.katalon.core.webui.driver.DriverFactory.verifyWebDriver(DriverFactory.java:572)
	at com.kms.katalon.core.webui.driver.DriverFactory.getWebDriver(DriverFactory.java:546)
	at com.kms.katalon.core.webui.driver.DriverFactory$getWebDriver.call(Unknown Source)
	at com.kms.katalon.core.webui.keyword.builtin.WaitForElementVisibleKeyword.waitForElementVisible(WaitForElementVisibleKeyword.groovy:73)
	at com.kms.katalon.core.webui.keyword.builtin.WaitForElementVisibleKeyword.execute(WaitForElementVisibleKeyword.groovy:69)
	at com.kms.katalon.core.keyword.internal.KeywordExecutor.executeKeywordForPlatform(KeywordExecutor.groovy:90)
	at com.kms.katalon.core.webui.keyword.WebUiBuiltInKeywords.waitForElementVisible(WebUiBuiltInKeywords.groovy:514)
	at TC1.2.run(TC1.2:20)
	at com.kms.katalon.core.main.ScriptEngine.run(ScriptEngine.java:194)
	at com.kms.katalon.core.main.ScriptEngine.runScriptAsRawText(ScriptEngine.java:119)
	at com.kms.katalon.core.main.TestCaseExecutor.runScript(TestCaseExecutor.java:490)
	at com.kms.katalon.core.main.TestCaseExecutor.doExecute(TestCaseExecutor.java:481)
	at com.kms.katalon.core.main.TestCaseExecutor.processExecutionPhase(TestCaseExecutor.java:460)
	at com.kms.katalon.core.main.TestCaseExecutor.accessMainPhase(TestCaseExecutor.java:452)
	at com.kms.katalon.core.main.TestCaseExecutor.execute(TestCaseExecutor.java:322)
	at com.kms.katalon.core.common.CommonExecutor.accessTestCaseMainPhase(CommonExecutor.java:71)
	at com.kms.katalon.core.main.TestSuiteExecutor.accessTestSuiteMainPhase(TestSuiteExecutor.java:153)
	at com.kms.katalon.core.main.TestSuiteExecutor.execute(TestSuiteExecutor.java:110)
	at com.kms.katalon.core.main.TestCaseMain.startTestSuite(TestCaseMain.java:205)
	at TempTestSuite1767674856199.run(TempTestSuite1767674856199.groovy:35)
	at java.base/jdk.internal.reflect.NativeMethodAccessorImpl.invoke0(Native Method)
	at java.base/jdk.internal.reflect.NativeMethodAccessorImpl.invoke(NativeMethodAccessorImpl.java:77)
	at java.base/jdk.internal.reflect.DelegatingMethodAccessorImpl.invoke(DelegatingMethodAccessorImpl.java:43)
</property>
  <property name="failed.exception.class">com.kms.katalon.core.webui.exception.BrowserNotOpenedException</property>
  <property name="failed.exception.message">Browser is not opened
Build info: version: &apos;4.34.0&apos;, revision: &apos;707dcb4246*&apos;
System info: os.name: &apos;Windows 10&apos;, os.arch: &apos;amd64&apos;, os.version: &apos;10.0&apos;, java.version: &apos;17.0.14&apos;
Driver info: driver.version: DriverFactory$getWebDriver</property>
</record>
<record>
  <date>2026-01-06T04:47:44.862957600Z</date>
  <millis>1767674864862</millis>
  <nanos>957600</nanos>
  <sequence>247</sequence>
  <level>END</level>
  <class>com.kms.katalon.core.logging.XmlKeywordLogger</class>
  <method>endTest</method>
  <thread>1</thread>
  <message>End Test Case : Test Cases/CO/TC1.2</message>
  <nestedLevel>0</nestedLevel>
  <escapedJava>false</escapedJava>
  <property name="executionBindingVariables">[]</property>
  <property name="applitools">false</property>
  <property name="remainingRetryCount">3</property>
  <property name="executedKeywords">{
  &quot;WebUI.waitForElementVisible&quot;: 1
}</property>
  <property name="currentRetryCount">0</property>
  <property name="keywordsUsage">{
  &quot;web_ui&quot;: true,
  &quot;web_service&quot;: false,
  &quot;cucumber&quot;: false,
  &quot;builtin&quot;: false,
  &quot;mobile&quot;: false,
  &quot;windows&quot;: false,
  &quot;testng&quot;: false
}</property>
</record>
<record>
  <date>2026-01-06T04:47:44.868960200Z</date>
  <millis>1767674864868</millis>
  <nanos>960200</nanos>
  <sequence>248</sequence>
  <level>START</level>
  <class>com.kms.katalon.core.logging.XmlKeywordLogger</class>
  <method>startTest</method>
  <thread>1</thread>
  <message>Start Test Case : Test Cases/CO/TC1.2</message>
  <nestedLevel>1</nestedLevel>
  <escapedJava>false</escapedJava>
  <property name="remainingRetryCount">2</property>
  <property name="origin"></property>
  <property name="name">Test Cases/CO/TC1.2</property>
  <property name="description"></property>
  <property name="iteration"></property>
  <property name="id">Test Cases/CO/TC1.2</property>
  <property name="source">C:\Users\Administrator\git\magiq\Test Cases\CO\TC1.2.tc</property>
  <property name="tag"></property>
  <property name="isOptional">false</property>
  <property name="currentRetryCount">1</property>
</record>
<record>
  <date>2026-01-06T04:47:44.886962800Z</date>
  <millis>1767674864886</millis>
  <nanos>962800</nanos>
  <sequence>250</sequence>
  <level>START</level>
  <class>com.kms.katalon.core.logging.XmlKeywordLogger</class>
  <method>startKeyword</method>
  <thread>1</thread>
  <message>Start action : waitForElementVisible(findTestObject(&amp;quot;CO/input_search&amp;quot;), 10)</message>
  <nestedLevel>1</nestedLevel>
  <escapedJava>false</escapedJava>
  <property name="startLine">20</property>
  <property name="stepIndex">1</property>
</record>
<record>
  <date>2026-01-06T04:47:44.901957300Z</date>
  <millis>1767674864901</millis>
  <nanos>957300</nanos>
  <sequence>254</sequence>
  <level>ERROR</level>
  <class>com.kms.katalon.core.logging.XmlKeywordLogger</class>
  <method>logMessage</method>
  <thread>1</thread>
  <message>Test Cases/CO/TC1.2 FAILED.
Reason:
com.kms.katalon.core.webui.exception.BrowserNotOpenedException: Browser is not opened
Build info: version: &amp;apos;4.34.0&amp;apos;, revision: &amp;apos;707dcb4246*&amp;apos;
System info: os.name: &amp;apos;Windows 10&amp;apos;, os.arch: &amp;apos;amd64&amp;apos;, os.version: &amp;apos;10.0&amp;apos;, java.version: &amp;apos;17.0.14&amp;apos;
Driver info: driver.version: DriverFactory$getWebDriver
	at com.kms.katalon.core.webui.driver.DriverFactory.verifyWebDriverIsOpen(DriverFactory.java:587)
	at com.kms.katalon.core.webui.driver.DriverFactory.verifyWebDriver(DriverFactory.java:572)
	at com.kms.katalon.core.webui.driver.DriverFactory.getWebDriver(DriverFactory.java:546)
	at com.kms.katalon.core.webui.driver.DriverFactory$getWebDriver.call(Unknown Source)
	at com.kms.katalon.core.webui.keyword.builtin.WaitForElementVisibleKeyword.waitForElementVisible(WaitForElementVisibleKeyword.groovy:73)
	at com.kms.katalon.core.webui.keyword.builtin.WaitForElementVisibleKeyword.execute(WaitForElementVisibleKeyword.groovy:69)
	at com.kms.katalon.core.keyword.internal.KeywordExecutor.executeKeywordForPlatform(KeywordExecutor.groovy:90)
	at com.kms.katalon.core.webui.keyword.WebUiBuiltInKeywords.waitForElementVisible(WebUiBuiltInKeywords.groovy:514)
	at TC1.2.run(TC1.2:20)
	at com.kms.katalon.core.main.ScriptEngine.run(ScriptEngine.java:194)
	at com.kms.katalon.core.main.ScriptEngine.runScriptAsRawText(ScriptEngine.java:119)
	at com.kms.katalon.core.main.TestCaseExecutor.runScript(TestCaseExecutor.java:490)
	at com.kms.katalon.core.main.TestCaseExecutor.doExecute(TestCaseExecutor.java:481)
	at com.kms.katalon.core.main.TestCaseExecutor.processExecutionPhase(TestCaseExecutor.java:460)
	at com.kms.katalon.core.main.TestCaseExecutor.accessMainPhase(TestCaseExecutor.java:452)
	at com.kms.katalon.core.main.TestCaseExecutor.execute(TestCaseExecutor.java:322)
	at com.kms.katalon.core.main.TestCaseExecutor.execute(TestCaseExecutor.java:410)
	at com.kms.katalon.core.common.CommonExecutor.accessTestCaseMainPhase(CommonExecutor.java:71)
	at com.kms.katalon.core.main.TestSuiteExecutor.accessTestSuiteMainPhase(TestSuiteExecutor.java:153)
	at com.kms.katalon.core.main.TestSuiteExecutor.execute(TestSuiteExecutor.java:110)
	at com.kms.katalon.core.main.TestCaseMain.startTestSuite(TestCaseMain.java:205)
	at TempTestSuite1767674856199.run(TempTestSuite1767674856199.groovy:35)
	at java.base/jdk.internal.reflect.NativeMethodAccessorImpl.invoke0(Native Method)
	at java.base/jdk.internal.reflect.NativeMethodAccessorImpl.invoke(NativeMethodAccessorImpl.java:77)
	at java.base/jdk.internal.reflect.DelegatingMethodAccessorImpl.invoke(DelegatingMethodAccessorImpl.java:43)
</message>
  <exception>
    <message>com.kms.katalon.core.exception.StepFailedException: Browser is not opened
Build info: version: '4.34.0', revision: '707dcb4246*'
System info: os.name: 'Windows 10', os.arch: 'amd64', os.version: '10.0', java.version: '17.0.14'
Driver info: driver.version: DriverFactory$getWebDriver</message>
    <frame>
      <class>com.kms.katalon.core.logging.XmlKeywordLogger</class>
      <method>logMessage</method>
      <line>512</line>
    </frame>
    <frame>
      <class>com.kms.katalon.core.logging.KeywordLogger</class>
      <method>logMessage</method>
      <line>447</line>
    </frame>
    <frame>
      <class>com.kms.katalon.core.main.TestCaseExecutor</class>
      <method>logError</method>
      <line>599</line>
    </frame>
    <frame>
      <class>com.kms.katalon.core.main.TestCaseExecutor</class>
      <method>logErrorForTheLastError</method>
      <line>206</line>
    </frame>
    <frame>
      <class>com.kms.katalon.core.main.TestCaseExecutor</class>
      <method>onExecutionError</method>
      <line>171</line>
    </frame>
    <frame>
      <class>com.kms.katalon.core.main.TestCaseExecutor</class>
      <method>processExecutionPhase</method>
      <line>470</line>
    </frame>
    <frame>
      <class>com.kms.katalon.core.main.TestCaseExecutor</class>
      <method>accessMainPhase</method>
      <line>452</line>
    </frame>
    <frame>
      <class>com.kms.katalon.core.main.TestCaseExecutor</class>
      <method>execute</method>
      <line>322</line>
    </frame>
    <frame>
      <class>com.kms.katalon.core.main.TestCaseExecutor</class>
      <method>execute</method>
      <line>410</line>
    </frame>
    <frame>
      <class>com.kms.katalon.core.common.CommonExecutor</class>
      <method>accessTestCaseMainPhase</method>
      <line>71</line>
    </frame>
    <frame>
      <class>com.kms.katalon.core.main.TestSuiteExecutor</class>
      <method>accessTestSuiteMainPhase</method>
      <line>153</line>
    </frame>
    <frame>
      <class>com.kms.katalon.core.main.TestSuiteExecutor</class>
      <method>execute</method>
      <line>110</line>
    </frame>
    <frame>
      <class>com.kms.katalon.core.main.TestCaseMain</class>
      <method>startTestSuite</method>
      <line>205</line>
    </frame>
    <frame>
      <class>org.codehaus.groovy.vmplugin.v8.IndyInterface</class>
      <method>fromCache</method>
      <line>318</line>
    </frame>
    <frame>
      <class>TempTestSuite1767674856199</class>
      <method>run</method>
      <line>35</line>
    </frame>
    <frame>
      <class>groovy.lang.GroovyShell</class>
      <method>runScriptOrMainOrTestOrRunnable</method>
      <line>254</line>
    </frame>
    <frame>
      <class>groovy.lang.GroovyShell</class>
      <method>run</method>
      <line>360</line>
    </frame>
    <frame>
      <class>groovy.lang.GroovyShell</class>
      <method>run</method>
      <line>349</line>
    </frame>
    <frame>
      <class>groovy.ui.GroovyMain</class>
      <method>processOnce</method>
      <line>652</line>
    </frame>
    <frame>
      <class>groovy.ui.GroovyMain</class>
      <method>run</method>
      <line>398</line>
    </frame>
    <frame>
      <class>groovy.ui.GroovyMain</class>
      <method>access$1400</method>
      <line>68</line>
    </frame>
    <frame>
      <class>groovy.ui.GroovyMain$GroovyCommand</class>
      <method>process</method>
      <line>322</line>
    </frame>
    <frame>
      <class>groovy.ui.GroovyMain</class>
      <method>processArgs</method>
      <line>142</line>
    </frame>
    <frame>
      <class>groovy.ui.GroovyMain</class>
      <method>main</method>
      <line>115</line>
    </frame>
    <frame>
      <class>jdk.internal.reflect.NativeMethodAccessorImpl</class>
      <method>invoke0</method>
    </frame>
    <frame>
      <class>jdk.internal.reflect.NativeMethodAccessorImpl</class>
      <method>invoke</method>
      <line>77</line>
    </frame>
    <frame>
      <class>jdk.internal.reflect.DelegatingMethodAccessorImpl</class>
      <method>invoke</method>
      <line>43</line>
    </frame>
    <frame>
      <class>java.lang.reflect.Method</class>
      <method>invoke</method>
      <line>569</line>
    </frame>
    <frame>
      <class>org.codehaus.groovy.tools.GroovyStarter</class>
      <method>rootLoader</method>
      <line>117</line>
    </frame>
    <frame>
      <class>org.codehaus.groovy.tools.GroovyStarter</class>
      <method>main</method>
      <line>39</line>
    </frame>
  </exception>
  <nestedLevel>0</nestedLevel>
  <escapedJava>false</escapedJava>
  <property name="failed.exception.stacktrace">com.kms.katalon.core.webui.exception.BrowserNotOpenedException: Browser is not opened
Build info: version: &apos;4.34.0&apos;, revision: &apos;707dcb4246*&apos;
System info: os.name: &apos;Windows 10&apos;, os.arch: &apos;amd64&apos;, os.version: &apos;10.0&apos;, java.version: &apos;17.0.14&apos;
Driver info: driver.version: DriverFactory$getWebDriver
	at com.kms.katalon.core.webui.driver.DriverFactory.verifyWebDriverIsOpen(DriverFactory.java:587)
	at com.kms.katalon.core.webui.driver.DriverFactory.verifyWebDriver(DriverFactory.java:572)
	at com.kms.katalon.core.webui.driver.DriverFactory.getWebDriver(DriverFactory.java:546)
	at com.kms.katalon.core.webui.driver.DriverFactory$getWebDriver.call(Unknown Source)
	at com.kms.katalon.core.webui.keyword.builtin.WaitForElementVisibleKeyword.waitForElementVisible(WaitForElementVisibleKeyword.groovy:73)
	at com.kms.katalon.core.webui.keyword.builtin.WaitForElementVisibleKeyword.execute(WaitForElementVisibleKeyword.groovy:69)
	at com.kms.katalon.core.keyword.internal.KeywordExecutor.executeKeywordForPlatform(KeywordExecutor.groovy:90)
	at com.kms.katalon.core.webui.keyword.WebUiBuiltInKeywords.waitForElementVisible(WebUiBuiltInKeywords.groovy:514)
	at TC1.2.run(TC1.2:20)
	at com.kms.katalon.core.main.ScriptEngine.run(ScriptEngine.java:194)
	at com.kms.katalon.core.main.ScriptEngine.runScriptAsRawText(ScriptEngine.java:119)
	at com.kms.katalon.core.main.TestCaseExecutor.runScript(TestCaseExecutor.java:490)
	at com.kms.katalon.core.main.TestCaseExecutor.doExecute(TestCaseExecutor.java:481)
	at com.kms.katalon.core.main.TestCaseExecutor.processExecutionPhase(TestCaseExecutor.java:460)
	at com.kms.katalon.core.main.TestCaseExecutor.accessMainPhase(TestCaseExecutor.java:452)
	at com.kms.katalon.core.main.TestCaseExecutor.execute(TestCaseExecutor.java:322)
	at com.kms.katalon.core.main.TestCaseExecutor.execute(TestCaseExecutor.java:410)
	at com.kms.katalon.core.common.CommonExecutor.accessTestCaseMainPhase(CommonExecutor.java:71)
	at com.kms.katalon.core.main.TestSuiteExecutor.accessTestSuiteMainPhase(TestSuiteExecutor.java:153)
	at com.kms.katalon.core.main.TestSuiteExecutor.execute(TestSuiteExecutor.java:110)
	at com.kms.katalon.core.main.TestCaseMain.startTestSuite(TestCaseMain.java:205)
	at TempTestSuite1767674856199.run(TempTestSuite1767674856199.groovy:35)
	at java.base/jdk.internal.reflect.NativeMethodAccessorImpl.invoke0(Native Method)
	at java.base/jdk.internal.reflect.NativeMethodAccessorImpl.invoke(NativeMethodAccessorImpl.java:77)
	at java.base/jdk.internal.reflect.DelegatingMethodAccessorImpl.invoke(DelegatingMethodAccessorImpl.java:43)
</property>
  <property name="failed.exception.class">com.kms.katalon.core.webui.exception.BrowserNotOpenedException</property>
  <property name="failed.exception.message">Browser is not opened
Build info: version: &apos;4.34.0&apos;, revision: &apos;707dcb4246*&apos;
System info: os.name: &apos;Windows 10&apos;, os.arch: &apos;amd64&apos;, os.version: &apos;10.0&apos;, java.version: &apos;17.0.14&apos;
Driver info: driver.version: DriverFactory$getWebDriver</property>
</record>
<record>
  <date>2026-01-06T04:47:44.905956200Z</date>
  <millis>1767674864905</millis>
  <nanos>956200</nanos>
  <sequence>256</sequence>
  <level>END</level>
  <class>com.kms.katalon.core.logging.XmlKeywordLogger</class>
  <method>endKeyword</method>
  <thread>1</thread>
  <message>End action : waitForElementVisible(findTestObject(&amp;quot;CO/input_search&amp;quot;), 10)</message>
  <nestedLevel>1</nestedLevel>
  <escapedJava>false</escapedJava>
</record>
<record>
  <date>2026-01-06T04:47:44.906956100Z</date>
  <millis>1767674864906</millis>
  <nanos>956100</nanos>
  <sequence>258</sequence>
  <level>ERROR</level>
  <class>com.kms.katalon.core.logging.XmlKeywordLogger</class>
  <method>logMessage</method>
  <thread>1</thread>
  <message>Test Cases/CO/TC1.2 FAILED.
Reason:
com.kms.katalon.core.webui.exception.BrowserNotOpenedException: Browser is not opened
Build info: version: &amp;apos;4.34.0&amp;apos;, revision: &amp;apos;707dcb4246*&amp;apos;
System info: os.name: &amp;apos;Windows 10&amp;apos;, os.arch: &amp;apos;amd64&amp;apos;, os.version: &amp;apos;10.0&amp;apos;, java.version: &amp;apos;17.0.14&amp;apos;
Driver info: driver.version: DriverFactory$getWebDriver
	at com.kms.katalon.core.webui.driver.DriverFactory.verifyWebDriverIsOpen(DriverFactory.java:587)
	at com.kms.katalon.core.webui.driver.DriverFactory.verifyWebDriver(DriverFactory.java:572)
	at com.kms.katalon.core.webui.driver.DriverFactory.getWebDriver(DriverFactory.java:546)
	at com.kms.katalon.core.webui.driver.DriverFactory$getWebDriver.call(Unknown Source)
	at com.kms.katalon.core.webui.keyword.builtin.WaitForElementVisibleKeyword.waitForElementVisible(WaitForElementVisibleKeyword.groovy:73)
	at com.kms.katalon.core.webui.keyword.builtin.WaitForElementVisibleKeyword.execute(WaitForElementVisibleKeyword.groovy:69)
	at com.kms.katalon.core.keyword.internal.KeywordExecutor.executeKeywordForPlatform(KeywordExecutor.groovy:90)
	at com.kms.katalon.core.webui.keyword.WebUiBuiltInKeywords.waitForElementVisible(WebUiBuiltInKeywords.groovy:514)
	at TC1.2.run(TC1.2:20)
	at com.kms.katalon.core.main.ScriptEngine.run(ScriptEngine.java:194)
	at com.kms.katalon.core.main.ScriptEngine.runScriptAsRawText(ScriptEngine.java:119)
	at com.kms.katalon.core.main.TestCaseExecutor.runScript(TestCaseExecutor.java:490)
	at com.kms.katalon.core.main.TestCaseExecutor.doExecute(TestCaseExecutor.java:481)
	at com.kms.katalon.core.main.TestCaseExecutor.processExecutionPhase(TestCaseExecutor.java:460)
	at com.kms.katalon.core.main.TestCaseExecutor.accessMainPhase(TestCaseExecutor.java:452)
	at com.kms.katalon.core.main.TestCaseExecutor.execute(TestCaseExecutor.java:322)
	at com.kms.katalon.core.main.TestCaseExecutor.execute(TestCaseExecutor.java:410)
	at com.kms.katalon.core.common.CommonExecutor.accessTestCaseMainPhase(CommonExecutor.java:71)
	at com.kms.katalon.core.main.TestSuiteExecutor.accessTestSuiteMainPhase(TestSuiteExecutor.java:153)
	at com.kms.katalon.core.main.TestSuiteExecutor.execute(TestSuiteExecutor.java:110)
	at com.kms.katalon.core.main.TestCaseMain.startTestSuite(TestCaseMain.java:205)
	at TempTestSuite1767674856199.run(TempTestSuite1767674856199.groovy:35)
	at java.base/jdk.internal.reflect.NativeMethodAccessorImpl.invoke0(Native Method)
	at java.base/jdk.internal.reflect.NativeMethodAccessorImpl.invoke(NativeMethodAccessorImpl.java:77)
	at java.base/jdk.internal.reflect.DelegatingMethodAccessorImpl.invoke(DelegatingMethodAccessorImpl.java:43)
</message>
  <exception>
    <message>com.kms.katalon.core.exception.StepFailedException: Browser is not opened
Build info: version: '4.34.0', revision: '707dcb4246*'
System info: os.name: 'Windows 10', os.arch: 'amd64', os.version: '10.0', java.version: '17.0.14'
Driver info: driver.version: DriverFactory$getWebDriver</message>
    <frame>
      <class>com.kms.katalon.core.logging.XmlKeywordLogger</class>
      <method>logMessage</method>
      <line>512</line>
    </frame>
    <frame>
      <class>com.kms.katalon.core.logging.KeywordLogger</class>
      <method>logMessage</method>
      <line>447</line>
    </frame>
    <frame>
      <class>com.kms.katalon.core.main.TestCaseExecutor</class>
      <method>logError</method>
      <line>599</line>
    </frame>
    <frame>
      <class>com.kms.katalon.core.main.TestCaseExecutor</class>
      <method>onExecutionError</method>
      <line>187</line>
    </frame>
    <frame>
      <class>com.kms.katalon.core.main.TestCaseExecutor</class>
      <method>processExecutionPhase</method>
      <line>470</line>
    </frame>
    <frame>
      <class>com.kms.katalon.core.main.TestCaseExecutor</class>
      <method>accessMainPhase</method>
      <line>452</line>
    </frame>
    <frame>
      <class>com.kms.katalon.core.main.TestCaseExecutor</class>
      <method>execute</method>
      <line>322</line>
    </frame>
    <frame>
      <class>com.kms.katalon.core.main.TestCaseExecutor</class>
      <method>execute</method>
      <line>410</line>
    </frame>
    <frame>
      <class>com.kms.katalon.core.common.CommonExecutor</class>
      <method>accessTestCaseMainPhase</method>
      <line>71</line>
    </frame>
    <frame>
      <class>com.kms.katalon.core.main.TestSuiteExecutor</class>
      <method>accessTestSuiteMainPhase</method>
      <line>153</line>
    </frame>
    <frame>
      <class>com.kms.katalon.core.main.TestSuiteExecutor</class>
      <method>execute</method>
      <line>110</line>
    </frame>
    <frame>
      <class>com.kms.katalon.core.main.TestCaseMain</class>
      <method>startTestSuite</method>
      <line>205</line>
    </frame>
    <frame>
      <class>org.codehaus.groovy.vmplugin.v8.IndyInterface</class>
      <method>fromCache</method>
      <line>318</line>
    </frame>
    <frame>
      <class>TempTestSuite1767674856199</class>
      <method>run</method>
      <line>35</line>
    </frame>
    <frame>
      <class>groovy.lang.GroovyShell</class>
      <method>runScriptOrMainOrTestOrRunnable</method>
      <line>254</line>
    </frame>
    <frame>
      <class>groovy.lang.GroovyShell</class>
      <method>run</method>
      <line>360</line>
    </frame>
    <frame>
      <class>groovy.lang.GroovyShell</class>
      <method>run</method>
      <line>349</line>
    </frame>
    <frame>
      <class>groovy.ui.GroovyMain</class>
      <method>processOnce</method>
      <line>652</line>
    </frame>
    <frame>
      <class>groovy.ui.GroovyMain</class>
      <method>run</method>
      <line>398</line>
    </frame>
    <frame>
      <class>groovy.ui.GroovyMain</class>
      <method>access$1400</method>
      <line>68</line>
    </frame>
    <frame>
      <class>groovy.ui.GroovyMain$GroovyCommand</class>
      <method>process</method>
      <line>322</line>
    </frame>
    <frame>
      <class>groovy.ui.GroovyMain</class>
      <method>processArgs</method>
      <line>142</line>
    </frame>
    <frame>
      <class>groovy.ui.GroovyMain</class>
      <method>main</method>
      <line>115</line>
    </frame>
    <frame>
      <class>jdk.internal.reflect.NativeMethodAccessorImpl</class>
      <method>invoke0</method>
    </frame>
    <frame>
      <class>jdk.internal.reflect.NativeMethodAccessorImpl</class>
      <method>invoke</method>
      <line>77</line>
    </frame>
    <frame>
      <class>jdk.internal.reflect.DelegatingMethodAccessorImpl</class>
      <method>invoke</method>
      <line>43</line>
    </frame>
    <frame>
      <class>java.lang.reflect.Method</class>
      <method>invoke</method>
      <line>569</line>
    </frame>
    <frame>
      <class>org.codehaus.groovy.tools.GroovyStarter</class>
      <method>rootLoader</method>
      <line>117</line>
    </frame>
    <frame>
      <class>org.codehaus.groovy.tools.GroovyStarter</class>
      <method>main</method>
      <line>39</line>
    </frame>
  </exception>
  <nestedLevel>0</nestedLevel>
  <escapedJava>false</escapedJava>
  <property name="failed.exception.stacktrace">com.kms.katalon.core.webui.exception.BrowserNotOpenedException: Browser is not opened
Build info: version: &apos;4.34.0&apos;, revision: &apos;707dcb4246*&apos;
System info: os.name: &apos;Windows 10&apos;, os.arch: &apos;amd64&apos;, os.version: &apos;10.0&apos;, java.version: &apos;17.0.14&apos;
Driver info: driver.version: DriverFactory$getWebDriver
	at com.kms.katalon.core.webui.driver.DriverFactory.verifyWebDriverIsOpen(DriverFactory.java:587)
	at com.kms.katalon.core.webui.driver.DriverFactory.verifyWebDriver(DriverFactory.java:572)
	at com.kms.katalon.core.webui.driver.DriverFactory.getWebDriver(DriverFactory.java:546)
	at com.kms.katalon.core.webui.driver.DriverFactory$getWebDriver.call(Unknown Source)
	at com.kms.katalon.core.webui.keyword.builtin.WaitForElementVisibleKeyword.waitForElementVisible(WaitForElementVisibleKeyword.groovy:73)
	at com.kms.katalon.core.webui.keyword.builtin.WaitForElementVisibleKeyword.execute(WaitForElementVisibleKeyword.groovy:69)
	at com.kms.katalon.core.keyword.internal.KeywordExecutor.executeKeywordForPlatform(KeywordExecutor.groovy:90)
	at com.kms.katalon.core.webui.keyword.WebUiBuiltInKeywords.waitForElementVisible(WebUiBuiltInKeywords.groovy:514)
	at TC1.2.run(TC1.2:20)
	at com.kms.katalon.core.main.ScriptEngine.run(ScriptEngine.java:194)
	at com.kms.katalon.core.main.ScriptEngine.runScriptAsRawText(ScriptEngine.java:119)
	at com.kms.katalon.core.main.TestCaseExecutor.runScript(TestCaseExecutor.java:490)
	at com.kms.katalon.core.main.TestCaseExecutor.doExecute(TestCaseExecutor.java:481)
	at com.kms.katalon.core.main.TestCaseExecutor.processExecutionPhase(TestCaseExecutor.java:460)
	at com.kms.katalon.core.main.TestCaseExecutor.accessMainPhase(TestCaseExecutor.java:452)
	at com.kms.katalon.core.main.TestCaseExecutor.execute(TestCaseExecutor.java:322)
	at com.kms.katalon.core.main.TestCaseExecutor.execute(TestCaseExecutor.java:410)
	at com.kms.katalon.core.common.CommonExecutor.accessTestCaseMainPhase(CommonExecutor.java:71)
	at com.kms.katalon.core.main.TestSuiteExecutor.accessTestSuiteMainPhase(TestSuiteExecutor.java:153)
	at com.kms.katalon.core.main.TestSuiteExecutor.execute(TestSuiteExecutor.java:110)
	at com.kms.katalon.core.main.TestCaseMain.startTestSuite(TestCaseMain.java:205)
	at TempTestSuite1767674856199.run(TempTestSuite1767674856199.groovy:35)
	at java.base/jdk.internal.reflect.NativeMethodAccessorImpl.invoke0(Native Method)
	at java.base/jdk.internal.reflect.NativeMethodAccessorImpl.invoke(NativeMethodAccessorImpl.java:77)
	at java.base/jdk.internal.reflect.DelegatingMethodAccessorImpl.invoke(DelegatingMethodAccessorImpl.java:43)
</property>
  <property name="failed.exception.class">com.kms.katalon.core.webui.exception.BrowserNotOpenedException</property>
  <property name="failed.exception.message">Browser is not opened
Build info: version: &apos;4.34.0&apos;, revision: &apos;707dcb4246*&apos;
System info: os.name: &apos;Windows 10&apos;, os.arch: &apos;amd64&apos;, os.version: &apos;10.0&apos;, java.version: &apos;17.0.14&apos;
Driver info: driver.version: DriverFactory$getWebDriver</property>
</record>
<record>
  <date>2026-01-06T04:47:44.914961Z</date>
  <millis>1767674864914</millis>
  <nanos>961000</nanos>
  <sequence>260</sequence>
  <level>END</level>
  <class>com.kms.katalon.core.logging.XmlKeywordLogger</class>
  <method>endTest</method>
  <thread>1</thread>
  <message>End Test Case : Test Cases/CO/TC1.2</message>
  <nestedLevel>0</nestedLevel>
  <escapedJava>false</escapedJava>
  <property name="executionBindingVariables">[]</property>
  <property name="applitools">false</property>
  <property name="remainingRetryCount">2</property>
  <property name="executedKeywords">{
  &quot;WebUI.waitForElementVisible&quot;: 1
}</property>
  <property name="currentRetryCount">1</property>
  <property name="keywordsUsage">{
  &quot;web_ui&quot;: true,
  &quot;web_service&quot;: false,
  &quot;cucumber&quot;: false,
  &quot;builtin&quot;: false,
  &quot;mobile&quot;: false,
  &quot;windows&quot;: false,
  &quot;testng&quot;: false
}</property>
</record>
<record>
  <date>2026-01-06T04:47:44.921957800Z</date>
  <millis>1767674864921</millis>
  <nanos>957800</nanos>
  <sequence>261</sequence>
  <level>START</level>
  <class>com.kms.katalon.core.logging.XmlKeywordLogger</class>
  <method>startTest</method>
  <thread>1</thread>
  <message>Start Test Case : Test Cases/CO/TC1.2</message>
  <nestedLevel>1</nestedLevel>
  <escapedJava>false</escapedJava>
  <property name="remainingRetryCount">1</property>
  <property name="origin"></property>
  <property name="name">Test Cases/CO/TC1.2</property>
  <property name="description"></property>
  <property name="iteration"></property>
  <property name="id">Test Cases/CO/TC1.2</property>
  <property name="source">C:\Users\Administrator\git\magiq\Test Cases\CO\TC1.2.tc</property>
  <property name="tag"></property>
  <property name="isOptional">false</property>
  <property name="currentRetryCount">2</property>
</record>
<record>
  <date>2026-01-06T04:47:44.939960200Z</date>
  <millis>1767674864939</millis>
  <nanos>960200</nanos>
  <sequence>263</sequence>
  <level>START</level>
  <class>com.kms.katalon.core.logging.XmlKeywordLogger</class>
  <method>startKeyword</method>
  <thread>1</thread>
  <message>Start action : waitForElementVisible(findTestObject(&amp;quot;CO/input_search&amp;quot;), 10)</message>
  <nestedLevel>1</nestedLevel>
  <escapedJava>false</escapedJava>
  <property name="startLine">20</property>
  <property name="stepIndex">1</property>
</record>
<record>
  <date>2026-01-06T04:47:44.951956500Z</date>
  <millis>1767674864951</millis>
  <nanos>956500</nanos>
  <sequence>267</sequence>
  <level>ERROR</level>
  <class>com.kms.katalon.core.logging.XmlKeywordLogger</class>
  <method>logMessage</method>
  <thread>1</thread>
  <message>Test Cases/CO/TC1.2 FAILED.
Reason:
com.kms.katalon.core.webui.exception.BrowserNotOpenedException: Browser is not opened
Build info: version: &amp;apos;4.34.0&amp;apos;, revision: &amp;apos;707dcb4246*&amp;apos;
System info: os.name: &amp;apos;Windows 10&amp;apos;, os.arch: &amp;apos;amd64&amp;apos;, os.version: &amp;apos;10.0&amp;apos;, java.version: &amp;apos;17.0.14&amp;apos;
Driver info: driver.version: DriverFactory$getWebDriver
	at com.kms.katalon.core.webui.driver.DriverFactory.verifyWebDriverIsOpen(DriverFactory.java:587)
	at com.kms.katalon.core.webui.driver.DriverFactory.verifyWebDriver(DriverFactory.java:572)
	at com.kms.katalon.core.webui.driver.DriverFactory.getWebDriver(DriverFactory.java:546)
	at com.kms.katalon.core.webui.driver.DriverFactory$getWebDriver.call(Unknown Source)
	at com.kms.katalon.core.webui.keyword.builtin.WaitForElementVisibleKeyword.waitForElementVisible(WaitForElementVisibleKeyword.groovy:73)
	at com.kms.katalon.core.webui.keyword.builtin.WaitForElementVisibleKeyword.execute(WaitForElementVisibleKeyword.groovy:69)
	at com.kms.katalon.core.keyword.internal.KeywordExecutor.executeKeywordForPlatform(KeywordExecutor.groovy:90)
	at com.kms.katalon.core.webui.keyword.WebUiBuiltInKeywords.waitForElementVisible(WebUiBuiltInKeywords.groovy:514)
	at TC1.2.run(TC1.2:20)
	at com.kms.katalon.core.main.ScriptEngine.run(ScriptEngine.java:194)
	at com.kms.katalon.core.main.ScriptEngine.runScriptAsRawText(ScriptEngine.java:119)
	at com.kms.katalon.core.main.TestCaseExecutor.runScript(TestCaseExecutor.java:490)
	at com.kms.katalon.core.main.TestCaseExecutor.doExecute(TestCaseExecutor.java:481)
	at com.kms.katalon.core.main.TestCaseExecutor.processExecutionPhase(TestCaseExecutor.java:460)
	at com.kms.katalon.core.main.TestCaseExecutor.accessMainPhase(TestCaseExecutor.java:452)
	at com.kms.katalon.core.main.TestCaseExecutor.execute(TestCaseExecutor.java:322)
	at com.kms.katalon.core.main.TestCaseExecutor.execute(TestCaseExecutor.java:410)
	at com.kms.katalon.core.main.TestCaseExecutor.execute(TestCaseExecutor.java:410)
	at com.kms.katalon.core.common.CommonExecutor.accessTestCaseMainPhase(CommonExecutor.java:71)
	at com.kms.katalon.core.main.TestSuiteExecutor.accessTestSuiteMainPhase(TestSuiteExecutor.java:153)
	at com.kms.katalon.core.main.TestSuiteExecutor.execute(TestSuiteExecutor.java:110)
	at com.kms.katalon.core.main.TestCaseMain.startTestSuite(TestCaseMain.java:205)
	at TempTestSuite1767674856199.run(TempTestSuite1767674856199.groovy:35)
	at java.base/jdk.internal.reflect.NativeMethodAccessorImpl.invoke0(Native Method)
	at java.base/jdk.internal.reflect.NativeMethodAccessorImpl.invoke(NativeMethodAccessorImpl.java:77)
	at java.base/jdk.internal.reflect.DelegatingMethodAccessorImpl.invoke(DelegatingMethodAccessorImpl.java:43)
</message>
  <exception>
    <message>com.kms.katalon.core.exception.StepFailedException: Browser is not opened
Build info: version: '4.34.0', revision: '707dcb4246*'
System info: os.name: 'Windows 10', os.arch: 'amd64', os.version: '10.0', java.version: '17.0.14'
Driver info: driver.version: DriverFactory$getWebDriver</message>
    <frame>
      <class>com.kms.katalon.core.logging.XmlKeywordLogger</class>
      <method>logMessage</method>
      <line>512</line>
    </frame>
    <frame>
      <class>com.kms.katalon.core.logging.KeywordLogger</class>
      <method>logMessage</method>
      <line>447</line>
    </frame>
    <frame>
      <class>com.kms.katalon.core.main.TestCaseExecutor</class>
      <method>logError</method>
      <line>599</line>
    </frame>
    <frame>
      <class>com.kms.katalon.core.main.TestCaseExecutor</class>
      <method>logErrorForTheLastError</method>
      <line>206</line>
    </frame>
    <frame>
      <class>com.kms.katalon.core.main.TestCaseExecutor</class>
      <method>onExecutionError</method>
      <line>171</line>
    </frame>
    <frame>
      <class>com.kms.katalon.core.main.TestCaseExecutor</class>
      <method>processExecutionPhase</method>
      <line>470</line>
    </frame>
    <frame>
      <class>com.kms.katalon.core.main.TestCaseExecutor</class>
      <method>accessMainPhase</method>
      <line>452</line>
    </frame>
    <frame>
      <class>com.kms.katalon.core.main.TestCaseExecutor</class>
      <method>execute</method>
      <line>322</line>
    </frame>
    <frame>
      <class>com.kms.katalon.core.main.TestCaseExecutor</class>
      <method>execute</method>
      <line>410</line>
    </frame>
    <frame>
      <class>com.kms.katalon.core.main.TestCaseExecutor</class>
      <method>execute</method>
      <line>410</line>
    </frame>
    <frame>
      <class>com.kms.katalon.core.common.CommonExecutor</class>
      <method>accessTestCaseMainPhase</method>
      <line>71</line>
    </frame>
    <frame>
      <class>com.kms.katalon.core.main.TestSuiteExecutor</class>
      <method>accessTestSuiteMainPhase</method>
      <line>153</line>
    </frame>
    <frame>
      <class>com.kms.katalon.core.main.TestSuiteExecutor</class>
      <method>execute</method>
      <line>110</line>
    </frame>
    <frame>
      <class>com.kms.katalon.core.main.TestCaseMain</class>
      <method>startTestSuite</method>
      <line>205</line>
    </frame>
    <frame>
      <class>org.codehaus.groovy.vmplugin.v8.IndyInterface</class>
      <method>fromCache</method>
      <line>318</line>
    </frame>
    <frame>
      <class>TempTestSuite1767674856199</class>
      <method>run</method>
      <line>35</line>
    </frame>
    <frame>
      <class>groovy.lang.GroovyShell</class>
      <method>runScriptOrMainOrTestOrRunnable</method>
      <line>254</line>
    </frame>
    <frame>
      <class>groovy.lang.GroovyShell</class>
      <method>run</method>
      <line>360</line>
    </frame>
    <frame>
      <class>groovy.lang.GroovyShell</class>
      <method>run</method>
      <line>349</line>
    </frame>
    <frame>
      <class>groovy.ui.GroovyMain</class>
      <method>processOnce</method>
      <line>652</line>
    </frame>
    <frame>
      <class>groovy.ui.GroovyMain</class>
      <method>run</method>
      <line>398</line>
    </frame>
    <frame>
      <class>groovy.ui.GroovyMain</class>
      <method>access$1400</method>
      <line>68</line>
    </frame>
    <frame>
      <class>groovy.ui.GroovyMain$GroovyCommand</class>
      <method>process</method>
      <line>322</line>
    </frame>
    <frame>
      <class>groovy.ui.GroovyMain</class>
      <method>processArgs</method>
      <line>142</line>
    </frame>
    <frame>
      <class>groovy.ui.GroovyMain</class>
      <method>main</method>
      <line>115</line>
    </frame>
    <frame>
      <class>jdk.internal.reflect.NativeMethodAccessorImpl</class>
      <method>invoke0</method>
    </frame>
    <frame>
      <class>jdk.internal.reflect.NativeMethodAccessorImpl</class>
      <method>invoke</method>
      <line>77</line>
    </frame>
    <frame>
      <class>jdk.internal.reflect.DelegatingMethodAccessorImpl</class>
      <method>invoke</method>
      <line>43</line>
    </frame>
    <frame>
      <class>java.lang.reflect.Method</class>
      <method>invoke</method>
      <line>569</line>
    </frame>
    <frame>
      <class>org.codehaus.groovy.tools.GroovyStarter</class>
      <method>rootLoader</method>
      <line>117</line>
    </frame>
    <frame>
      <class>org.codehaus.groovy.tools.GroovyStarter</class>
      <method>main</method>
      <line>39</line>
    </frame>
  </exception>
  <nestedLevel>0</nestedLevel>
  <escapedJava>false</escapedJava>
  <property name="failed.exception.stacktrace">com.kms.katalon.core.webui.exception.BrowserNotOpenedException: Browser is not opened
Build info: version: &apos;4.34.0&apos;, revision: &apos;707dcb4246*&apos;
System info: os.name: &apos;Windows 10&apos;, os.arch: &apos;amd64&apos;, os.version: &apos;10.0&apos;, java.version: &apos;17.0.14&apos;
Driver info: driver.version: DriverFactory$getWebDriver
	at com.kms.katalon.core.webui.driver.DriverFactory.verifyWebDriverIsOpen(DriverFactory.java:587)
	at com.kms.katalon.core.webui.driver.DriverFactory.verifyWebDriver(DriverFactory.java:572)
	at com.kms.katalon.core.webui.driver.DriverFactory.getWebDriver(DriverFactory.java:546)
	at com.kms.katalon.core.webui.driver.DriverFactory$getWebDriver.call(Unknown Source)
	at com.kms.katalon.core.webui.keyword.builtin.WaitForElementVisibleKeyword.waitForElementVisible(WaitForElementVisibleKeyword.groovy:73)
	at com.kms.katalon.core.webui.keyword.builtin.WaitForElementVisibleKeyword.execute(WaitForElementVisibleKeyword.groovy:69)
	at com.kms.katalon.core.keyword.internal.KeywordExecutor.executeKeywordForPlatform(KeywordExecutor.groovy:90)
	at com.kms.katalon.core.webui.keyword.WebUiBuiltInKeywords.waitForElementVisible(WebUiBuiltInKeywords.groovy:514)
	at TC1.2.run(TC1.2:20)
	at com.kms.katalon.core.main.ScriptEngine.run(ScriptEngine.java:194)
	at com.kms.katalon.core.main.ScriptEngine.runScriptAsRawText(ScriptEngine.java:119)
	at com.kms.katalon.core.main.TestCaseExecutor.runScript(TestCaseExecutor.java:490)
	at com.kms.katalon.core.main.TestCaseExecutor.doExecute(TestCaseExecutor.java:481)
	at com.kms.katalon.core.main.TestCaseExecutor.processExecutionPhase(TestCaseExecutor.java:460)
	at com.kms.katalon.core.main.TestCaseExecutor.accessMainPhase(TestCaseExecutor.java:452)
	at com.kms.katalon.core.main.TestCaseExecutor.execute(TestCaseExecutor.java:322)
	at com.kms.katalon.core.main.TestCaseExecutor.execute(TestCaseExecutor.java:410)
	at com.kms.katalon.core.main.TestCaseExecutor.execute(TestCaseExecutor.java:410)
	at com.kms.katalon.core.common.CommonExecutor.accessTestCaseMainPhase(CommonExecutor.java:71)
	at com.kms.katalon.core.main.TestSuiteExecutor.accessTestSuiteMainPhase(TestSuiteExecutor.java:153)
	at com.kms.katalon.core.main.TestSuiteExecutor.execute(TestSuiteExecutor.java:110)
	at com.kms.katalon.core.main.TestCaseMain.startTestSuite(TestCaseMain.java:205)
	at TempTestSuite1767674856199.run(TempTestSuite1767674856199.groovy:35)
	at java.base/jdk.internal.reflect.NativeMethodAccessorImpl.invoke0(Native Method)
	at java.base/jdk.internal.reflect.NativeMethodAccessorImpl.invoke(NativeMethodAccessorImpl.java:77)
	at java.base/jdk.internal.reflect.DelegatingMethodAccessorImpl.invoke(DelegatingMethodAccessorImpl.java:43)
</property>
  <property name="failed.exception.class">com.kms.katalon.core.webui.exception.BrowserNotOpenedException</property>
  <property name="failed.exception.message">Browser is not opened
Build info: version: &apos;4.34.0&apos;, revision: &apos;707dcb4246*&apos;
System info: os.name: &apos;Windows 10&apos;, os.arch: &apos;amd64&apos;, os.version: &apos;10.0&apos;, java.version: &apos;17.0.14&apos;
Driver info: driver.version: DriverFactory$getWebDriver</property>
</record>
<record>
  <date>2026-01-06T04:47:44.953955600Z</date>
  <millis>1767674864953</millis>
  <nanos>955600</nanos>
  <sequence>269</sequence>
  <level>END</level>
  <class>com.kms.katalon.core.logging.XmlKeywordLogger</class>
  <method>endKeyword</method>
  <thread>1</thread>
  <message>End action : waitForElementVisible(findTestObject(&amp;quot;CO/input_search&amp;quot;), 10)</message>
  <nestedLevel>1</nestedLevel>
  <escapedJava>false</escapedJava>
</record>
<record>
  <date>2026-01-06T04:47:44.954957Z</date>
  <millis>1767674864954</millis>
  <nanos>957000</nanos>
  <sequence>271</sequence>
  <level>ERROR</level>
  <class>com.kms.katalon.core.logging.XmlKeywordLogger</class>
  <method>logMessage</method>
  <thread>1</thread>
  <message>Test Cases/CO/TC1.2 FAILED.
Reason:
com.kms.katalon.core.webui.exception.BrowserNotOpenedException: Browser is not opened
Build info: version: &amp;apos;4.34.0&amp;apos;, revision: &amp;apos;707dcb4246*&amp;apos;
System info: os.name: &amp;apos;Windows 10&amp;apos;, os.arch: &amp;apos;amd64&amp;apos;, os.version: &amp;apos;10.0&amp;apos;, java.version: &amp;apos;17.0.14&amp;apos;
Driver info: driver.version: DriverFactory$getWebDriver
	at com.kms.katalon.core.webui.driver.DriverFactory.verifyWebDriverIsOpen(DriverFactory.java:587)
	at com.kms.katalon.core.webui.driver.DriverFactory.verifyWebDriver(DriverFactory.java:572)
	at com.kms.katalon.core.webui.driver.DriverFactory.getWebDriver(DriverFactory.java:546)
	at com.kms.katalon.core.webui.driver.DriverFactory$getWebDriver.call(Unknown Source)
	at com.kms.katalon.core.webui.keyword.builtin.WaitForElementVisibleKeyword.waitForElementVisible(WaitForElementVisibleKeyword.groovy:73)
	at com.kms.katalon.core.webui.keyword.builtin.WaitForElementVisibleKeyword.execute(WaitForElementVisibleKeyword.groovy:69)
	at com.kms.katalon.core.keyword.internal.KeywordExecutor.executeKeywordForPlatform(KeywordExecutor.groovy:90)
	at com.kms.katalon.core.webui.keyword.WebUiBuiltInKeywords.waitForElementVisible(WebUiBuiltInKeywords.groovy:514)
	at TC1.2.run(TC1.2:20)
	at com.kms.katalon.core.main.ScriptEngine.run(ScriptEngine.java:194)
	at com.kms.katalon.core.main.ScriptEngine.runScriptAsRawText(ScriptEngine.java:119)
	at com.kms.katalon.core.main.TestCaseExecutor.runScript(TestCaseExecutor.java:490)
	at com.kms.katalon.core.main.TestCaseExecutor.doExecute(TestCaseExecutor.java:481)
	at com.kms.katalon.core.main.TestCaseExecutor.processExecutionPhase(TestCaseExecutor.java:460)
	at com.kms.katalon.core.main.TestCaseExecutor.accessMainPhase(TestCaseExecutor.java:452)
	at com.kms.katalon.core.main.TestCaseExecutor.execute(TestCaseExecutor.java:322)
	at com.kms.katalon.core.main.TestCaseExecutor.execute(TestCaseExecutor.java:410)
	at com.kms.katalon.core.main.TestCaseExecutor.execute(TestCaseExecutor.java:410)
	at com.kms.katalon.core.common.CommonExecutor.accessTestCaseMainPhase(CommonExecutor.java:71)
	at com.kms.katalon.core.main.TestSuiteExecutor.accessTestSuiteMainPhase(TestSuiteExecutor.java:153)
	at com.kms.katalon.core.main.TestSuiteExecutor.execute(TestSuiteExecutor.java:110)
	at com.kms.katalon.core.main.TestCaseMain.startTestSuite(TestCaseMain.java:205)
	at TempTestSuite1767674856199.run(TempTestSuite1767674856199.groovy:35)
	at java.base/jdk.internal.reflect.NativeMethodAccessorImpl.invoke0(Native Method)
	at java.base/jdk.internal.reflect.NativeMethodAccessorImpl.invoke(NativeMethodAccessorImpl.java:77)
	at java.base/jdk.internal.reflect.DelegatingMethodAccessorImpl.invoke(DelegatingMethodAccessorImpl.java:43)
</message>
  <exception>
    <message>com.kms.katalon.core.exception.StepFailedException: Browser is not opened
Build info: version: '4.34.0', revision: '707dcb4246*'
System info: os.name: 'Windows 10', os.arch: 'amd64', os.version: '10.0', java.version: '17.0.14'
Driver info: driver.version: DriverFactory$getWebDriver</message>
    <frame>
      <class>com.kms.katalon.core.logging.XmlKeywordLogger</class>
      <method>logMessage</method>
      <line>512</line>
    </frame>
    <frame>
      <class>com.kms.katalon.core.logging.KeywordLogger</class>
      <method>logMessage</method>
      <line>447</line>
    </frame>
    <frame>
      <class>com.kms.katalon.core.main.TestCaseExecutor</class>
      <method>logError</method>
      <line>599</line>
    </frame>
    <frame>
      <class>com.kms.katalon.core.main.TestCaseExecutor</class>
      <method>onExecutionError</method>
      <line>187</line>
    </frame>
    <frame>
      <class>com.kms.katalon.core.main.TestCaseExecutor</class>
      <method>processExecutionPhase</method>
      <line>470</line>
    </frame>
    <frame>
      <class>com.kms.katalon.core.main.TestCaseExecutor</class>
      <method>accessMainPhase</method>
      <line>452</line>
    </frame>
    <frame>
      <class>com.kms.katalon.core.main.TestCaseExecutor</class>
      <method>execute</method>
      <line>322</line>
    </frame>
    <frame>
      <class>com.kms.katalon.core.main.TestCaseExecutor</class>
      <method>execute</method>
      <line>410</line>
    </frame>
    <frame>
      <class>com.kms.katalon.core.main.TestCaseExecutor</class>
      <method>execute</method>
      <line>410</line>
    </frame>
    <frame>
      <class>com.kms.katalon.core.common.CommonExecutor</class>
      <method>accessTestCaseMainPhase</method>
      <line>71</line>
    </frame>
    <frame>
      <class>com.kms.katalon.core.main.TestSuiteExecutor</class>
      <method>accessTestSuiteMainPhase</method>
      <line>153</line>
    </frame>
    <frame>
      <class>com.kms.katalon.core.main.TestSuiteExecutor</class>
      <method>execute</method>
      <line>110</line>
    </frame>
    <frame>
      <class>com.kms.katalon.core.main.TestCaseMain</class>
      <method>startTestSuite</method>
      <line>205</line>
    </frame>
    <frame>
      <class>org.codehaus.groovy.vmplugin.v8.IndyInterface</class>
      <method>fromCache</method>
      <line>318</line>
    </frame>
    <frame>
      <class>TempTestSuite1767674856199</class>
      <method>run</method>
      <line>35</line>
    </frame>
    <frame>
      <class>groovy.lang.GroovyShell</class>
      <method>runScriptOrMainOrTestOrRunnable</method>
      <line>254</line>
    </frame>
    <frame>
      <class>groovy.lang.GroovyShell</class>
      <method>run</method>
      <line>360</line>
    </frame>
    <frame>
      <class>groovy.lang.GroovyShell</class>
      <method>run</method>
      <line>349</line>
    </frame>
    <frame>
      <class>groovy.ui.GroovyMain</class>
      <method>processOnce</method>
      <line>652</line>
    </frame>
    <frame>
      <class>groovy.ui.GroovyMain</class>
      <method>run</method>
      <line>398</line>
    </frame>
    <frame>
      <class>groovy.ui.GroovyMain</class>
      <method>access$1400</method>
      <line>68</line>
    </frame>
    <frame>
      <class>groovy.ui.GroovyMain$GroovyCommand</class>
      <method>process</method>
      <line>322</line>
    </frame>
    <frame>
      <class>groovy.ui.GroovyMain</class>
      <method>processArgs</method>
      <line>142</line>
    </frame>
    <frame>
      <class>groovy.ui.GroovyMain</class>
      <method>main</method>
      <line>115</line>
    </frame>
    <frame>
      <class>jdk.internal.reflect.NativeMethodAccessorImpl</class>
      <method>invoke0</method>
    </frame>
    <frame>
      <class>jdk.internal.reflect.NativeMethodAccessorImpl</class>
      <method>invoke</method>
      <line>77</line>
    </frame>
    <frame>
      <class>jdk.internal.reflect.DelegatingMethodAccessorImpl</class>
      <method>invoke</method>
      <line>43</line>
    </frame>
    <frame>
      <class>java.lang.reflect.Method</class>
      <method>invoke</method>
      <line>569</line>
    </frame>
    <frame>
      <class>org.codehaus.groovy.tools.GroovyStarter</class>
      <method>rootLoader</method>
      <line>117</line>
    </frame>
    <frame>
      <class>org.codehaus.groovy.tools.GroovyStarter</class>
      <method>main</method>
      <line>39</line>
    </frame>
  </exception>
  <nestedLevel>0</nestedLevel>
  <escapedJava>false</escapedJava>
  <property name="failed.exception.stacktrace">com.kms.katalon.core.webui.exception.BrowserNotOpenedException: Browser is not opened
Build info: version: &apos;4.34.0&apos;, revision: &apos;707dcb4246*&apos;
System info: os.name: &apos;Windows 10&apos;, os.arch: &apos;amd64&apos;, os.version: &apos;10.0&apos;, java.version: &apos;17.0.14&apos;
Driver info: driver.version: DriverFactory$getWebDriver
	at com.kms.katalon.core.webui.driver.DriverFactory.verifyWebDriverIsOpen(DriverFactory.java:587)
	at com.kms.katalon.core.webui.driver.DriverFactory.verifyWebDriver(DriverFactory.java:572)
	at com.kms.katalon.core.webui.driver.DriverFactory.getWebDriver(DriverFactory.java:546)
	at com.kms.katalon.core.webui.driver.DriverFactory$getWebDriver.call(Unknown Source)
	at com.kms.katalon.core.webui.keyword.builtin.WaitForElementVisibleKeyword.waitForElementVisible(WaitForElementVisibleKeyword.groovy:73)
	at com.kms.katalon.core.webui.keyword.builtin.WaitForElementVisibleKeyword.execute(WaitForElementVisibleKeyword.groovy:69)
	at com.kms.katalon.core.keyword.internal.KeywordExecutor.executeKeywordForPlatform(KeywordExecutor.groovy:90)
	at com.kms.katalon.core.webui.keyword.WebUiBuiltInKeywords.waitForElementVisible(WebUiBuiltInKeywords.groovy:514)
	at TC1.2.run(TC1.2:20)
	at com.kms.katalon.core.main.ScriptEngine.run(ScriptEngine.java:194)
	at com.kms.katalon.core.main.ScriptEngine.runScriptAsRawText(ScriptEngine.java:119)
	at com.kms.katalon.core.main.TestCaseExecutor.runScript(TestCaseExecutor.java:490)
	at com.kms.katalon.core.main.TestCaseExecutor.doExecute(TestCaseExecutor.java:481)
	at com.kms.katalon.core.main.TestCaseExecutor.processExecutionPhase(TestCaseExecutor.java:460)
	at com.kms.katalon.core.main.TestCaseExecutor.accessMainPhase(TestCaseExecutor.java:452)
	at com.kms.katalon.core.main.TestCaseExecutor.execute(TestCaseExecutor.java:322)
	at com.kms.katalon.core.main.TestCaseExecutor.execute(TestCaseExecutor.java:410)
	at com.kms.katalon.core.main.TestCaseExecutor.execute(TestCaseExecutor.java:410)
	at com.kms.katalon.core.common.CommonExecutor.accessTestCaseMainPhase(CommonExecutor.java:71)
	at com.kms.katalon.core.main.TestSuiteExecutor.accessTestSuiteMainPhase(TestSuiteExecutor.java:153)
	at com.kms.katalon.core.main.TestSuiteExecutor.execute(TestSuiteExecutor.java:110)
	at com.kms.katalon.core.main.TestCaseMain.startTestSuite(TestCaseMain.java:205)
	at TempTestSuite1767674856199.run(TempTestSuite1767674856199.groovy:35)
	at java.base/jdk.internal.reflect.NativeMethodAccessorImpl.invoke0(Native Method)
	at java.base/jdk.internal.reflect.NativeMethodAccessorImpl.invoke(NativeMethodAccessorImpl.java:77)
	at java.base/jdk.internal.reflect.DelegatingMethodAccessorImpl.invoke(DelegatingMethodAccessorImpl.java:43)
</property>
  <property name="failed.exception.class">com.kms.katalon.core.webui.exception.BrowserNotOpenedException</property>
  <property name="failed.exception.message">Browser is not opened
Build info: version: &apos;4.34.0&apos;, revision: &apos;707dcb4246*&apos;
System info: os.name: &apos;Windows 10&apos;, os.arch: &apos;amd64&apos;, os.version: &apos;10.0&apos;, java.version: &apos;17.0.14&apos;
Driver info: driver.version: DriverFactory$getWebDriver</property>
</record>
<record>
  <date>2026-01-06T04:47:44.956956900Z</date>
  <millis>1767674864956</millis>
  <nanos>956900</nanos>
  <sequence>273</sequence>
  <level>END</level>
  <class>com.kms.katalon.core.logging.XmlKeywordLogger</class>
  <method>endTest</method>
  <thread>1</thread>
  <message>End Test Case : Test Cases/CO/TC1.2</message>
  <nestedLevel>0</nestedLevel>
  <escapedJava>false</escapedJava>
  <property name="executionBindingVariables">[]</property>
  <property name="applitools">false</property>
  <property name="remainingRetryCount">1</property>
  <property name="executedKeywords">{
  &quot;WebUI.waitForElementVisible&quot;: 1
}</property>
  <property name="currentRetryCount">2</property>
  <property name="keywordsUsage">{
  &quot;web_ui&quot;: true,
  &quot;web_service&quot;: false,
  &quot;cucumber&quot;: false,
  &quot;builtin&quot;: false,
  &quot;mobile&quot;: false,
  &quot;windows&quot;: false,
  &quot;testng&quot;: false
}</property>
</record>
<record>
  <date>2026-01-06T04:47:44.960971100Z</date>
  <millis>1767674864960</millis>
  <nanos>971100</nanos>
  <sequence>274</sequence>
  <level>START</level>
  <class>com.kms.katalon.core.logging.XmlKeywordLogger</class>
  <method>startTest</method>
  <thread>1</thread>
  <message>Start Test Case : Test Cases/CO/TC1.2</message>
  <nestedLevel>1</nestedLevel>
  <escapedJava>false</escapedJava>
  <property name="remainingRetryCount">0</property>
  <property name="origin"></property>
  <property name="name">Test Cases/CO/TC1.2</property>
  <property name="description"></property>
  <property name="iteration"></property>
  <property name="id">Test Cases/CO/TC1.2</property>
  <property name="source">C:\Users\Administrator\git\magiq\Test Cases\CO\TC1.2.tc</property>
  <property name="tag"></property>
  <property name="isOptional">false</property>
  <property name="currentRetryCount">3</property>
</record>
<record>
  <date>2026-01-06T04:47:44.975956300Z</date>
  <millis>1767674864975</millis>
  <nanos>956300</nanos>
  <sequence>276</sequence>
  <level>START</level>
  <class>com.kms.katalon.core.logging.XmlKeywordLogger</class>
  <method>startKeyword</method>
  <thread>1</thread>
  <message>Start action : waitForElementVisible(findTestObject(&amp;quot;CO/input_search&amp;quot;), 10)</message>
  <nestedLevel>1</nestedLevel>
  <escapedJava>false</escapedJava>
  <property name="startLine">20</property>
  <property name="stepIndex">1</property>
</record>
<record>
  <date>2026-01-06T04:47:44.987963200Z</date>
  <millis>1767674864987</millis>
  <nanos>963200</nanos>
  <sequence>280</sequence>
  <level>ERROR</level>
  <class>com.kms.katalon.core.logging.XmlKeywordLogger</class>
  <method>logMessage</method>
  <thread>1</thread>
  <message>Test Cases/CO/TC1.2 FAILED.
Reason:
com.kms.katalon.core.webui.exception.BrowserNotOpenedException: Browser is not opened
Build info: version: &amp;apos;4.34.0&amp;apos;, revision: &amp;apos;707dcb4246*&amp;apos;
System info: os.name: &amp;apos;Windows 10&amp;apos;, os.arch: &amp;apos;amd64&amp;apos;, os.version: &amp;apos;10.0&amp;apos;, java.version: &amp;apos;17.0.14&amp;apos;
Driver info: driver.version: DriverFactory$getWebDriver
	at com.kms.katalon.core.webui.driver.DriverFactory.verifyWebDriverIsOpen(DriverFactory.java:587)
	at com.kms.katalon.core.webui.driver.DriverFactory.verifyWebDriver(DriverFactory.java:572)
	at com.kms.katalon.core.webui.driver.DriverFactory.getWebDriver(DriverFactory.java:546)
	at com.kms.katalon.core.webui.driver.DriverFactory$getWebDriver.call(Unknown Source)
	at com.kms.katalon.core.webui.keyword.builtin.WaitForElementVisibleKeyword.waitForElementVisible(WaitForElementVisibleKeyword.groovy:73)
	at com.kms.katalon.core.webui.keyword.builtin.WaitForElementVisibleKeyword.execute(WaitForElementVisibleKeyword.groovy:69)
	at com.kms.katalon.core.keyword.internal.KeywordExecutor.executeKeywordForPlatform(KeywordExecutor.groovy:90)
	at com.kms.katalon.core.webui.keyword.WebUiBuiltInKeywords.waitForElementVisible(WebUiBuiltInKeywords.groovy:514)
	at TC1.2.run(TC1.2:20)
	at com.kms.katalon.core.main.ScriptEngine.run(ScriptEngine.java:194)
	at com.kms.katalon.core.main.ScriptEngine.runScriptAsRawText(ScriptEngine.java:119)
	at com.kms.katalon.core.main.TestCaseExecutor.runScript(TestCaseExecutor.java:490)
	at com.kms.katalon.core.main.TestCaseExecutor.doExecute(TestCaseExecutor.java:481)
	at com.kms.katalon.core.main.TestCaseExecutor.processExecutionPhase(TestCaseExecutor.java:460)
	at com.kms.katalon.core.main.TestCaseExecutor.accessMainPhase(TestCaseExecutor.java:452)
	at com.kms.katalon.core.main.TestCaseExecutor.execute(TestCaseExecutor.java:322)
	at com.kms.katalon.core.main.TestCaseExecutor.execute(TestCaseExecutor.java:410)
	at com.kms.katalon.core.main.TestCaseExecutor.execute(TestCaseExecutor.java:410)
	at com.kms.katalon.core.main.TestCaseExecutor.execute(TestCaseExecutor.java:410)
	at com.kms.katalon.core.common.CommonExecutor.accessTestCaseMainPhase(CommonExecutor.java:71)
	at com.kms.katalon.core.main.TestSuiteExecutor.accessTestSuiteMainPhase(TestSuiteExecutor.java:153)
	at com.kms.katalon.core.main.TestSuiteExecutor.execute(TestSuiteExecutor.java:110)
	at com.kms.katalon.core.main.TestCaseMain.startTestSuite(TestCaseMain.java:205)
	at TempTestSuite1767674856199.run(TempTestSuite1767674856199.groovy:35)
	at java.base/jdk.internal.reflect.NativeMethodAccessorImpl.invoke0(Native Method)
	at java.base/jdk.internal.reflect.NativeMethodAccessorImpl.invoke(NativeMethodAccessorImpl.java:77)
	at java.base/jdk.internal.reflect.DelegatingMethodAccessorImpl.invoke(DelegatingMethodAccessorImpl.java:43)
</message>
  <exception>
    <message>com.kms.katalon.core.exception.StepFailedException: Browser is not opened
Build info: version: '4.34.0', revision: '707dcb4246*'
System info: os.name: 'Windows 10', os.arch: 'amd64', os.version: '10.0', java.version: '17.0.14'
Driver info: driver.version: DriverFactory$getWebDriver</message>
    <frame>
      <class>com.kms.katalon.core.logging.XmlKeywordLogger</class>
      <method>logMessage</method>
      <line>512</line>
    </frame>
    <frame>
      <class>com.kms.katalon.core.logging.KeywordLogger</class>
      <method>logMessage</method>
      <line>447</line>
    </frame>
    <frame>
      <class>com.kms.katalon.core.main.TestCaseExecutor</class>
      <method>logError</method>
      <line>599</line>
    </frame>
    <frame>
      <class>com.kms.katalon.core.main.TestCaseExecutor</class>
      <method>logErrorForTheLastError</method>
      <line>206</line>
    </frame>
    <frame>
      <class>com.kms.katalon.core.main.TestCaseExecutor</class>
      <method>onExecutionError</method>
      <line>171</line>
    </frame>
    <frame>
      <class>com.kms.katalon.core.main.TestCaseExecutor</class>
      <method>processExecutionPhase</method>
      <line>470</line>
    </frame>
    <frame>
      <class>com.kms.katalon.core.main.TestCaseExecutor</class>
      <method>accessMainPhase</method>
      <line>452</line>
    </frame>
    <frame>
      <class>com.kms.katalon.core.main.TestCaseExecutor</class>
      <method>execute</method>
      <line>322</line>
    </frame>
    <frame>
      <class>com.kms.katalon.core.main.TestCaseExecutor</class>
      <method>execute</method>
      <line>410</line>
    </frame>
    <frame>
      <class>com.kms.katalon.core.main.TestCaseExecutor</class>
      <method>execute</method>
      <line>410</line>
    </frame>
    <frame>
      <class>com.kms.katalon.core.main.TestCaseExecutor</class>
      <method>execute</method>
      <line>410</line>
    </frame>
    <frame>
      <class>com.kms.katalon.core.common.CommonExecutor</class>
      <method>accessTestCaseMainPhase</method>
      <line>71</line>
    </frame>
    <frame>
      <class>com.kms.katalon.core.main.TestSuiteExecutor</class>
      <method>accessTestSuiteMainPhase</method>
      <line>153</line>
    </frame>
    <frame>
      <class>com.kms.katalon.core.main.TestSuiteExecutor</class>
      <method>execute</method>
      <line>110</line>
    </frame>
    <frame>
      <class>com.kms.katalon.core.main.TestCaseMain</class>
      <method>startTestSuite</method>
      <line>205</line>
    </frame>
    <frame>
      <class>org.codehaus.groovy.vmplugin.v8.IndyInterface</class>
      <method>fromCache</method>
      <line>318</line>
    </frame>
    <frame>
      <class>TempTestSuite1767674856199</class>
      <method>run</method>
      <line>35</line>
    </frame>
    <frame>
      <class>groovy.lang.GroovyShell</class>
      <method>runScriptOrMainOrTestOrRunnable</method>
      <line>254</line>
    </frame>
    <frame>
      <class>groovy.lang.GroovyShell</class>
      <method>run</method>
      <line>360</line>
    </frame>
    <frame>
      <class>groovy.lang.GroovyShell</class>
      <method>run</method>
      <line>349</line>
    </frame>
    <frame>
      <class>groovy.ui.GroovyMain</class>
      <method>processOnce</method>
      <line>652</line>
    </frame>
    <frame>
      <class>groovy.ui.GroovyMain</class>
      <method>run</method>
      <line>398</line>
    </frame>
    <frame>
      <class>groovy.ui.GroovyMain</class>
      <method>access$1400</method>
      <line>68</line>
    </frame>
    <frame>
      <class>groovy.ui.GroovyMain$GroovyCommand</class>
      <method>process</method>
      <line>322</line>
    </frame>
    <frame>
      <class>groovy.ui.GroovyMain</class>
      <method>processArgs</method>
      <line>142</line>
    </frame>
    <frame>
      <class>groovy.ui.GroovyMain</class>
      <method>main</method>
      <line>115</line>
    </frame>
    <frame>
      <class>jdk.internal.reflect.NativeMethodAccessorImpl</class>
      <method>invoke0</method>
    </frame>
    <frame>
      <class>jdk.internal.reflect.NativeMethodAccessorImpl</class>
      <method>invoke</method>
      <line>77</line>
    </frame>
    <frame>
      <class>jdk.internal.reflect.DelegatingMethodAccessorImpl</class>
      <method>invoke</method>
      <line>43</line>
    </frame>
    <frame>
      <class>java.lang.reflect.Method</class>
      <method>invoke</method>
      <line>569</line>
    </frame>
    <frame>
      <class>org.codehaus.groovy.tools.GroovyStarter</class>
      <method>rootLoader</method>
      <line>117</line>
    </frame>
    <frame>
      <class>org.codehaus.groovy.tools.GroovyStarter</class>
      <method>main</method>
      <line>39</line>
    </frame>
  </exception>
  <nestedLevel>0</nestedLevel>
  <escapedJava>false</escapedJava>
  <property name="failed.exception.stacktrace">com.kms.katalon.core.webui.exception.BrowserNotOpenedException: Browser is not opened
Build info: version: &apos;4.34.0&apos;, revision: &apos;707dcb4246*&apos;
System info: os.name: &apos;Windows 10&apos;, os.arch: &apos;amd64&apos;, os.version: &apos;10.0&apos;, java.version: &apos;17.0.14&apos;
Driver info: driver.version: DriverFactory$getWebDriver
	at com.kms.katalon.core.webui.driver.DriverFactory.verifyWebDriverIsOpen(DriverFactory.java:587)
	at com.kms.katalon.core.webui.driver.DriverFactory.verifyWebDriver(DriverFactory.java:572)
	at com.kms.katalon.core.webui.driver.DriverFactory.getWebDriver(DriverFactory.java:546)
	at com.kms.katalon.core.webui.driver.DriverFactory$getWebDriver.call(Unknown Source)
	at com.kms.katalon.core.webui.keyword.builtin.WaitForElementVisibleKeyword.waitForElementVisible(WaitForElementVisibleKeyword.groovy:73)
	at com.kms.katalon.core.webui.keyword.builtin.WaitForElementVisibleKeyword.execute(WaitForElementVisibleKeyword.groovy:69)
	at com.kms.katalon.core.keyword.internal.KeywordExecutor.executeKeywordForPlatform(KeywordExecutor.groovy:90)
	at com.kms.katalon.core.webui.keyword.WebUiBuiltInKeywords.waitForElementVisible(WebUiBuiltInKeywords.groovy:514)
	at TC1.2.run(TC1.2:20)
	at com.kms.katalon.core.main.ScriptEngine.run(ScriptEngine.java:194)
	at com.kms.katalon.core.main.ScriptEngine.runScriptAsRawText(ScriptEngine.java:119)
	at com.kms.katalon.core.main.TestCaseExecutor.runScript(TestCaseExecutor.java:490)
	at com.kms.katalon.core.main.TestCaseExecutor.doExecute(TestCaseExecutor.java:481)
	at com.kms.katalon.core.main.TestCaseExecutor.processExecutionPhase(TestCaseExecutor.java:460)
	at com.kms.katalon.core.main.TestCaseExecutor.accessMainPhase(TestCaseExecutor.java:452)
	at com.kms.katalon.core.main.TestCaseExecutor.execute(TestCaseExecutor.java:322)
	at com.kms.katalon.core.main.TestCaseExecutor.execute(TestCaseExecutor.java:410)
	at com.kms.katalon.core.main.TestCaseExecutor.execute(TestCaseExecutor.java:410)
	at com.kms.katalon.core.main.TestCaseExecutor.execute(TestCaseExecutor.java:410)
	at com.kms.katalon.core.common.CommonExecutor.accessTestCaseMainPhase(CommonExecutor.java:71)
	at com.kms.katalon.core.main.TestSuiteExecutor.accessTestSuiteMainPhase(TestSuiteExecutor.java:153)
	at com.kms.katalon.core.main.TestSuiteExecutor.execute(TestSuiteExecutor.java:110)
	at com.kms.katalon.core.main.TestCaseMain.startTestSuite(TestCaseMain.java:205)
	at TempTestSuite1767674856199.run(TempTestSuite1767674856199.groovy:35)
	at java.base/jdk.internal.reflect.NativeMethodAccessorImpl.invoke0(Native Method)
	at java.base/jdk.internal.reflect.NativeMethodAccessorImpl.invoke(NativeMethodAccessorImpl.java:77)
	at java.base/jdk.internal.reflect.DelegatingMethodAccessorImpl.invoke(DelegatingMethodAccessorImpl.java:43)
</property>
  <property name="failed.exception.class">com.kms.katalon.core.webui.exception.BrowserNotOpenedException</property>
  <property name="failed.exception.message">Browser is not opened
Build info: version: &apos;4.34.0&apos;, revision: &apos;707dcb4246*&apos;
System info: os.name: &apos;Windows 10&apos;, os.arch: &apos;amd64&apos;, os.version: &apos;10.0&apos;, java.version: &apos;17.0.14&apos;
Driver info: driver.version: DriverFactory$getWebDriver</property>
</record>
<record>
  <date>2026-01-06T04:47:44.988957100Z</date>
  <millis>1767674864988</millis>
  <nanos>957100</nanos>
  <sequence>282</sequence>
  <level>END</level>
  <class>com.kms.katalon.core.logging.XmlKeywordLogger</class>
  <method>endKeyword</method>
  <thread>1</thread>
  <message>End action : waitForElementVisible(findTestObject(&amp;quot;CO/input_search&amp;quot;), 10)</message>
  <nestedLevel>1</nestedLevel>
  <escapedJava>false</escapedJava>
</record>
<record>
  <date>2026-01-06T04:47:44.989957Z</date>
  <millis>1767674864989</millis>
  <nanos>957000</nanos>
  <sequence>284</sequence>
  <level>ERROR</level>
  <class>com.kms.katalon.core.logging.XmlKeywordLogger</class>
  <method>logMessage</method>
  <thread>1</thread>
  <message>Test Cases/CO/TC1.2 FAILED.
Reason:
com.kms.katalon.core.webui.exception.BrowserNotOpenedException: Browser is not opened
Build info: version: &amp;apos;4.34.0&amp;apos;, revision: &amp;apos;707dcb4246*&amp;apos;
System info: os.name: &amp;apos;Windows 10&amp;apos;, os.arch: &amp;apos;amd64&amp;apos;, os.version: &amp;apos;10.0&amp;apos;, java.version: &amp;apos;17.0.14&amp;apos;
Driver info: driver.version: DriverFactory$getWebDriver
	at com.kms.katalon.core.webui.driver.DriverFactory.verifyWebDriverIsOpen(DriverFactory.java:587)
	at com.kms.katalon.core.webui.driver.DriverFactory.verifyWebDriver(DriverFactory.java:572)
	at com.kms.katalon.core.webui.driver.DriverFactory.getWebDriver(DriverFactory.java:546)
	at com.kms.katalon.core.webui.driver.DriverFactory$getWebDriver.call(Unknown Source)
	at com.kms.katalon.core.webui.keyword.builtin.WaitForElementVisibleKeyword.waitForElementVisible(WaitForElementVisibleKeyword.groovy:73)
	at com.kms.katalon.core.webui.keyword.builtin.WaitForElementVisibleKeyword.execute(WaitForElementVisibleKeyword.groovy:69)
	at com.kms.katalon.core.keyword.internal.KeywordExecutor.executeKeywordForPlatform(KeywordExecutor.groovy:90)
	at com.kms.katalon.core.webui.keyword.WebUiBuiltInKeywords.waitForElementVisible(WebUiBuiltInKeywords.groovy:514)
	at TC1.2.run(TC1.2:20)
	at com.kms.katalon.core.main.ScriptEngine.run(ScriptEngine.java:194)
	at com.kms.katalon.core.main.ScriptEngine.runScriptAsRawText(ScriptEngine.java:119)
	at com.kms.katalon.core.main.TestCaseExecutor.runScript(TestCaseExecutor.java:490)
	at com.kms.katalon.core.main.TestCaseExecutor.doExecute(TestCaseExecutor.java:481)
	at com.kms.katalon.core.main.TestCaseExecutor.processExecutionPhase(TestCaseExecutor.java:460)
	at com.kms.katalon.core.main.TestCaseExecutor.accessMainPhase(TestCaseExecutor.java:452)
	at com.kms.katalon.core.main.TestCaseExecutor.execute(TestCaseExecutor.java:322)
	at com.kms.katalon.core.main.TestCaseExecutor.execute(TestCaseExecutor.java:410)
	at com.kms.katalon.core.main.TestCaseExecutor.execute(TestCaseExecutor.java:410)
	at com.kms.katalon.core.main.TestCaseExecutor.execute(TestCaseExecutor.java:410)
	at com.kms.katalon.core.common.CommonExecutor.accessTestCaseMainPhase(CommonExecutor.java:71)
	at com.kms.katalon.core.main.TestSuiteExecutor.accessTestSuiteMainPhase(TestSuiteExecutor.java:153)
	at com.kms.katalon.core.main.TestSuiteExecutor.execute(TestSuiteExecutor.java:110)
	at com.kms.katalon.core.main.TestCaseMain.startTestSuite(TestCaseMain.java:205)
	at TempTestSuite1767674856199.run(TempTestSuite1767674856199.groovy:35)
	at java.base/jdk.internal.reflect.NativeMethodAccessorImpl.invoke0(Native Method)
	at java.base/jdk.internal.reflect.NativeMethodAccessorImpl.invoke(NativeMethodAccessorImpl.java:77)
	at java.base/jdk.internal.reflect.DelegatingMethodAccessorImpl.invoke(DelegatingMethodAccessorImpl.java:43)
</message>
  <exception>
    <message>com.kms.katalon.core.exception.StepFailedException: Browser is not opened
Build info: version: '4.34.0', revision: '707dcb4246*'
System info: os.name: 'Windows 10', os.arch: 'amd64', os.version: '10.0', java.version: '17.0.14'
Driver info: driver.version: DriverFactory$getWebDriver</message>
    <frame>
      <class>com.kms.katalon.core.logging.XmlKeywordLogger</class>
      <method>logMessage</method>
      <line>512</line>
    </frame>
    <frame>
      <class>com.kms.katalon.core.logging.KeywordLogger</class>
      <method>logMessage</method>
      <line>447</line>
    </frame>
    <frame>
      <class>com.kms.katalon.core.main.TestCaseExecutor</class>
      <method>logError</method>
      <line>599</line>
    </frame>
    <frame>
      <class>com.kms.katalon.core.main.TestCaseExecutor</class>
      <method>onExecutionError</method>
      <line>187</line>
    </frame>
    <frame>
      <class>com.kms.katalon.core.main.TestCaseExecutor</class>
      <method>processExecutionPhase</method>
      <line>470</line>
    </frame>
    <frame>
      <class>com.kms.katalon.core.main.TestCaseExecutor</class>
      <method>accessMainPhase</method>
      <line>452</line>
    </frame>
    <frame>
      <class>com.kms.katalon.core.main.TestCaseExecutor</class>
      <method>execute</method>
      <line>322</line>
    </frame>
    <frame>
      <class>com.kms.katalon.core.main.TestCaseExecutor</class>
      <method>execute</method>
      <line>410</line>
    </frame>
    <frame>
      <class>com.kms.katalon.core.main.TestCaseExecutor</class>
      <method>execute</method>
      <line>410</line>
    </frame>
    <frame>
      <class>com.kms.katalon.core.main.TestCaseExecutor</class>
      <method>execute</method>
      <line>410</line>
    </frame>
    <frame>
      <class>com.kms.katalon.core.common.CommonExecutor</class>
      <method>accessTestCaseMainPhase</method>
      <line>71</line>
    </frame>
    <frame>
      <class>com.kms.katalon.core.main.TestSuiteExecutor</class>
      <method>accessTestSuiteMainPhase</method>
      <line>153</line>
    </frame>
    <frame>
      <class>com.kms.katalon.core.main.TestSuiteExecutor</class>
      <method>execute</method>
      <line>110</line>
    </frame>
    <frame>
      <class>com.kms.katalon.core.main.TestCaseMain</class>
      <method>startTestSuite</method>
      <line>205</line>
    </frame>
    <frame>
      <class>org.codehaus.groovy.vmplugin.v8.IndyInterface</class>
      <method>fromCache</method>
      <line>318</line>
    </frame>
    <frame>
      <class>TempTestSuite1767674856199</class>
      <method>run</method>
      <line>35</line>
    </frame>
    <frame>
      <class>groovy.lang.GroovyShell</class>
      <method>runScriptOrMainOrTestOrRunnable</method>
      <line>254</line>
    </frame>
    <frame>
      <class>groovy.lang.GroovyShell</class>
      <method>run</method>
      <line>360</line>
    </frame>
    <frame>
      <class>groovy.lang.GroovyShell</class>
      <method>run</method>
      <line>349</line>
    </frame>
    <frame>
      <class>groovy.ui.GroovyMain</class>
      <method>processOnce</method>
      <line>652</line>
    </frame>
    <frame>
      <class>groovy.ui.GroovyMain</class>
      <method>run</method>
      <line>398</line>
    </frame>
    <frame>
      <class>groovy.ui.GroovyMain</class>
      <method>access$1400</method>
      <line>68</line>
    </frame>
    <frame>
      <class>groovy.ui.GroovyMain$GroovyCommand</class>
      <method>process</method>
      <line>322</line>
    </frame>
    <frame>
      <class>groovy.ui.GroovyMain</class>
      <method>processArgs</method>
      <line>142</line>
    </frame>
    <frame>
      <class>groovy.ui.GroovyMain</class>
      <method>main</method>
      <line>115</line>
    </frame>
    <frame>
      <class>jdk.internal.reflect.NativeMethodAccessorImpl</class>
      <method>invoke0</method>
    </frame>
    <frame>
      <class>jdk.internal.reflect.NativeMethodAccessorImpl</class>
      <method>invoke</method>
      <line>77</line>
    </frame>
    <frame>
      <class>jdk.internal.reflect.DelegatingMethodAccessorImpl</class>
      <method>invoke</method>
      <line>43</line>
    </frame>
    <frame>
      <class>java.lang.reflect.Method</class>
      <method>invoke</method>
      <line>569</line>
    </frame>
    <frame>
      <class>org.codehaus.groovy.tools.GroovyStarter</class>
      <method>rootLoader</method>
      <line>117</line>
    </frame>
    <frame>
      <class>org.codehaus.groovy.tools.GroovyStarter</class>
      <method>main</method>
      <line>39</line>
    </frame>
  </exception>
  <nestedLevel>0</nestedLevel>
  <escapedJava>false</escapedJava>
  <property name="failed.exception.stacktrace">com.kms.katalon.core.webui.exception.BrowserNotOpenedException: Browser is not opened
Build info: version: &apos;4.34.0&apos;, revision: &apos;707dcb4246*&apos;
System info: os.name: &apos;Windows 10&apos;, os.arch: &apos;amd64&apos;, os.version: &apos;10.0&apos;, java.version: &apos;17.0.14&apos;
Driver info: driver.version: DriverFactory$getWebDriver
	at com.kms.katalon.core.webui.driver.DriverFactory.verifyWebDriverIsOpen(DriverFactory.java:587)
	at com.kms.katalon.core.webui.driver.DriverFactory.verifyWebDriver(DriverFactory.java:572)
	at com.kms.katalon.core.webui.driver.DriverFactory.getWebDriver(DriverFactory.java:546)
	at com.kms.katalon.core.webui.driver.DriverFactory$getWebDriver.call(Unknown Source)
	at com.kms.katalon.core.webui.keyword.builtin.WaitForElementVisibleKeyword.waitForElementVisible(WaitForElementVisibleKeyword.groovy:73)
	at com.kms.katalon.core.webui.keyword.builtin.WaitForElementVisibleKeyword.execute(WaitForElementVisibleKeyword.groovy:69)
	at com.kms.katalon.core.keyword.internal.KeywordExecutor.executeKeywordForPlatform(KeywordExecutor.groovy:90)
	at com.kms.katalon.core.webui.keyword.WebUiBuiltInKeywords.waitForElementVisible(WebUiBuiltInKeywords.groovy:514)
	at TC1.2.run(TC1.2:20)
	at com.kms.katalon.core.main.ScriptEngine.run(ScriptEngine.java:194)
	at com.kms.katalon.core.main.ScriptEngine.runScriptAsRawText(ScriptEngine.java:119)
	at com.kms.katalon.core.main.TestCaseExecutor.runScript(TestCaseExecutor.java:490)
	at com.kms.katalon.core.main.TestCaseExecutor.doExecute(TestCaseExecutor.java:481)
	at com.kms.katalon.core.main.TestCaseExecutor.processExecutionPhase(TestCaseExecutor.java:460)
	at com.kms.katalon.core.main.TestCaseExecutor.accessMainPhase(TestCaseExecutor.java:452)
	at com.kms.katalon.core.main.TestCaseExecutor.execute(TestCaseExecutor.java:322)
	at com.kms.katalon.core.main.TestCaseExecutor.execute(TestCaseExecutor.java:410)
	at com.kms.katalon.core.main.TestCaseExecutor.execute(TestCaseExecutor.java:410)
	at com.kms.katalon.core.main.TestCaseExecutor.execute(TestCaseExecutor.java:410)
	at com.kms.katalon.core.common.CommonExecutor.accessTestCaseMainPhase(CommonExecutor.java:71)
	at com.kms.katalon.core.main.TestSuiteExecutor.accessTestSuiteMainPhase(TestSuiteExecutor.java:153)
	at com.kms.katalon.core.main.TestSuiteExecutor.execute(TestSuiteExecutor.java:110)
	at com.kms.katalon.core.main.TestCaseMain.startTestSuite(TestCaseMain.java:205)
	at TempTestSuite1767674856199.run(TempTestSuite1767674856199.groovy:35)
	at java.base/jdk.internal.reflect.NativeMethodAccessorImpl.invoke0(Native Method)
	at java.base/jdk.internal.reflect.NativeMethodAccessorImpl.invoke(NativeMethodAccessorImpl.java:77)
	at java.base/jdk.internal.reflect.DelegatingMethodAccessorImpl.invoke(DelegatingMethodAccessorImpl.java:43)
</property>
  <property name="failed.exception.class">com.kms.katalon.core.webui.exception.BrowserNotOpenedException</property>
  <property name="failed.exception.message">Browser is not opened
Build info: version: &apos;4.34.0&apos;, revision: &apos;707dcb4246*&apos;
System info: os.name: &apos;Windows 10&apos;, os.arch: &apos;amd64&apos;, os.version: &apos;10.0&apos;, java.version: &apos;17.0.14&apos;
Driver info: driver.version: DriverFactory$getWebDriver</property>
</record>
<record>
  <date>2026-01-06T04:47:44.992961500Z</date>
  <millis>1767674864992</millis>
  <nanos>961500</nanos>
  <sequence>286</sequence>
  <level>END</level>
  <class>com.kms.katalon.core.logging.XmlKeywordLogger</class>
  <method>endTest</method>
  <thread>1</thread>
  <message>End Test Case : Test Cases/CO/TC1.2</message>
  <nestedLevel>0</nestedLevel>
  <escapedJava>false</escapedJava>
  <property name="executionBindingVariables">[]</property>
  <property name="applitools">false</property>
  <property name="remainingRetryCount">0</property>
  <property name="executedKeywords">{
  &quot;WebUI.waitForElementVisible&quot;: 1
}</property>
  <property name="currentRetryCount">3</property>
  <property name="keywordsUsage">{
  &quot;web_ui&quot;: true,
  &quot;web_service&quot;: false,
  &quot;cucumber&quot;: false,
  &quot;builtin&quot;: false,
  &quot;mobile&quot;: false,
  &quot;windows&quot;: false,
  &quot;testng&quot;: false
}</property>
</record>
<record>
  <date>2026-01-06T04:47:45.070957500Z</date>
  <millis>1767674865070</millis>
  <nanos>957500</nanos>
  <sequence>287</sequence>
  <level>END</level>
  <class>com.kms.katalon.core.logging.XmlKeywordLogger</class>
  <method>endSuite</method>
  <thread>1</thread>
  <message>End Test Suite : Test Suites/TC_CO</message>
  <nestedLevel>0</nestedLevel>
  <escapedJava>false</escapedJava>
</record>
</log>
