<?xml version="1.0" encoding="UTF-8" standalone="no"?>
<!DOCTYPE log SYSTEM "logger.dtd">
<log>
<record>
  <date>2026-01-06T02:47:15.126678700Z</date>
  <millis>1767667635126</millis>
  <nanos>678700</nanos>
  <sequence>0</sequence>
  <level>START</level>
  <class>com.kms.katalon.core.logging.XmlKeywordLogger</class>
  <method>startSuite</method>
  <thread>1</thread>
  <message>Start Test Suite : Test Suites/TS_OP</message>
  <nestedLevel>0</nestedLevel>
  <escapedJava>false</escapedJava>
  <property name="rerunTestFailImmediately">true</property>
  <property name="retryCount">3</property>
  <property name="name">TS_OP</property>
  <property name="description"></property>
  <property name="id">Test Suites/TS_OP</property>
</record>
<record>
  <date>2026-01-06T02:47:15.152692200Z</date>
  <millis>1767667635152</millis>
  <nanos>692200</nanos>
  <sequence>1</sequence>
  <level>RUN_DATA</level>
  <class>com.kms.katalon.core.logging.XmlKeywordLogger</class>
  <method>logMessage</method>
  <thread>1</thread>
  <message>userFullName = Cong Thanh</message>
  <nestedLevel>0</nestedLevel>
  <escapedJava>false</escapedJava>
  <property name="userFullName">Cong Thanh</property>
</record>
<record>
  <date>2026-01-06T02:47:15.153680900Z</date>
  <millis>1767667635153</millis>
  <nanos>680900</nanos>
  <sequence>2</sequence>
  <level>RUN_DATA</level>
  <class>com.kms.katalon.core.logging.XmlKeywordLogger</class>
  <method>logMessage</method>
  <thread>1</thread>
  <message>projectName = magiq</message>
  <nestedLevel>0</nestedLevel>
  <escapedJava>false</escapedJava>
  <property name="projectName">magiq</property>
</record>
<record>
  <date>2026-01-06T02:47:15.154678300Z</date>
  <millis>1767667635154</millis>
  <nanos>678300</nanos>
  <sequence>3</sequence>
  <level>RUN_DATA</level>
  <class>com.kms.katalon.core.logging.XmlKeywordLogger</class>
  <method>logMessage</method>
  <thread>1</thread>
  <message>hostName = Administrator - WINDOWS-10</message>
  <nestedLevel>0</nestedLevel>
  <escapedJava>false</escapedJava>
  <property name="hostName">Administrator - WINDOWS-10</property>
</record>
<record>
  <date>2026-01-06T02:47:15.154678300Z</date>
  <millis>1767667635154</millis>
  <nanos>678300</nanos>
  <sequence>4</sequence>
  <level>RUN_DATA</level>
  <class>com.kms.katalon.core.logging.XmlKeywordLogger</class>
  <method>logMessage</method>
  <thread>1</thread>
  <message>os = Windows 10 64bit</message>
  <nestedLevel>0</nestedLevel>
  <escapedJava>false</escapedJava>
  <property name="os">Windows 10 64bit</property>
</record>
<record>
  <date>2026-01-06T02:47:15.155678600Z</date>
  <millis>1767667635155</millis>
  <nanos>678600</nanos>
  <sequence>5</sequence>
  <level>RUN_DATA</level>
  <class>com.kms.katalon.core.logging.XmlKeywordLogger</class>
  <method>logMessage</method>
  <thread>1</thread>
  <message>hostAddress = 192.168.126.20</message>
  <nestedLevel>0</nestedLevel>
  <escapedJava>false</escapedJava>
  <property name="hostAddress">192.168.126.20</property>
</record>
<record>
  <date>2026-01-06T02:47:15.156687200Z</date>
  <millis>1767667635156</millis>
  <nanos>687200</nanos>
  <sequence>6</sequence>
  <level>RUN_DATA</level>
  <class>com.kms.katalon.core.logging.XmlKeywordLogger</class>
  <method>logMessage</method>
  <thread>1</thread>
  <message>katalonVersion = 10.4.2.0</message>
  <nestedLevel>0</nestedLevel>
  <escapedJava>false</escapedJava>
  <property name="katalonVersion">10.4.2.0</property>
</record>
<record>
  <date>2026-01-06T02:47:15.609680700Z</date>
  <millis>1767667635609</millis>
  <nanos>680700</nanos>
  <sequence>7</sequence>
  <level>START</level>
  <class>com.kms.katalon.core.logging.XmlKeywordLogger</class>
  <method>startKeyword</method>
  <thread>1</thread>
  <message>Start setup action : setUp</message>
  <nestedLevel>0</nestedLevel>
  <escapedJava>false</escapedJava>
  <property name="isIgnoredIfFailed">false</property>
</record>
<record>
  <date>2026-01-06T02:47:15.897677Z</date>
  <millis>1767667635897</millis>
  <nanos>677000</nanos>
  <sequence>8</sequence>
  <level>START</level>
  <class>com.kms.katalon.core.logging.XmlKeywordLogger</class>
  <method>startKeyword</method>
  <thread>1</thread>
  <message>Start action : args = [&amp;quot;--user-data-dir=C:\QA\Profiles\KatalonChrome&amp;quot;, &amp;quot;--profile-directory=Default&amp;quot;]</message>
  <nestedLevel>1</nestedLevel>
  <escapedJava>false</escapedJava>
  <property name="startLine">38</property>
  <property name="stepIndex">1</property>
</record>
<record>
  <date>2026-01-06T02:47:15.901679800Z</date>
  <millis>1767667635901</millis>
  <nanos>679800</nanos>
  <sequence>9</sequence>
  <level>END</level>
  <class>com.kms.katalon.core.logging.XmlKeywordLogger</class>
  <method>endKeyword</method>
  <thread>1</thread>
  <message>End action : args = [&amp;quot;--user-data-dir=C:\QA\Profiles\KatalonChrome&amp;quot;, &amp;quot;--profile-directory=Default&amp;quot;]</message>
  <nestedLevel>1</nestedLevel>
  <escapedJava>false</escapedJava>
</record>
<record>
  <date>2026-01-06T02:47:15.902680800Z</date>
  <millis>1767667635902</millis>
  <nanos>680800</nanos>
  <sequence>10</sequence>
  <level>START</level>
  <class>com.kms.katalon.core.logging.XmlKeywordLogger</class>
  <method>startKeyword</method>
  <thread>1</thread>
  <message>Start action : setWebDriverPreferencesProperty(&amp;quot;args&amp;quot;, args)</message>
  <nestedLevel>1</nestedLevel>
  <escapedJava>false</escapedJava>
  <property name="startLine">42</property>
  <property name="stepIndex">2</property>
</record>
<record>
  <date>2026-01-06T02:47:15.908683100Z</date>
  <millis>1767667635908</millis>
  <nanos>683100</nanos>
  <sequence>11</sequence>
  <level>END</level>
  <class>com.kms.katalon.core.logging.XmlKeywordLogger</class>
  <method>endKeyword</method>
  <thread>1</thread>
  <message>End action : setWebDriverPreferencesProperty(&amp;quot;args&amp;quot;, args)</message>
  <nestedLevel>1</nestedLevel>
  <escapedJava>false</escapedJava>
</record>
<record>
  <date>2026-01-06T02:47:15.933678400Z</date>
  <millis>1767667635933</millis>
  <nanos>678400</nanos>
  <sequence>13</sequence>
  <level>PASSED</level>
  <class>com.kms.katalon.core.logging.XmlKeywordLogger</class>
  <method>logMessage</method>
  <thread>1</thread>
  <message>Method &amp;apos;setUp&amp;apos; complete successfully</message>
  <nestedLevel>0</nestedLevel>
  <escapedJava>false</escapedJava>
  <property name="testops-execution-stacktrace">com.kms.katalon.core.logging.KeywordLogger.logPassed(KeywordLogger.java:332)
com.kms.katalon.core.logging.KeywordLogger.logPassed(KeywordLogger.java:346)
com.kms.katalon.core.main.TestSuiteExecutor.runMethod(TestSuiteExecutor.java:244)
com.kms.katalon.core.main.TestSuiteExecutor.lambda$0(TestSuiteExecutor.java:204)
com.kms.katalon.core.main.TestSuiteExecutor.invokeTestSuiteMethod(TestSuiteExecutor.java:203)
com.kms.katalon.core.main.TestSuiteExecutor.accessTestSuiteMainPhase(TestSuiteExecutor.java:137)
com.kms.katalon.core.main.TestSuiteExecutor.execute(TestSuiteExecutor.java:110)
com.kms.katalon.core.main.TestCaseMain.startTestSuite(TestCaseMain.java:205)
TempTestSuite1767667621470.run(TempTestSuite1767667621470.groovy:35)
java.base/jdk.internal.reflect.NativeMethodAccessorImpl.invoke0(Native Method)
java.base/jdk.internal.reflect.NativeMethodAccessorImpl.invoke(NativeMethodAccessorImpl.java:77)
java.base/jdk.internal.reflect.DelegatingMethodAccessorImpl.invoke(DelegatingMethodAccessorImpl.java:43)
</property>
</record>
<record>
  <date>2026-01-06T02:47:15.935680800Z</date>
  <millis>1767667635935</millis>
  <nanos>680800</nanos>
  <sequence>14</sequence>
  <level>END</level>
  <class>com.kms.katalon.core.logging.XmlKeywordLogger</class>
  <method>endKeyword</method>
  <thread>1</thread>
  <message>End End action : setUp</message>
  <nestedLevel>0</nestedLevel>
  <escapedJava>false</escapedJava>
</record>
<record>
  <date>2026-01-06T02:47:16.435677600Z</date>
  <millis>1767667636435</millis>
  <nanos>677600</nanos>
  <sequence>15</sequence>
  <level>START</level>
  <class>com.kms.katalon.core.logging.XmlKeywordLogger</class>
  <method>startTest</method>
  <thread>1</thread>
  <message>Start Test Case : Test Cases/OP/OP1.1</message>
  <nestedLevel>1</nestedLevel>
  <escapedJava>false</escapedJava>
  <property name="remainingRetryCount">3</property>
  <property name="origin"></property>
  <property name="name">Test Cases/OP/OP1.1</property>
  <property name="description"></property>
  <property name="iteration"></property>
  <property name="id">Test Cases/OP/OP1.1</property>
  <property name="source">C:\Users\Administrator\git\magiq\Test Cases\OP\OP1.1.tc</property>
  <property name="tag"></property>
  <property name="isOptional">false</property>
  <property name="currentRetryCount">0</property>
</record>
<record>
  <date>2026-01-06T02:47:16.892678100Z</date>
  <millis>1767667636892</millis>
  <nanos>678100</nanos>
  <sequence>17</sequence>
  <level>START</level>
  <class>com.kms.katalon.core.logging.XmlKeywordLogger</class>
  <method>startKeyword</method>
  <thread>1</thread>
  <message>Start action : callTestCase(findTestCase(&amp;quot;Login/LG-01&amp;quot;), [:], STOP_ON_FAILURE)</message>
  <nestedLevel>1</nestedLevel>
  <escapedJava>false</escapedJava>
  <property name="startLine">20</property>
  <property name="stepIndex">1</property>
</record>
<record>
  <date>2026-01-06T02:47:17.118677Z</date>
  <millis>1767667637118</millis>
  <nanos>677000</nanos>
  <sequence>21</sequence>
  <level>START</level>
  <class>com.kms.katalon.core.logging.XmlKeywordLogger</class>
  <method>startTest</method>
  <thread>1</thread>
  <message>Start Test Case : Test Cases/Login/LG-01</message>
  <nestedLevel>2</nestedLevel>
  <escapedJava>false</escapedJava>
  <property name="origin"></property>
  <property name="name">Test Cases/Login/LG-01</property>
  <property name="description"></property>
  <property name="iteration"></property>
  <property name="id">Test Cases/Login/LG-01</property>
  <property name="source">C:\Users\Administrator\git\magiq\Test Cases\Login\LG-01.tc</property>
  <property name="tag"></property>
  <property name="isOptional">false</property>
</record>
<record>
  <date>2026-01-06T02:47:17.430678800Z</date>
  <millis>1767667637430</millis>
  <nanos>678800</nanos>
  <sequence>23</sequence>
  <level>START</level>
  <class>com.kms.katalon.core.logging.XmlKeywordLogger</class>
  <method>startKeyword</method>
  <thread>1</thread>
  <message>Start action : LOCAL_PAGELOAD = 300</message>
  <nestedLevel>1</nestedLevel>
  <escapedJava>false</escapedJava>
  <property name="startLine">10</property>
  <property name="stepIndex">1</property>
</record>
<record>
  <date>2026-01-06T02:47:17.433678900Z</date>
  <millis>1767667637433</millis>
  <nanos>678900</nanos>
  <sequence>24</sequence>
  <level>END</level>
  <class>com.kms.katalon.core.logging.XmlKeywordLogger</class>
  <method>endKeyword</method>
  <thread>1</thread>
  <message>End action : LOCAL_PAGELOAD = 300</message>
  <nestedLevel>1</nestedLevel>
  <escapedJava>false</escapedJava>
</record>
<record>
  <date>2026-01-06T02:47:17.435680500Z</date>
  <millis>1767667637435</millis>
  <nanos>680500</nanos>
  <sequence>25</sequence>
  <level>START</level>
  <class>com.kms.katalon.core.logging.XmlKeywordLogger</class>
  <method>startKeyword</method>
  <thread>1</thread>
  <message>Start action : WAIT_ELEMENT_BEFORE_RELOAD = 120</message>
  <nestedLevel>1</nestedLevel>
  <escapedJava>false</escapedJava>
  <property name="startLine">11</property>
  <property name="stepIndex">2</property>
</record>
<record>
  <date>2026-01-06T02:47:17.438685400Z</date>
  <millis>1767667637438</millis>
  <nanos>685400</nanos>
  <sequence>26</sequence>
  <level>END</level>
  <class>com.kms.katalon.core.logging.XmlKeywordLogger</class>
  <method>endKeyword</method>
  <thread>1</thread>
  <message>End action : WAIT_ELEMENT_BEFORE_RELOAD = 120</message>
  <nestedLevel>1</nestedLevel>
  <escapedJava>false</escapedJava>
</record>
<record>
  <date>2026-01-06T02:47:17.439683700Z</date>
  <millis>1767667637439</millis>
  <nanos>683700</nanos>
  <sequence>27</sequence>
  <level>START</level>
  <class>com.kms.katalon.core.logging.XmlKeywordLogger</class>
  <method>startKeyword</method>
  <thread>1</thread>
  <message>Start action : MAX_RELOAD_ATTEMPTS = 5</message>
  <nestedLevel>1</nestedLevel>
  <escapedJava>false</escapedJava>
  <property name="startLine">12</property>
  <property name="stepIndex">3</property>
</record>
<record>
  <date>2026-01-06T02:47:17.442678300Z</date>
  <millis>1767667637442</millis>
  <nanos>678300</nanos>
  <sequence>28</sequence>
  <level>END</level>
  <class>com.kms.katalon.core.logging.XmlKeywordLogger</class>
  <method>endKeyword</method>
  <thread>1</thread>
  <message>End action : MAX_RELOAD_ATTEMPTS = 5</message>
  <nestedLevel>1</nestedLevel>
  <escapedJava>false</escapedJava>
</record>
<record>
  <date>2026-01-06T02:47:17.444679700Z</date>
  <millis>1767667637444</millis>
  <nanos>679700</nanos>
  <sequence>29</sequence>
  <level>START</level>
  <class>com.kms.katalon.core.logging.XmlKeywordLogger</class>
  <method>startKeyword</method>
  <thread>1</thread>
  <message>Start action : AFTER_LOGIN_WAIT = 120</message>
  <nestedLevel>1</nestedLevel>
  <escapedJava>false</escapedJava>
  <property name="startLine">13</property>
  <property name="stepIndex">4</property>
</record>
<record>
  <date>2026-01-06T02:47:17.448678300Z</date>
  <millis>1767667637448</millis>
  <nanos>678300</nanos>
  <sequence>30</sequence>
  <level>END</level>
  <class>com.kms.katalon.core.logging.XmlKeywordLogger</class>
  <method>endKeyword</method>
  <thread>1</thread>
  <message>End action : AFTER_LOGIN_WAIT = 120</message>
  <nestedLevel>1</nestedLevel>
  <escapedJava>false</escapedJava>
</record>
<record>
  <date>2026-01-06T02:47:17.450682300Z</date>
  <millis>1767667637450</millis>
  <nanos>682300</nanos>
  <sequence>31</sequence>
  <level>START</level>
  <class>com.kms.katalon.core.logging.XmlKeywordLogger</class>
  <method>startKeyword</method>
  <thread>1</thread>
  <message>Start action : SHORT = 5</message>
  <nestedLevel>1</nestedLevel>
  <escapedJava>false</escapedJava>
  <property name="startLine">14</property>
  <property name="stepIndex">5</property>
</record>
<record>
  <date>2026-01-06T02:47:17.456680800Z</date>
  <millis>1767667637456</millis>
  <nanos>680800</nanos>
  <sequence>32</sequence>
  <level>END</level>
  <class>com.kms.katalon.core.logging.XmlKeywordLogger</class>
  <method>endKeyword</method>
  <thread>1</thread>
  <message>End action : SHORT = 5</message>
  <nestedLevel>1</nestedLevel>
  <escapedJava>false</escapedJava>
</record>
<record>
  <date>2026-01-06T02:47:17.457678600Z</date>
  <millis>1767667637457</millis>
  <nanos>678600</nanos>
  <sequence>33</sequence>
  <level>START</level>
  <class>com.kms.katalon.core.logging.XmlKeywordLogger</class>
  <method>startKeyword</method>
  <thread>1</thread>
  <message>Start action : MEDIUM = 15</message>
  <nestedLevel>1</nestedLevel>
  <escapedJava>false</escapedJava>
  <property name="startLine">15</property>
  <property name="stepIndex">6</property>
</record>
<record>
  <date>2026-01-06T02:47:17.461683900Z</date>
  <millis>1767667637461</millis>
  <nanos>683900</nanos>
  <sequence>34</sequence>
  <level>END</level>
  <class>com.kms.katalon.core.logging.XmlKeywordLogger</class>
  <method>endKeyword</method>
  <thread>1</thread>
  <message>End action : MEDIUM = 15</message>
  <nestedLevel>1</nestedLevel>
  <escapedJava>false</escapedJava>
</record>
<record>
  <date>2026-01-06T02:47:17.463680200Z</date>
  <millis>1767667637463</millis>
  <nanos>680200</nanos>
  <sequence>35</sequence>
  <level>START</level>
  <class>com.kms.katalon.core.logging.XmlKeywordLogger</class>
  <method>startKeyword</method>
  <thread>1</thread>
  <message>Start action : LONG = 30</message>
  <nestedLevel>1</nestedLevel>
  <escapedJava>false</escapedJava>
  <property name="startLine">16</property>
  <property name="stepIndex">7</property>
</record>
<record>
  <date>2026-01-06T02:47:17.467678300Z</date>
  <millis>1767667637467</millis>
  <nanos>678300</nanos>
  <sequence>36</sequence>
  <level>END</level>
  <class>com.kms.katalon.core.logging.XmlKeywordLogger</class>
  <method>endKeyword</method>
  <thread>1</thread>
  <message>End action : LONG = 30</message>
  <nestedLevel>1</nestedLevel>
  <escapedJava>false</escapedJava>
</record>
<record>
  <date>2026-01-06T02:47:17.468679500Z</date>
  <millis>1767667637468</millis>
  <nanos>679500</nanos>
  <sequence>37</sequence>
  <level>START</level>
  <class>com.kms.katalon.core.logging.XmlKeywordLogger</class>
  <method>startKeyword</method>
  <thread>1</thread>
  <message>Start action : openBrowser(&amp;quot;&amp;quot;)</message>
  <nestedLevel>1</nestedLevel>
  <escapedJava>false</escapedJava>
  <property name="startLine">19</property>
  <property name="stepIndex">8</property>
</record>
<record>
  <date>2026-01-06T02:47:17.712679200Z</date>
  <millis>1767667637712</millis>
  <nanos>679200</nanos>
  <sequence>40</sequence>
  <level>INFO</level>
  <class>com.kms.katalon.core.logging.XmlKeywordLogger</class>
  <method>logMessage</method>
  <thread>1</thread>
  <message>Starting &amp;apos;Chrome&amp;apos; driver</message>
  <nestedLevel>2</nestedLevel>
  <escapedJava>false</escapedJava>
</record>
<record>
  <date>2026-01-06T02:47:17.724677100Z</date>
  <millis>1767667637724</millis>
  <nanos>677100</nanos>
  <sequence>41</sequence>
  <level>INFO</level>
  <class>com.kms.katalon.core.logging.XmlKeywordLogger</class>
  <method>logMessage</method>
  <thread>1</thread>
  <message>User set preference: [&amp;apos;args&amp;apos;, &amp;apos;[--user-data-dir=C:\QA\Profiles\KatalonChrome, --profile-directory=Default]&amp;apos;]</message>
  <nestedLevel>2</nestedLevel>
  <escapedJava>false</escapedJava>
</record>
<record>
  <date>2026-01-06T02:47:17.790674400Z</date>
  <millis>1767667637790</millis>
  <nanos>674400</nanos>
  <sequence>42</sequence>
  <level>INFO</level>
  <class>com.kms.katalon.core.logging.XmlKeywordLogger</class>
  <method>logMessage</method>
  <thread>1</thread>
  <message>Action delay is set to 0 milliseconds</message>
  <nestedLevel>2</nestedLevel>
  <escapedJava>false</escapedJava>
</record>
<record>
  <date>2026-01-06T02:47:20.134081Z</date>
  <millis>1767667640134</millis>
  <nanos>81000</nanos>
  <sequence>45</sequence>
  <level>RUN_DATA</level>
  <class>com.kms.katalon.core.logging.XmlKeywordLogger</class>
  <method>logMessage</method>
  <thread>1</thread>
  <message>sessionId = f446e14bb17e99570a8ea9913ad68ef5</message>
  <nestedLevel>2</nestedLevel>
  <escapedJava>false</escapedJava>
  <property name="sessionId">f446e14bb17e99570a8ea9913ad68ef5</property>
</record>
<record>
  <date>2026-01-06T02:47:20.136080Z</date>
  <millis>1767667640136</millis>
  <nanos>80000</nanos>
  <sequence>46</sequence>
  <level>RUN_DATA</level>
  <class>com.kms.katalon.core.logging.XmlKeywordLogger</class>
  <method>logMessage</method>
  <thread>1</thread>
  <message>browser = Chrome 143.0.7499.170</message>
  <nestedLevel>2</nestedLevel>
  <escapedJava>false</escapedJava>
  <property name="browser">Chrome 143.0.7499.170</property>
</record>
<record>
  <date>2026-01-06T02:47:20.137090Z</date>
  <millis>1767667640137</millis>
  <nanos>90000</nanos>
  <sequence>47</sequence>
  <level>RUN_DATA</level>
  <class>com.kms.katalon.core.logging.XmlKeywordLogger</class>
  <method>logMessage</method>
  <thread>1</thread>
  <message>platform = Windows 10</message>
  <nestedLevel>2</nestedLevel>
  <escapedJava>false</escapedJava>
  <property name="platform">Windows 10</property>
</record>
<record>
  <date>2026-01-06T02:47:20.139078900Z</date>
  <millis>1767667640139</millis>
  <nanos>78900</nanos>
  <sequence>48</sequence>
  <level>RUN_DATA</level>
  <class>com.kms.katalon.core.logging.XmlKeywordLogger</class>
  <method>logMessage</method>
  <thread>1</thread>
  <message>seleniumVersion = 4.34.0</message>
  <nestedLevel>2</nestedLevel>
  <escapedJava>false</escapedJava>
  <property name="seleniumVersion">4.34.0</property>
</record>
<record>
  <date>2026-01-06T02:47:20.157079100Z</date>
  <millis>1767667640157</millis>
  <nanos>79100</nanos>
  <sequence>49</sequence>
  <level>RUN_DATA</level>
  <class>com.kms.katalon.core.logging.XmlKeywordLogger</class>
  <method>logMessage</method>
  <thread>1</thread>
  <message>proxyInformation = ProxyInformation { proxyOption=NO_PROXY, proxyServerType=HTTP, username=, password=********, proxyServerAddress=, proxyServerPort=0, executionList=&amp;quot;&amp;quot;, isApplyToDesiredCapabilities=true }</message>
  <nestedLevel>2</nestedLevel>
  <escapedJava>false</escapedJava>
  <property name="proxyInformation">ProxyInformation { proxyOption=NO_PROXY, proxyServerType=HTTP, username=, password=********, proxyServerAddress=, proxyServerPort=0, executionList=&quot;&quot;, isApplyToDesiredCapabilities=true }</property>
</record>
<record>
  <date>2026-01-06T02:47:20.226076100Z</date>
  <millis>1767667640226</millis>
  <nanos>76100</nanos>
  <sequence>50</sequence>
  <level>PASSED</level>
  <class>com.kms.katalon.core.logging.XmlKeywordLogger</class>
  <method>logMessage</method>
  <thread>1</thread>
  <message>Browser is opened with url: &amp;apos;&amp;apos;</message>
  <nestedLevel>2</nestedLevel>
  <escapedJava>false</escapedJava>
  <property name="testops-method-name">com.kms.katalon.core.webui.keyword.builtin.OpenBrowserKeyword.openBrowser</property>
  <property name="testops-execution-stacktrace"></property>
</record>
<record>
  <date>2026-01-06T02:47:20.231081500Z</date>
  <millis>1767667640231</millis>
  <nanos>81500</nanos>
  <sequence>51</sequence>
  <level>END</level>
  <class>com.kms.katalon.core.logging.XmlKeywordLogger</class>
  <method>endKeyword</method>
  <thread>1</thread>
  <message>End action : openBrowser(&amp;quot;&amp;quot;)</message>
  <nestedLevel>1</nestedLevel>
  <escapedJava>false</escapedJava>
</record>
<record>
  <date>2026-01-06T02:47:20.232084700Z</date>
  <millis>1767667640232</millis>
  <nanos>84700</nanos>
  <sequence>52</sequence>
  <level>START</level>
  <class>com.kms.katalon.core.logging.XmlKeywordLogger</class>
  <method>startKeyword</method>
  <thread>1</thread>
  <message>Start action : maximizeWindow()</message>
  <nestedLevel>1</nestedLevel>
  <escapedJava>false</escapedJava>
  <property name="startLine">20</property>
  <property name="stepIndex">9</property>
</record>
<record>
  <date>2026-01-06T02:47:20.284078800Z</date>
  <millis>1767667640284</millis>
  <nanos>78800</nanos>
  <sequence>55</sequence>
  <level>PASSED</level>
  <class>com.kms.katalon.core.logging.XmlKeywordLogger</class>
  <method>logMessage</method>
  <thread>1</thread>
  <message>Current window maximized</message>
  <nestedLevel>2</nestedLevel>
  <escapedJava>false</escapedJava>
  <property name="testops-method-name">com.kms.katalon.core.webui.keyword.builtin.MaximizeWindowKeyword.maximizeWindow</property>
  <property name="testops-execution-stacktrace"></property>
</record>
<record>
  <date>2026-01-06T02:47:20.287074600Z</date>
  <millis>1767667640287</millis>
  <nanos>74600</nanos>
  <sequence>56</sequence>
  <level>END</level>
  <class>com.kms.katalon.core.logging.XmlKeywordLogger</class>
  <method>endKeyword</method>
  <thread>1</thread>
  <message>End action : maximizeWindow()</message>
  <nestedLevel>1</nestedLevel>
  <escapedJava>false</escapedJava>
</record>
<record>
  <date>2026-01-06T02:47:20.288082500Z</date>
  <millis>1767667640288</millis>
  <nanos>82500</nanos>
  <sequence>57</sequence>
  <level>START</level>
  <class>com.kms.katalon.core.logging.XmlKeywordLogger</class>
  <method>startKeyword</method>
  <thread>1</thread>
  <message>Start action : navigateToUrl(&amp;quot;https://qa.engagement.magiqdev.cloud/login&amp;quot;)</message>
  <nestedLevel>1</nestedLevel>
  <escapedJava>false</escapedJava>
  <property name="startLine">22</property>
  <property name="stepIndex">10</property>
</record>
<record>
  <date>2026-01-06T02:47:22.088854400Z</date>
  <millis>1767667642088</millis>
  <nanos>854400</nanos>
  <sequence>61</sequence>
  <level>PASSED</level>
  <class>com.kms.katalon.core.logging.XmlKeywordLogger</class>
  <method>logMessage</method>
  <thread>1</thread>
  <message>Navigate to &amp;apos;https://qa.engagement.magiqdev.cloud/login&amp;apos; successfully</message>
  <nestedLevel>2</nestedLevel>
  <escapedJava>false</escapedJava>
  <property name="testops-method-name">com.kms.katalon.core.webui.keyword.builtin.NavigateToUrlKeyword.navigateToUrl</property>
  <property name="testops-execution-stacktrace"></property>
</record>
<record>
  <date>2026-01-06T02:47:22.091846500Z</date>
  <millis>1767667642091</millis>
  <nanos>846500</nanos>
  <sequence>62</sequence>
  <level>END</level>
  <class>com.kms.katalon.core.logging.XmlKeywordLogger</class>
  <method>endKeyword</method>
  <thread>1</thread>
  <message>End action : navigateToUrl(&amp;quot;https://qa.engagement.magiqdev.cloud/login&amp;quot;)</message>
  <nestedLevel>1</nestedLevel>
  <escapedJava>false</escapedJava>
</record>
<record>
  <date>2026-01-06T02:47:22.092846600Z</date>
  <millis>1767667642092</millis>
  <nanos>846600</nanos>
  <sequence>63</sequence>
  <level>START</level>
  <class>com.kms.katalon.core.logging.XmlKeywordLogger</class>
  <method>startKeyword</method>
  <thread>1</thread>
  <message>Start action : waitForPageLoad(LOCAL_PAGELOAD)</message>
  <nestedLevel>1</nestedLevel>
  <escapedJava>false</escapedJava>
  <property name="startLine">23</property>
  <property name="stepIndex">11</property>
</record>
<record>
  <date>2026-01-06T02:47:22.316844500Z</date>
  <millis>1767667642316</millis>
  <nanos>844500</nanos>
  <sequence>67</sequence>
  <level>PASSED</level>
  <class>com.kms.katalon.core.logging.XmlKeywordLogger</class>
  <method>logMessage</method>
  <thread>1</thread>
  <message>Wait for page load successfully</message>
  <nestedLevel>2</nestedLevel>
  <escapedJava>false</escapedJava>
  <property name="testops-method-name">com.kms.katalon.core.webui.keyword.internal.WebUIKeywordMain$runKeyword.call</property>
  <property name="testops-execution-stacktrace">com.kms.katalon.core.logging.KeywordLogger.logPassed(KeywordLogger.java:332)
com.kms.katalon.core.logging.KeywordLogger.logPassed(KeywordLogger.java:327)
com.kms.katalon.core.logging.KeywordLogger$logPassed$0.call(Unknown Source)
com.kms.katalon.core.webui.keyword.builtin.WaitForPageLoadKeyword$_waitForPageLoad_closure1.doCall(WaitForPageLoadKeyword.groovy:94)
com.kms.katalon.core.webui.keyword.builtin.WaitForPageLoadKeyword$_waitForPageLoad_closure1.doCall(WaitForPageLoadKeyword.groovy)
java.base/jdk.internal.reflect.NativeMethodAccessorImpl.invoke0(Native Method)
java.base/jdk.internal.reflect.NativeMethodAccessorImpl.invoke(NativeMethodAccessorImpl.java:77)
java.base/jdk.internal.reflect.DelegatingMethodAccessorImpl.invoke(DelegatingMethodAccessorImpl.java:43)
com.kms.katalon.core.webui.keyword.internal.WebUIKeywordMain.runKeyword(WebUIKeywordMain.groovy:41)
com.kms.katalon.core.webui.keyword.internal.WebUIKeywordMain$runKeyword.call(Unknown Source)
com.kms.katalon.core.webui.keyword.builtin.WaitForPageLoadKeyword.waitForPageLoad(WaitForPageLoadKeyword.groovy:95)
com.kms.katalon.core.webui.keyword.builtin.WaitForPageLoadKeyword.execute(WaitForPageLoadKeyword.groovy:68)
com.kms.katalon.core.keyword.internal.KeywordExecutor.executeKeywordForPlatform(KeywordExecutor.groovy:90)
com.kms.katalon.core.webui.keyword.WebUiBuiltInKeywords.waitForPageLoad(WebUiBuiltInKeywords.groovy:2558)
LG-01.run(LG-01:23)
</property>
</record>
<record>
  <date>2026-01-06T02:47:22.319844400Z</date>
  <millis>1767667642319</millis>
  <nanos>844400</nanos>
  <sequence>68</sequence>
  <level>END</level>
  <class>com.kms.katalon.core.logging.XmlKeywordLogger</class>
  <method>endKeyword</method>
  <thread>1</thread>
  <message>End action : waitForPageLoad(LOCAL_PAGELOAD)</message>
  <nestedLevel>1</nestedLevel>
  <escapedJava>false</escapedJava>
</record>
<record>
  <date>2026-01-06T02:47:22.319844400Z</date>
  <millis>1767667642319</millis>
  <nanos>844400</nanos>
  <sequence>69</sequence>
  <level>START</level>
  <class>com.kms.katalon.core.logging.XmlKeywordLogger</class>
  <method>startKeyword</method>
  <thread>1</thread>
  <message>Start action : spanAdmin = new com.kms.katalon.core.testobject.TestObject(obj_span_admin_test_1)</message>
  <nestedLevel>1</nestedLevel>
  <escapedJava>false</escapedJava>
  <property name="startLine">29</property>
  <property name="stepIndex">12</property>
</record>
<record>
  <date>2026-01-06T02:47:22.351852400Z</date>
  <millis>1767667642351</millis>
  <nanos>852400</nanos>
  <sequence>70</sequence>
  <level>END</level>
  <class>com.kms.katalon.core.logging.XmlKeywordLogger</class>
  <method>endKeyword</method>
  <thread>1</thread>
  <message>End action : spanAdmin = new com.kms.katalon.core.testobject.TestObject(obj_span_admin_test_1)</message>
  <nestedLevel>1</nestedLevel>
  <escapedJava>false</escapedJava>
</record>
<record>
  <date>2026-01-06T02:47:22.352844600Z</date>
  <millis>1767667642352</millis>
  <nanos>844600</nanos>
  <sequence>71</sequence>
  <level>START</level>
  <class>com.kms.katalon.core.logging.XmlKeywordLogger</class>
  <method>startKeyword</method>
  <thread>1</thread>
  <message>Start action : spanAdmin.addProperty(&amp;quot;xpath&amp;quot;, EQUALS, &amp;quot;//button[.//span[contains(normalize-space(), &amp;apos;test&amp;apos;)]]&amp;quot;)</message>
  <nestedLevel>1</nestedLevel>
  <escapedJava>false</escapedJava>
  <property name="startLine">30</property>
  <property name="stepIndex">13</property>
</record>
<record>
  <date>2026-01-06T02:47:22.369850500Z</date>
  <millis>1767667642369</millis>
  <nanos>850500</nanos>
  <sequence>72</sequence>
  <level>END</level>
  <class>com.kms.katalon.core.logging.XmlKeywordLogger</class>
  <method>endKeyword</method>
  <thread>1</thread>
  <message>End action : spanAdmin.addProperty(&amp;quot;xpath&amp;quot;, EQUALS, &amp;quot;//button[.//span[contains(normalize-space(), &amp;apos;test&amp;apos;)]]&amp;quot;)</message>
  <nestedLevel>1</nestedLevel>
  <escapedJava>false</escapedJava>
</record>
<record>
  <date>2026-01-06T02:47:22.370855100Z</date>
  <millis>1767667642370</millis>
  <nanos>855100</nanos>
  <sequence>73</sequence>
  <level>START</level>
  <class>com.kms.katalon.core.logging.XmlKeywordLogger</class>
  <method>startKeyword</method>
  <thread>1</thread>
  <message>Start action : iExitToApp = new com.kms.katalon.core.testobject.TestObject(obj_i_exit_to_app)</message>
  <nestedLevel>1</nestedLevel>
  <escapedJava>false</escapedJava>
  <property name="startLine">36</property>
  <property name="stepIndex">14</property>
</record>
<record>
  <date>2026-01-06T02:47:22.376846Z</date>
  <millis>1767667642376</millis>
  <nanos>846000</nanos>
  <sequence>74</sequence>
  <level>END</level>
  <class>com.kms.katalon.core.logging.XmlKeywordLogger</class>
  <method>endKeyword</method>
  <thread>1</thread>
  <message>End action : iExitToApp = new com.kms.katalon.core.testobject.TestObject(obj_i_exit_to_app)</message>
  <nestedLevel>1</nestedLevel>
  <escapedJava>false</escapedJava>
</record>
<record>
  <date>2026-01-06T02:47:22.378846900Z</date>
  <millis>1767667642378</millis>
  <nanos>846900</nanos>
  <sequence>75</sequence>
  <level>START</level>
  <class>com.kms.katalon.core.logging.XmlKeywordLogger</class>
  <method>startKeyword</method>
  <thread>1</thread>
  <message>Start action : iExitToApp.addProperty(&amp;quot;xpath&amp;quot;, EQUALS, &amp;quot;//i[normalize-space(text())=&amp;apos;exit_to_app&amp;apos;]&amp;quot;)</message>
  <nestedLevel>1</nestedLevel>
  <escapedJava>false</escapedJava>
  <property name="startLine">37</property>
  <property name="stepIndex">15</property>
</record>
<record>
  <date>2026-01-06T02:47:22.387845600Z</date>
  <millis>1767667642387</millis>
  <nanos>845600</nanos>
  <sequence>76</sequence>
  <level>END</level>
  <class>com.kms.katalon.core.logging.XmlKeywordLogger</class>
  <method>endKeyword</method>
  <thread>1</thread>
  <message>End action : iExitToApp.addProperty(&amp;quot;xpath&amp;quot;, EQUALS, &amp;quot;//i[normalize-space(text())=&amp;apos;exit_to_app&amp;apos;]&amp;quot;)</message>
  <nestedLevel>1</nestedLevel>
  <escapedJava>false</escapedJava>
</record>
<record>
  <date>2026-01-06T02:47:22.387845600Z</date>
  <millis>1767667642387</millis>
  <nanos>845600</nanos>
  <sequence>77</sequence>
  <level>START</level>
  <class>com.kms.katalon.core.logging.XmlKeywordLogger</class>
  <method>startKeyword</method>
  <thread>1</thread>
  <message>Start action : userNameInput = new com.kms.katalon.core.testobject.TestObject(obj_input_userName)</message>
  <nestedLevel>1</nestedLevel>
  <escapedJava>false</escapedJava>
  <property name="startLine">43</property>
  <property name="stepIndex">16</property>
</record>
<record>
  <date>2026-01-06T02:47:22.391851800Z</date>
  <millis>1767667642391</millis>
  <nanos>851800</nanos>
  <sequence>78</sequence>
  <level>END</level>
  <class>com.kms.katalon.core.logging.XmlKeywordLogger</class>
  <method>endKeyword</method>
  <thread>1</thread>
  <message>End action : userNameInput = new com.kms.katalon.core.testobject.TestObject(obj_input_userName)</message>
  <nestedLevel>1</nestedLevel>
  <escapedJava>false</escapedJava>
</record>
<record>
  <date>2026-01-06T02:47:22.392852600Z</date>
  <millis>1767667642392</millis>
  <nanos>852600</nanos>
  <sequence>79</sequence>
  <level>START</level>
  <class>com.kms.katalon.core.logging.XmlKeywordLogger</class>
  <method>startKeyword</method>
  <thread>1</thread>
  <message>Start action : userNameInput.addProperty(&amp;quot;id&amp;quot;, EQUALS, &amp;quot;userName&amp;quot;)</message>
  <nestedLevel>1</nestedLevel>
  <escapedJava>false</escapedJava>
  <property name="startLine">44</property>
  <property name="stepIndex">17</property>
</record>
<record>
  <date>2026-01-06T02:47:22.401850200Z</date>
  <millis>1767667642401</millis>
  <nanos>850200</nanos>
  <sequence>80</sequence>
  <level>END</level>
  <class>com.kms.katalon.core.logging.XmlKeywordLogger</class>
  <method>endKeyword</method>
  <thread>1</thread>
  <message>End action : userNameInput.addProperty(&amp;quot;id&amp;quot;, EQUALS, &amp;quot;userName&amp;quot;)</message>
  <nestedLevel>1</nestedLevel>
  <escapedJava>false</escapedJava>
</record>
<record>
  <date>2026-01-06T02:47:22.402857700Z</date>
  <millis>1767667642402</millis>
  <nanos>857700</nanos>
  <sequence>81</sequence>
  <level>START</level>
  <class>com.kms.katalon.core.logging.XmlKeywordLogger</class>
  <method>startKeyword</method>
  <thread>1</thread>
  <message>Start action : currentUrl = getUrl()</message>
  <nestedLevel>1</nestedLevel>
  <escapedJava>false</escapedJava>
  <property name="startLine">62</property>
  <property name="stepIndex">18</property>
</record>
<record>
  <date>2026-01-06T02:47:22.449845200Z</date>
  <millis>1767667642449</millis>
  <nanos>845200</nanos>
  <sequence>84</sequence>
  <level>PASSED</level>
  <class>com.kms.katalon.core.logging.XmlKeywordLogger</class>
  <method>logMessage</method>
  <thread>1</thread>
  <message>Current window&amp;apos;s url is: &amp;apos;https://qa.engagement.magiqdev.cloud/login&amp;apos;</message>
  <nestedLevel>2</nestedLevel>
  <escapedJava>false</escapedJava>
  <property name="testops-method-name">com.kms.katalon.core.webui.keyword.builtin.GetUrlKeyword.getUrl</property>
  <property name="testops-execution-stacktrace"></property>
</record>
<record>
  <date>2026-01-06T02:47:22.455851100Z</date>
  <millis>1767667642455</millis>
  <nanos>851100</nanos>
  <sequence>85</sequence>
  <level>END</level>
  <class>com.kms.katalon.core.logging.XmlKeywordLogger</class>
  <method>endKeyword</method>
  <thread>1</thread>
  <message>End action : currentUrl = getUrl()</message>
  <nestedLevel>1</nestedLevel>
  <escapedJava>false</escapedJava>
</record>
<record>
  <date>2026-01-06T02:47:22.458845900Z</date>
  <millis>1767667642458</millis>
  <nanos>845900</nanos>
  <sequence>86</sequence>
  <level>START</level>
  <class>com.kms.katalon.core.logging.XmlKeywordLogger</class>
  <method>startKeyword</method>
  <thread>1</thread>
  <message>Start action : if (currentUrl == &amp;quot;https://qa.engagement.magiqdev.cloud/news&amp;quot;)</message>
  <nestedLevel>1</nestedLevel>
  <escapedJava>false</escapedJava>
  <property name="startLine">64</property>
  <property name="stepIndex">19</property>
</record>
<record>
  <date>2026-01-06T02:47:22.465849700Z</date>
  <millis>1767667642465</millis>
  <nanos>849700</nanos>
  <sequence>87</sequence>
  <level>END</level>
  <class>com.kms.katalon.core.logging.XmlKeywordLogger</class>
  <method>endKeyword</method>
  <thread>1</thread>
  <message>End action : if (currentUrl == &amp;quot;https://qa.engagement.magiqdev.cloud/news&amp;quot;)</message>
  <nestedLevel>1</nestedLevel>
  <escapedJava>false</escapedJava>
</record>
<record>
  <date>2026-01-06T02:47:22.465849700Z</date>
  <millis>1767667642465</millis>
  <nanos>849700</nanos>
  <sequence>88</sequence>
  <level>START</level>
  <class>com.kms.katalon.core.logging.XmlKeywordLogger</class>
  <method>startKeyword</method>
  <thread>1</thread>
  <message>Start action : userNameField = new com.kms.katalon.core.testobject.TestObject(userName)</message>
  <nestedLevel>1</nestedLevel>
  <escapedJava>false</escapedJava>
  <property name="startLine">100</property>
  <property name="stepIndex">20</property>
</record>
<record>
  <date>2026-01-06T02:47:22.469880Z</date>
  <millis>1767667642469</millis>
  <nanos>880000</nanos>
  <sequence>89</sequence>
  <level>END</level>
  <class>com.kms.katalon.core.logging.XmlKeywordLogger</class>
  <method>endKeyword</method>
  <thread>1</thread>
  <message>End action : userNameField = new com.kms.katalon.core.testobject.TestObject(userName)</message>
  <nestedLevel>1</nestedLevel>
  <escapedJava>false</escapedJava>
</record>
<record>
  <date>2026-01-06T02:47:22.470850800Z</date>
  <millis>1767667642470</millis>
  <nanos>850800</nanos>
  <sequence>90</sequence>
  <level>START</level>
  <class>com.kms.katalon.core.logging.XmlKeywordLogger</class>
  <method>startKeyword</method>
  <thread>1</thread>
  <message>Start action : userNameField.addProperty(&amp;quot;id&amp;quot;, EQUALS, &amp;quot;userName&amp;quot;)</message>
  <nestedLevel>1</nestedLevel>
  <escapedJava>false</escapedJava>
  <property name="startLine">101</property>
  <property name="stepIndex">21</property>
</record>
<record>
  <date>2026-01-06T02:47:22.472851900Z</date>
  <millis>1767667642472</millis>
  <nanos>851900</nanos>
  <sequence>91</sequence>
  <level>END</level>
  <class>com.kms.katalon.core.logging.XmlKeywordLogger</class>
  <method>endKeyword</method>
  <thread>1</thread>
  <message>End action : userNameField.addProperty(&amp;quot;id&amp;quot;, EQUALS, &amp;quot;userName&amp;quot;)</message>
  <nestedLevel>1</nestedLevel>
  <escapedJava>false</escapedJava>
</record>
<record>
  <date>2026-01-06T02:47:22.473848100Z</date>
  <millis>1767667642473</millis>
  <nanos>848100</nanos>
  <sequence>92</sequence>
  <level>START</level>
  <class>com.kms.katalon.core.logging.XmlKeywordLogger</class>
  <method>startKeyword</method>
  <thread>1</thread>
  <message>Start action : passwordField = new com.kms.katalon.core.testobject.TestObject(password)</message>
  <nestedLevel>1</nestedLevel>
  <escapedJava>false</escapedJava>
  <property name="startLine">103</property>
  <property name="stepIndex">22</property>
</record>
<record>
  <date>2026-01-06T02:47:22.476846700Z</date>
  <millis>1767667642476</millis>
  <nanos>846700</nanos>
  <sequence>93</sequence>
  <level>END</level>
  <class>com.kms.katalon.core.logging.XmlKeywordLogger</class>
  <method>endKeyword</method>
  <thread>1</thread>
  <message>End action : passwordField = new com.kms.katalon.core.testobject.TestObject(password)</message>
  <nestedLevel>1</nestedLevel>
  <escapedJava>false</escapedJava>
</record>
<record>
  <date>2026-01-06T02:47:22.476846700Z</date>
  <millis>1767667642476</millis>
  <nanos>846700</nanos>
  <sequence>94</sequence>
  <level>START</level>
  <class>com.kms.katalon.core.logging.XmlKeywordLogger</class>
  <method>startKeyword</method>
  <thread>1</thread>
  <message>Start action : passwordField.addProperty(&amp;quot;xpath&amp;quot;, EQUALS, &amp;quot;//input[@type=&amp;apos;password&amp;apos; or contains(@aria-label,&amp;apos;password&amp;apos;) or contains(@placeholder,&amp;apos;Password&amp;apos;)]&amp;quot;)</message>
  <nestedLevel>1</nestedLevel>
  <escapedJava>false</escapedJava>
  <property name="startLine">104</property>
  <property name="stepIndex">23</property>
</record>
<record>
  <date>2026-01-06T02:47:22.487848300Z</date>
  <millis>1767667642487</millis>
  <nanos>848300</nanos>
  <sequence>95</sequence>
  <level>END</level>
  <class>com.kms.katalon.core.logging.XmlKeywordLogger</class>
  <method>endKeyword</method>
  <thread>1</thread>
  <message>End action : passwordField.addProperty(&amp;quot;xpath&amp;quot;, EQUALS, &amp;quot;//input[@type=&amp;apos;password&amp;apos; or contains(@aria-label,&amp;apos;password&amp;apos;) or contains(@placeholder,&amp;apos;Password&amp;apos;)]&amp;quot;)</message>
  <nestedLevel>1</nestedLevel>
  <escapedJava>false</escapedJava>
</record>
<record>
  <date>2026-01-06T02:47:22.488845100Z</date>
  <millis>1767667642488</millis>
  <nanos>845100</nanos>
  <sequence>96</sequence>
  <level>START</level>
  <class>com.kms.katalon.core.logging.XmlKeywordLogger</class>
  <method>startKeyword</method>
  <thread>1</thread>
  <message>Start action : loginBtn = new com.kms.katalon.core.testobject.TestObject(loginBtn)</message>
  <nestedLevel>1</nestedLevel>
  <escapedJava>false</escapedJava>
  <property name="startLine">108</property>
  <property name="stepIndex">24</property>
</record>
<record>
  <date>2026-01-06T02:47:22.492846200Z</date>
  <millis>1767667642492</millis>
  <nanos>846200</nanos>
  <sequence>97</sequence>
  <level>END</level>
  <class>com.kms.katalon.core.logging.XmlKeywordLogger</class>
  <method>endKeyword</method>
  <thread>1</thread>
  <message>End action : loginBtn = new com.kms.katalon.core.testobject.TestObject(loginBtn)</message>
  <nestedLevel>1</nestedLevel>
  <escapedJava>false</escapedJava>
</record>
<record>
  <date>2026-01-06T02:47:22.492846200Z</date>
  <millis>1767667642492</millis>
  <nanos>846200</nanos>
  <sequence>98</sequence>
  <level>START</level>
  <class>com.kms.katalon.core.logging.XmlKeywordLogger</class>
  <method>startKeyword</method>
  <thread>1</thread>
  <message>Start action : loginBtn.addProperty(&amp;quot;css&amp;quot;, EQUALS, &amp;quot;button.btn-login&amp;quot;)</message>
  <nestedLevel>1</nestedLevel>
  <escapedJava>false</escapedJava>
  <property name="startLine">109</property>
  <property name="stepIndex">25</property>
</record>
<record>
  <date>2026-01-06T02:47:22.498848700Z</date>
  <millis>1767667642498</millis>
  <nanos>848700</nanos>
  <sequence>99</sequence>
  <level>END</level>
  <class>com.kms.katalon.core.logging.XmlKeywordLogger</class>
  <method>endKeyword</method>
  <thread>1</thread>
  <message>End action : loginBtn.addProperty(&amp;quot;css&amp;quot;, EQUALS, &amp;quot;button.btn-login&amp;quot;)</message>
  <nestedLevel>1</nestedLevel>
  <escapedJava>false</escapedJava>
</record>
<record>
  <date>2026-01-06T02:47:22.500848800Z</date>
  <millis>1767667642500</millis>
  <nanos>848800</nanos>
  <sequence>100</sequence>
  <level>START</level>
  <class>com.kms.katalon.core.logging.XmlKeywordLogger</class>
  <method>startKeyword</method>
  <thread>1</thread>
  <message>Start action : loginBtn.addProperty(&amp;quot;xpath&amp;quot;, EQUALS, &amp;quot;//button[contains(@class,&amp;apos;btn-login&amp;apos;) or normalize-space(.)=&amp;apos;Login&amp;apos; or .//span[normalize-space(.)=&amp;apos;Login&amp;apos;]]&amp;quot;)</message>
  <nestedLevel>1</nestedLevel>
  <escapedJava>false</escapedJava>
  <property name="startLine">110</property>
  <property name="stepIndex">26</property>
</record>
<record>
  <date>2026-01-06T02:47:22.502850300Z</date>
  <millis>1767667642502</millis>
  <nanos>850300</nanos>
  <sequence>101</sequence>
  <level>END</level>
  <class>com.kms.katalon.core.logging.XmlKeywordLogger</class>
  <method>endKeyword</method>
  <thread>1</thread>
  <message>End action : loginBtn.addProperty(&amp;quot;xpath&amp;quot;, EQUALS, &amp;quot;//button[contains(@class,&amp;apos;btn-login&amp;apos;) or normalize-space(.)=&amp;apos;Login&amp;apos; or .//span[normalize-space(.)=&amp;apos;Login&amp;apos;]]&amp;quot;)</message>
  <nestedLevel>1</nestedLevel>
  <escapedJava>false</escapedJava>
</record>
<record>
  <date>2026-01-06T02:47:22.503845500Z</date>
  <millis>1767667642503</millis>
  <nanos>845500</nanos>
  <sequence>102</sequence>
  <level>START</level>
  <class>com.kms.katalon.core.logging.XmlKeywordLogger</class>
  <method>startKeyword</method>
  <thread>1</thread>
  <message>Start action : appBar = new com.kms.katalon.core.testobject.TestObject(appBar)</message>
  <nestedLevel>1</nestedLevel>
  <escapedJava>false</escapedJava>
  <property name="startLine">114</property>
  <property name="stepIndex">27</property>
</record>
<record>
  <date>2026-01-06T02:47:22.505845300Z</date>
  <millis>1767667642505</millis>
  <nanos>845300</nanos>
  <sequence>103</sequence>
  <level>END</level>
  <class>com.kms.katalon.core.logging.XmlKeywordLogger</class>
  <method>endKeyword</method>
  <thread>1</thread>
  <message>End action : appBar = new com.kms.katalon.core.testobject.TestObject(appBar)</message>
  <nestedLevel>1</nestedLevel>
  <escapedJava>false</escapedJava>
</record>
<record>
  <date>2026-01-06T02:47:22.505845300Z</date>
  <millis>1767667642505</millis>
  <nanos>845300</nanos>
  <sequence>104</sequence>
  <level>START</level>
  <class>com.kms.katalon.core.logging.XmlKeywordLogger</class>
  <method>startKeyword</method>
  <thread>1</thread>
  <message>Start action : appBar.addProperty(&amp;quot;css&amp;quot;, EQUALS, &amp;quot;.mat-app-bar&amp;quot;)</message>
  <nestedLevel>1</nestedLevel>
  <escapedJava>false</escapedJava>
  <property name="startLine">115</property>
  <property name="stepIndex">28</property>
</record>
<record>
  <date>2026-01-06T02:47:22.507845100Z</date>
  <millis>1767667642507</millis>
  <nanos>845100</nanos>
  <sequence>105</sequence>
  <level>END</level>
  <class>com.kms.katalon.core.logging.XmlKeywordLogger</class>
  <method>endKeyword</method>
  <thread>1</thread>
  <message>End action : appBar.addProperty(&amp;quot;css&amp;quot;, EQUALS, &amp;quot;.mat-app-bar&amp;quot;)</message>
  <nestedLevel>1</nestedLevel>
  <escapedJava>false</escapedJava>
</record>
<record>
  <date>2026-01-06T02:47:22.508847800Z</date>
  <millis>1767667642508</millis>
  <nanos>847800</nanos>
  <sequence>106</sequence>
  <level>START</level>
  <class>com.kms.katalon.core.logging.XmlKeywordLogger</class>
  <method>startKeyword</method>
  <thread>1</thread>
  <message>Start action : appBar.addProperty(&amp;quot;xpath&amp;quot;, EQUALS, &amp;quot;//*[contains(@class,&amp;apos;mat-app-bar&amp;apos;)]&amp;quot;)</message>
  <nestedLevel>1</nestedLevel>
  <escapedJava>false</escapedJava>
  <property name="startLine">116</property>
  <property name="stepIndex">29</property>
</record>
<record>
  <date>2026-01-06T02:47:22.512851Z</date>
  <millis>1767667642512</millis>
  <nanos>851000</nanos>
  <sequence>107</sequence>
  <level>END</level>
  <class>com.kms.katalon.core.logging.XmlKeywordLogger</class>
  <method>endKeyword</method>
  <thread>1</thread>
  <message>End action : appBar.addProperty(&amp;quot;xpath&amp;quot;, EQUALS, &amp;quot;//*[contains(@class,&amp;apos;mat-app-bar&amp;apos;)]&amp;quot;)</message>
  <nestedLevel>1</nestedLevel>
  <escapedJava>false</escapedJava>
</record>
<record>
  <date>2026-01-06T02:47:22.513856Z</date>
  <millis>1767667642513</millis>
  <nanos>856000</nanos>
  <sequence>108</sequence>
  <level>START</level>
  <class>com.kms.katalon.core.logging.XmlKeywordLogger</class>
  <method>startKeyword</method>
  <thread>1</thread>
  <message>Start action : usernameVisible = false</message>
  <nestedLevel>1</nestedLevel>
  <escapedJava>false</escapedJava>
  <property name="startLine">119</property>
  <property name="stepIndex">30</property>
</record>
<record>
  <date>2026-01-06T02:47:22.519847400Z</date>
  <millis>1767667642519</millis>
  <nanos>847400</nanos>
  <sequence>109</sequence>
  <level>END</level>
  <class>com.kms.katalon.core.logging.XmlKeywordLogger</class>
  <method>endKeyword</method>
  <thread>1</thread>
  <message>End action : usernameVisible = false</message>
  <nestedLevel>1</nestedLevel>
  <escapedJava>false</escapedJava>
</record>
<record>
  <date>2026-01-06T02:47:22.519847400Z</date>
  <millis>1767667642519</millis>
  <nanos>847400</nanos>
  <sequence>110</sequence>
  <level>START</level>
  <class>com.kms.katalon.core.logging.XmlKeywordLogger</class>
  <method>startKeyword</method>
  <thread>1</thread>
  <message>Start action : attempts = 0</message>
  <nestedLevel>1</nestedLevel>
  <escapedJava>false</escapedJava>
  <property name="startLine">120</property>
  <property name="stepIndex">31</property>
</record>
<record>
  <date>2026-01-06T02:47:22.523846900Z</date>
  <millis>1767667642523</millis>
  <nanos>846900</nanos>
  <sequence>111</sequence>
  <level>END</level>
  <class>com.kms.katalon.core.logging.XmlKeywordLogger</class>
  <method>endKeyword</method>
  <thread>1</thread>
  <message>End action : attempts = 0</message>
  <nestedLevel>1</nestedLevel>
  <escapedJava>false</escapedJava>
</record>
<record>
  <date>2026-01-06T02:47:22.524847800Z</date>
  <millis>1767667642524</millis>
  <nanos>847800</nanos>
  <sequence>112</sequence>
  <level>START</level>
  <class>com.kms.katalon.core.logging.XmlKeywordLogger</class>
  <method>startKeyword</method>
  <thread>1</thread>
  <message>Start action : usernameVisible = waitForElementVisible(userNameField, 3, OPTIONAL)</message>
  <nestedLevel>1</nestedLevel>
  <escapedJava>false</escapedJava>
  <property name="startLine">123</property>
  <property name="stepIndex">32</property>
</record>
<record>
  <date>2026-01-06T02:47:26.103253100Z</date>
  <millis>1767667646103</millis>
  <nanos>253100</nanos>
  <sequence>117</sequence>
  <level>WARNING</level>
  <class>com.kms.katalon.core.logging.XmlKeywordLogger</class>
  <method>logMessage</method>
  <thread>1</thread>
  <message>Web element with id: &amp;apos;userName&amp;apos; located by &amp;apos;By.xpath: //*[@id = &amp;apos;userName&amp;apos;]&amp;apos; not found</message>
  <nestedLevel>2</nestedLevel>
  <escapedJava>false</escapedJava>
  <property name="failed.exception.class">com.kms.katalon.core.webui.exception.WebElementNotFoundException</property>
  <property name="failed.exception.stacktrace">com.kms.katalon.core.webui.exception.WebElementNotFoundException: Web element with id: &apos;userName&apos; located by &apos;By.xpath: //*[@id = &apos;userName&apos;]&apos; not found
	at com.kms.katalon.core.webui.model.WebUiElementFinder.findElementByNormalMethods(WebUiElementFinder.java:193)
	at com.kms.katalon.core.webui.model.WebUiElementFinder.findElementsBySelectedMethod(WebUiElementFinder.java:86)
	at com.kms.katalon.core.webui.model.WebUiElementFinder.findElementsBySelectedMethod(WebUiElementFinder.java:74)
	at com.kms.katalon.core.webui.model.WebUiElementFinder.findElementsBySelectedMethod(WebUiElementFinder.java:69)
	at com.kms.katalon.core.webui.model.WebUiElementFinder.findElement(WebUiElementFinder.java:43)
	at com.kms.katalon.core.webui.model.WebUiElementFinderWithTimeout.basicFindElement(WebUiElementFinderWithTimeout.java:50)
	at com.kms.katalon.core.webui.model.WebUiElementFinderWithTimeout.lambda$0(WebUiElementFinderWithTimeout.java:29)
	at com.kms.katalon.core.webui.model.SeleniumActionRetryController.performAction(SeleniumActionRetryController.java:96)
	at com.kms.katalon.core.webui.model.SeleniumActionRetryController.performAction(SeleniumActionRetryController.java:83)
	at com.kms.katalon.core.webui.model.WebUiElementFinderWithTimeout.findElement(WebUiElementFinderWithTimeout.java:28)
	at com.kms.katalon.core.webui.keyword.internal.WebUIAbstractKeyword.findWebElement(WebUIAbstractKeyword.groovy:96)
	at java.base/jdk.internal.reflect.NativeMethodAccessorImpl.invoke0(Native Method)
	at java.base/jdk.internal.reflect.NativeMethodAccessorImpl.invoke(NativeMethodAccessorImpl.java:77)
	at java.base/jdk.internal.reflect.DelegatingMethodAccessorImpl.invoke(DelegatingMethodAccessorImpl.java:43)
	at com.kms.katalon.core.webui.keyword.builtin.WaitForElementVisibleKeyword$_waitForElementVisible_closure1.doCall(WaitForElementVisibleKeyword.groovy:82)
	at java.base/jdk.internal.reflect.NativeMethodAccessorImpl.invoke0(Native Method)
	at java.base/jdk.internal.reflect.NativeMethodAccessorImpl.invoke(NativeMethodAccessorImpl.java:77)
	at java.base/jdk.internal.reflect.DelegatingMethodAccessorImpl.invoke(DelegatingMethodAccessorImpl.java:43)
	at jdk.proxy2/jdk.proxy2.$Proxy50.execute(Unknown Source)
	at com.kms.katalon.core.webui.model.SeleniumActionRetryController.performAction(SeleniumActionRetryController.java:96)
	at com.kms.katalon.core.webui.model.SeleniumActionRetryController.performAction(SeleniumActionRetryController.java:83)
	at com.kms.katalon.core.webui.keyword.internal.WebUIKeywordMain$_runKeywordUntilTimeout_closure2.doCall(WebUIKeywordMain.groovy:155)
	at com.kms.katalon.core.webui.keyword.internal.WebUIKeywordMain$_runKeywordUntilTimeout_closure2.call(WebUIKeywordMain.groovy)
	at com.kms.katalon.core.webui.keyword.internal.WebUIKeywordMain.runKeyword(WebUIKeywordMain.groovy:41)
	at com.kms.katalon.core.webui.keyword.internal.WebUIKeywordMain.runKeywordUntilTimeout(WebUIKeywordMain.groovy:152)
	at com.kms.katalon.core.webui.keyword.internal.WebUIKeywordMain$runKeywordUntilTimeout$0.call(Unknown Source)
	at com.kms.katalon.core.webui.keyword.builtin.WaitForElementVisibleKeyword.waitForElementVisible(WaitForElementVisibleKeyword.groovy:101)
	at com.kms.katalon.core.webui.keyword.builtin.WaitForElementVisibleKeyword.execute(WaitForElementVisibleKeyword.groovy:69)
	at com.kms.katalon.core.keyword.internal.KeywordExecutor.executeKeywordForPlatform(KeywordExecutor.groovy:90)
	at com.kms.katalon.core.webui.keyword.WebUiBuiltInKeywords.waitForElementVisible(WebUiBuiltInKeywords.groovy:498)
	at LG-01.run(LG-01:123)
	at com.kms.katalon.core.main.ScriptEngine.run(ScriptEngine.java:194)
	at com.kms.katalon.core.main.ScriptEngine.runScriptAsRawText(ScriptEngine.java:119)
	at com.kms.katalon.core.main.TestCaseExecutor.runScript(TestCaseExecutor.java:490)
	at com.kms.katalon.core.main.TestCaseExecutor.doExecute(TestCaseExecutor.java:481)
	at com.kms.katalon.core.main.TestCaseExecutor.processExecutionPhase(TestCaseExecutor.java:460)
	at com.kms.katalon.core.main.TestCaseExecutor.accessMainPhase(TestCaseExecutor.java:452)
	at com.kms.katalon.core.main.TestCaseExecutor.execute(TestCaseExecutor.java:322)
	at com.kms.katalon.core.main.TestCaseMain.runTestCase(TestCaseMain.java:151)
	at com.kms.katalon.core.keyword.builtin.CallTestCaseKeyword$_callTestCase_closure1.doCall(CallTestCaseKeyword.groovy:59)
	at com.kms.katalon.core.keyword.builtin.CallTestCaseKeyword$_callTestCase_closure1.call(CallTestCaseKeyword.groovy)
	at com.kms.katalon.core.keyword.internal.KeywordMain.runKeyword(KeywordMain.groovy:75)
	at com.kms.katalon.core.keyword.builtin.CallTestCaseKeyword.callTestCase(CallTestCaseKeyword.groovy:81)
	at com.kms.katalon.core.keyword.builtin.CallTestCaseKeyword.execute(CallTestCaseKeyword.groovy:44)
	at com.kms.katalon.core.keyword.internal.KeywordExecutor.executeKeywordForPlatform(KeywordExecutor.groovy:90)
	at com.kms.katalon.core.keyword.BuiltinKeywords.callTestCase(BuiltinKeywords.groovy:310)
	at java.base/jdk.internal.reflect.NativeMethodAccessorImpl.invoke0(Native Method)
	at java.base/jdk.internal.reflect.NativeMethodAccessorImpl.invoke(NativeMethodAccessorImpl.java:77)
	at java.base/jdk.internal.reflect.DelegatingMethodAccessorImpl.invoke(DelegatingMethodAccessorImpl.java:43)
	at OP1.1.run(OP1.1:20)
	at com.kms.katalon.core.main.ScriptEngine.run(ScriptEngine.java:194)
	at com.kms.katalon.core.main.ScriptEngine.runScriptAsRawText(ScriptEngine.java:119)
	at com.kms.katalon.core.main.TestCaseExecutor.runScript(TestCaseExecutor.java:490)
	at com.kms.katalon.core.main.TestCaseExecutor.doExecute(TestCaseExecutor.java:481)
	at com.kms.katalon.core.main.TestCaseExecutor.processExecutionPhase(TestCaseExecutor.java:460)
	at com.kms.katalon.core.main.TestCaseExecutor.accessMainPhase(TestCaseExecutor.java:452)
	at com.kms.katalon.core.main.TestCaseExecutor.execute(TestCaseExecutor.java:322)
	at com.kms.katalon.core.common.CommonExecutor.accessTestCaseMainPhase(CommonExecutor.java:71)
	at com.kms.katalon.core.main.TestSuiteExecutor.accessTestSuiteMainPhase(TestSuiteExecutor.java:153)
	at com.kms.katalon.core.main.TestSuiteExecutor.execute(TestSuiteExecutor.java:110)
	at com.kms.katalon.core.main.TestCaseMain.startTestSuite(TestCaseMain.java:205)
	at TempTestSuite1767667621470.run(TempTestSuite1767667621470.groovy:35)
	at java.base/jdk.internal.reflect.NativeMethodAccessorImpl.invoke0(Native Method)
	at java.base/jdk.internal.reflect.NativeMethodAccessorImpl.invoke(NativeMethodAccessorImpl.java:77)
	at java.base/jdk.internal.reflect.DelegatingMethodAccessorImpl.invoke(DelegatingMethodAccessorImpl.java:43)
</property>
  <property name="failed.exception.message">Web element with id: &apos;userName&apos; located by &apos;By.xpath: //*[@id = &apos;userName&apos;]&apos; not found</property>
</record>
<record>
  <date>2026-01-06T02:47:26.104252800Z</date>
  <millis>1767667646104</millis>
  <nanos>252800</nanos>
  <sequence>118</sequence>
  <level>END</level>
  <class>com.kms.katalon.core.logging.XmlKeywordLogger</class>
  <method>endKeyword</method>
  <thread>1</thread>
  <message>End action : usernameVisible = waitForElementVisible(userNameField, 3, OPTIONAL)</message>
  <nestedLevel>1</nestedLevel>
  <escapedJava>false</escapedJava>
</record>
<record>
  <date>2026-01-06T02:47:26.105253700Z</date>
  <millis>1767667646105</millis>
  <nanos>253700</nanos>
  <sequence>119</sequence>
  <level>START</level>
  <class>com.kms.katalon.core.logging.XmlKeywordLogger</class>
  <method>startKeyword</method>
  <thread>1</thread>
  <message>Start action : if (!(usernameVisible))</message>
  <nestedLevel>1</nestedLevel>
  <escapedJava>false</escapedJava>
  <property name="startLine">126</property>
  <property name="stepIndex">33</property>
</record>
<record>
  <date>2026-01-06T02:47:26.116255900Z</date>
  <millis>1767667646116</millis>
  <nanos>255900</nanos>
  <sequence>120</sequence>
  <level>START</level>
  <class>com.kms.katalon.core.logging.XmlKeywordLogger</class>
  <method>startKeyword</method>
  <thread>1</thread>
  <message>Start action : okBtn = new com.kms.katalon.core.testobject.TestObject(ok_button_in_modal)</message>
  <nestedLevel>2</nestedLevel>
  <escapedJava>false</escapedJava>
  <property name="startLine">127</property>
  <property name="stepIndex">1</property>
</record>
<record>
  <date>2026-01-06T02:47:26.118260500Z</date>
  <millis>1767667646118</millis>
  <nanos>260500</nanos>
  <sequence>121</sequence>
  <level>END</level>
  <class>com.kms.katalon.core.logging.XmlKeywordLogger</class>
  <method>endKeyword</method>
  <thread>1</thread>
  <message>End action : okBtn = new com.kms.katalon.core.testobject.TestObject(ok_button_in_modal)</message>
  <nestedLevel>2</nestedLevel>
  <escapedJava>false</escapedJava>
</record>
<record>
  <date>2026-01-06T02:47:26.119258600Z</date>
  <millis>1767667646119</millis>
  <nanos>258600</nanos>
  <sequence>122</sequence>
  <level>START</level>
  <class>com.kms.katalon.core.logging.XmlKeywordLogger</class>
  <method>startKeyword</method>
  <thread>1</thread>
  <message>Start action : okBtn.addProperty(&amp;quot;xpath&amp;quot;, EQUALS, &amp;quot;//footer[contains(@class,&amp;apos;mdc-dialog__actions&amp;apos;)]&amp;quot; + &amp;quot;//button[@aria-label=&amp;apos;Ok&amp;apos; and .//span[@class=&amp;apos;mdc-button__label&amp;apos; and normalize-space()=&amp;apos;Ok&amp;apos;]]&amp;quot;)</message>
  <nestedLevel>2</nestedLevel>
  <escapedJava>false</escapedJava>
  <property name="startLine">128</property>
  <property name="stepIndex">2</property>
</record>
<record>
  <date>2026-01-06T02:47:26.124252600Z</date>
  <millis>1767667646124</millis>
  <nanos>252600</nanos>
  <sequence>123</sequence>
  <level>END</level>
  <class>com.kms.katalon.core.logging.XmlKeywordLogger</class>
  <method>endKeyword</method>
  <thread>1</thread>
  <message>End action : okBtn.addProperty(&amp;quot;xpath&amp;quot;, EQUALS, &amp;quot;//footer[contains(@class,&amp;apos;mdc-dialog__actions&amp;apos;)]&amp;quot; + &amp;quot;//button[@aria-label=&amp;apos;Ok&amp;apos; and .//span[@class=&amp;apos;mdc-button__label&amp;apos; and normalize-space()=&amp;apos;Ok&amp;apos;]]&amp;quot;)</message>
  <nestedLevel>2</nestedLevel>
  <escapedJava>false</escapedJava>
</record>
<record>
  <date>2026-01-06T02:47:26.124252600Z</date>
  <millis>1767667646124</millis>
  <nanos>252600</nanos>
  <sequence>124</sequence>
  <level>START</level>
  <class>com.kms.katalon.core.logging.XmlKeywordLogger</class>
  <method>startKeyword</method>
  <thread>1</thread>
  <message>Start action : waitForElementClickable(okBtn, 5)</message>
  <nestedLevel>2</nestedLevel>
  <escapedJava>false</escapedJava>
  <property name="startLine">132</property>
  <property name="stepIndex">3</property>
</record>
<record>
  <date>2026-01-06T02:47:31.472104500Z</date>
  <millis>1767667651472</millis>
  <nanos>104500</nanos>
  <sequence>129</sequence>
  <level>WARNING</level>
  <class>com.kms.katalon.core.logging.XmlKeywordLogger</class>
  <method>logMessage</method>
  <thread>1</thread>
  <message>Web element with id: &amp;apos;ok_button_in_modal&amp;apos; located by &amp;apos;By.xpath: //footer[contains(@class,&amp;apos;mdc-dialog__actions&amp;apos;)]//button[@aria-label=&amp;apos;Ok&amp;apos; and .//span[@class=&amp;apos;mdc-button__label&amp;apos; and normalize-space()=&amp;apos;Ok&amp;apos;]]&amp;apos; not found</message>
  <nestedLevel>2</nestedLevel>
  <escapedJava>false</escapedJava>
  <property name="failed.exception.class">com.kms.katalon.core.webui.exception.WebElementNotFoundException</property>
  <property name="failed.exception.stacktrace">com.kms.katalon.core.webui.exception.WebElementNotFoundException: Web element with id: &apos;ok_button_in_modal&apos; located by &apos;By.xpath: //footer[contains(@class,&apos;mdc-dialog__actions&apos;)]//button[@aria-label=&apos;Ok&apos; and .//span[@class=&apos;mdc-button__label&apos; and normalize-space()=&apos;Ok&apos;]]&apos; not found
	at com.kms.katalon.core.webui.model.WebUiElementFinder.findElementByNormalMethods(WebUiElementFinder.java:193)
	at com.kms.katalon.core.webui.model.WebUiElementFinder.findElementsBySelectedMethod(WebUiElementFinder.java:86)
	at com.kms.katalon.core.webui.model.WebUiElementFinder.findElementsBySelectedMethod(WebUiElementFinder.java:74)
	at com.kms.katalon.core.webui.model.WebUiElementFinder.findElementsBySelectedMethod(WebUiElementFinder.java:69)
	at com.kms.katalon.core.webui.model.WebUiElementFinder.findElement(WebUiElementFinder.java:43)
	at com.kms.katalon.core.webui.model.WebUiElementFinderWithTimeout.basicFindElement(WebUiElementFinderWithTimeout.java:50)
	at com.kms.katalon.core.webui.model.WebUiElementFinderWithTimeout.lambda$0(WebUiElementFinderWithTimeout.java:29)
	at com.kms.katalon.core.webui.model.SeleniumActionRetryController.performAction(SeleniumActionRetryController.java:96)
	at com.kms.katalon.core.webui.model.SeleniumActionRetryController.performAction(SeleniumActionRetryController.java:83)
	at com.kms.katalon.core.webui.model.WebUiElementFinderWithTimeout.findElement(WebUiElementFinderWithTimeout.java:28)
	at com.kms.katalon.core.webui.keyword.internal.WebUIAbstractKeyword.findWebElement(WebUIAbstractKeyword.groovy:96)
	at com.kms.katalon.core.webui.keyword.internal.WebUIAbstractKeyword$findWebElement.call(Unknown Source)
	at com.kms.katalon.core.webui.keyword.builtin.WaitForElementClickableKeyword$_waitForElementClickable_closure1.doCall(WaitForElementClickableKeyword.groovy:55)
	at java.base/jdk.internal.reflect.NativeMethodAccessorImpl.invoke0(Native Method)
	at java.base/jdk.internal.reflect.NativeMethodAccessorImpl.invoke(NativeMethodAccessorImpl.java:77)
	at java.base/jdk.internal.reflect.DelegatingMethodAccessorImpl.invoke(DelegatingMethodAccessorImpl.java:43)
	at jdk.proxy2/jdk.proxy2.$Proxy50.execute(Unknown Source)
	at com.kms.katalon.core.webui.model.SeleniumActionRetryController.performAction(SeleniumActionRetryController.java:96)
	at com.kms.katalon.core.webui.model.SeleniumActionRetryController.performAction(SeleniumActionRetryController.java:83)
	at com.kms.katalon.core.webui.keyword.internal.WebUIKeywordMain$_runKeywordUntilTimeout_closure2.doCall(WebUIKeywordMain.groovy:155)
	at com.kms.katalon.core.webui.keyword.internal.WebUIKeywordMain$_runKeywordUntilTimeout_closure2.call(WebUIKeywordMain.groovy)
	at com.kms.katalon.core.webui.keyword.internal.WebUIKeywordMain.runKeyword(WebUIKeywordMain.groovy:41)
	at com.kms.katalon.core.webui.keyword.internal.WebUIKeywordMain.runKeywordUntilTimeout(WebUIKeywordMain.groovy:152)
	at com.kms.katalon.core.webui.keyword.internal.WebUIKeywordMain$runKeywordUntilTimeout$0.call(Unknown Source)
	at com.kms.katalon.core.webui.keyword.builtin.WaitForElementClickableKeyword.waitForElementClickable(WaitForElementClickableKeyword.groovy:74)
	at com.kms.katalon.core.webui.keyword.builtin.WaitForElementClickableKeyword.execute(WaitForElementClickableKeyword.groovy:42)
	at com.kms.katalon.core.keyword.internal.KeywordExecutor.executeKeywordForPlatform(KeywordExecutor.groovy:90)
	at com.kms.katalon.core.webui.keyword.WebUiBuiltInKeywords.waitForElementClickable(WebUiBuiltInKeywords.groovy:580)
	at LG-01.run(LG-01:132)
	at com.kms.katalon.core.main.ScriptEngine.run(ScriptEngine.java:194)
	at com.kms.katalon.core.main.ScriptEngine.runScriptAsRawText(ScriptEngine.java:119)
	at com.kms.katalon.core.main.TestCaseExecutor.runScript(TestCaseExecutor.java:490)
	at com.kms.katalon.core.main.TestCaseExecutor.doExecute(TestCaseExecutor.java:481)
	at com.kms.katalon.core.main.TestCaseExecutor.processExecutionPhase(TestCaseExecutor.java:460)
	at com.kms.katalon.core.main.TestCaseExecutor.accessMainPhase(TestCaseExecutor.java:452)
	at com.kms.katalon.core.main.TestCaseExecutor.execute(TestCaseExecutor.java:322)
	at com.kms.katalon.core.main.TestCaseMain.runTestCase(TestCaseMain.java:151)
	at com.kms.katalon.core.keyword.builtin.CallTestCaseKeyword$_callTestCase_closure1.doCall(CallTestCaseKeyword.groovy:59)
	at com.kms.katalon.core.keyword.builtin.CallTestCaseKeyword$_callTestCase_closure1.call(CallTestCaseKeyword.groovy)
	at com.kms.katalon.core.keyword.internal.KeywordMain.runKeyword(KeywordMain.groovy:75)
	at com.kms.katalon.core.keyword.builtin.CallTestCaseKeyword.callTestCase(CallTestCaseKeyword.groovy:81)
	at com.kms.katalon.core.keyword.builtin.CallTestCaseKeyword.execute(CallTestCaseKeyword.groovy:44)
	at com.kms.katalon.core.keyword.internal.KeywordExecutor.executeKeywordForPlatform(KeywordExecutor.groovy:90)
	at com.kms.katalon.core.keyword.BuiltinKeywords.callTestCase(BuiltinKeywords.groovy:310)
	at java.base/jdk.internal.reflect.NativeMethodAccessorImpl.invoke0(Native Method)
	at java.base/jdk.internal.reflect.NativeMethodAccessorImpl.invoke(NativeMethodAccessorImpl.java:77)
	at java.base/jdk.internal.reflect.DelegatingMethodAccessorImpl.invoke(DelegatingMethodAccessorImpl.java:43)
	at OP1.1.run(OP1.1:20)
	at com.kms.katalon.core.main.ScriptEngine.run(ScriptEngine.java:194)
	at com.kms.katalon.core.main.ScriptEngine.runScriptAsRawText(ScriptEngine.java:119)
	at com.kms.katalon.core.main.TestCaseExecutor.runScript(TestCaseExecutor.java:490)
	at com.kms.katalon.core.main.TestCaseExecutor.doExecute(TestCaseExecutor.java:481)
	at com.kms.katalon.core.main.TestCaseExecutor.processExecutionPhase(TestCaseExecutor.java:460)
	at com.kms.katalon.core.main.TestCaseExecutor.accessMainPhase(TestCaseExecutor.java:452)
	at com.kms.katalon.core.main.TestCaseExecutor.execute(TestCaseExecutor.java:322)
	at com.kms.katalon.core.common.CommonExecutor.accessTestCaseMainPhase(CommonExecutor.java:71)
	at com.kms.katalon.core.main.TestSuiteExecutor.accessTestSuiteMainPhase(TestSuiteExecutor.java:153)
	at com.kms.katalon.core.main.TestSuiteExecutor.execute(TestSuiteExecutor.java:110)
	at com.kms.katalon.core.main.TestCaseMain.startTestSuite(TestCaseMain.java:205)
	at TempTestSuite1767667621470.run(TempTestSuite1767667621470.groovy:35)
	at java.base/jdk.internal.reflect.NativeMethodAccessorImpl.invoke0(Native Method)
	at java.base/jdk.internal.reflect.NativeMethodAccessorImpl.invoke(NativeMethodAccessorImpl.java:77)
	at java.base/jdk.internal.reflect.DelegatingMethodAccessorImpl.invoke(DelegatingMethodAccessorImpl.java:43)
</property>
  <property name="failed.exception.message">Web element with id: &apos;ok_button_in_modal&apos; located by &apos;By.xpath: //footer[contains(@class,&apos;mdc-dialog__actions&apos;)]//button[@aria-label=&apos;Ok&apos; and .//span[@class=&apos;mdc-button__label&apos; and normalize-space()=&apos;Ok&apos;]]&apos; not found</property>
</record>
<record>
  <date>2026-01-06T02:47:31.474105200Z</date>
  <millis>1767667651474</millis>
  <nanos>105200</nanos>
  <sequence>130</sequence>
  <level>END</level>
  <class>com.kms.katalon.core.logging.XmlKeywordLogger</class>
  <method>endKeyword</method>
  <thread>1</thread>
  <message>End action : waitForElementClickable(okBtn, 5)</message>
  <nestedLevel>2</nestedLevel>
  <escapedJava>false</escapedJava>
</record>
<record>
  <date>2026-01-06T02:47:31.474105200Z</date>
  <millis>1767667651474</millis>
  <nanos>105200</nanos>
  <sequence>131</sequence>
  <level>START</level>
  <class>com.kms.katalon.core.logging.XmlKeywordLogger</class>
  <method>startKeyword</method>
  <thread>1</thread>
  <message>Start action : enhancedClick(okBtn)</message>
  <nestedLevel>2</nestedLevel>
  <escapedJava>false</escapedJava>
  <property name="startLine">133</property>
  <property name="stepIndex">4</property>
</record>
<record>
  <date>2026-01-06T02:47:41.667782900Z</date>
  <millis>1767667661667</millis>
  <nanos>782900</nanos>
  <sequence>141</sequence>
  <level>FAILED</level>
  <class>com.kms.katalon.core.logging.XmlKeywordLogger</class>
  <method>logMessage</method>
  <thread>1</thread>
  <message>Unable to click on object &amp;apos;ok_button_in_modal&amp;apos; (Root cause: com.kms.katalon.core.exception.StepFailedException: Unable to click on object &amp;apos;ok_button_in_modal&amp;apos;
	at com.kms.katalon.core.webui.keyword.internal.WebUIKeywordMain.stepFailed(WebUIKeywordMain.groovy:177)
	at com.kms.katalon.core.webui.keyword.internal.WebUIKeywordMain.runKeyword(WebUIKeywordMain.groovy:49)
	at com.kms.katalon.core.webui.keyword.internal.WebUIKeywordMain.runKeywordUntilTimeout(WebUIKeywordMain.groovy:133)
	at com.kms.katalon.core.webui.keyword.builtin.EnhancedClickKeyword.click(EnhancedClickKeyword.groovy:95)
	at com.kms.katalon.core.webui.keyword.builtin.EnhancedClickKeyword.execute(EnhancedClickKeyword.groovy:41)
	at com.kms.katalon.core.keyword.internal.KeywordExecutor.executeKeywordForPlatform(KeywordExecutor.groovy:90)
	at com.kms.katalon.core.webui.keyword.WebUiBuiltInKeywords.enhancedClick(WebUiBuiltInKeywords.groovy:747)
	at LG-01.run(LG-01:133)
	at com.kms.katalon.core.main.ScriptEngine.run(ScriptEngine.java:194)
	at com.kms.katalon.core.main.ScriptEngine.runScriptAsRawText(ScriptEngine.java:119)
	at com.kms.katalon.core.main.TestCaseExecutor.runScript(TestCaseExecutor.java:490)
	at com.kms.katalon.core.main.TestCaseExecutor.doExecute(TestCaseExecutor.java:481)
	at com.kms.katalon.core.main.TestCaseExecutor.processExecutionPhase(TestCaseExecutor.java:460)
	at com.kms.katalon.core.main.TestCaseExecutor.accessMainPhase(TestCaseExecutor.java:452)
	at com.kms.katalon.core.main.TestCaseExecutor.execute(TestCaseExecutor.java:322)
	at com.kms.katalon.core.main.TestCaseMain.runTestCase(TestCaseMain.java:151)
	at com.kms.katalon.core.keyword.builtin.CallTestCaseKeyword$_callTestCase_closure1.doCall(CallTestCaseKeyword.groovy:59)
	at com.kms.katalon.core.keyword.builtin.CallTestCaseKeyword$_callTestCase_closure1.call(CallTestCaseKeyword.groovy)
	at com.kms.katalon.core.keyword.internal.KeywordMain.runKeyword(KeywordMain.groovy:75)
	at com.kms.katalon.core.keyword.builtin.CallTestCaseKeyword.callTestCase(CallTestCaseKeyword.groovy:81)
	at com.kms.katalon.core.keyword.builtin.CallTestCaseKeyword.execute(CallTestCaseKeyword.groovy:44)
	at com.kms.katalon.core.keyword.internal.KeywordExecutor.executeKeywordForPlatform(KeywordExecutor.groovy:90)
	at com.kms.katalon.core.keyword.BuiltinKeywords.callTestCase(BuiltinKeywords.groovy:310)
	at java.base/jdk.internal.reflect.NativeMethodAccessorImpl.invoke0(Native Method)
	at java.base/jdk.internal.reflect.NativeMethodAccessorImpl.invoke(NativeMethodAccessorImpl.java:77)
	at java.base/jdk.internal.reflect.DelegatingMethodAccessorImpl.invoke(DelegatingMethodAccessorImpl.java:43)
	at OP1.1.run(OP1.1:20)
	at com.kms.katalon.core.main.ScriptEngine.run(ScriptEngine.java:194)
	at com.kms.katalon.core.main.ScriptEngine.runScriptAsRawText(ScriptEngine.java:119)
	at com.kms.katalon.core.main.TestCaseExecutor.runScript(TestCaseExecutor.java:490)
	at com.kms.katalon.core.main.TestCaseExecutor.doExecute(TestCaseExecutor.java:481)
	at com.kms.katalon.core.main.TestCaseExecutor.processExecutionPhase(TestCaseExecutor.java:460)
	at com.kms.katalon.core.main.TestCaseExecutor.accessMainPhase(TestCaseExecutor.java:452)
	at com.kms.katalon.core.main.TestCaseExecutor.execute(TestCaseExecutor.java:322)
	at com.kms.katalon.core.common.CommonExecutor.accessTestCaseMainPhase(CommonExecutor.java:71)
	at com.kms.katalon.core.main.TestSuiteExecutor.accessTestSuiteMainPhase(TestSuiteExecutor.java:153)
	at com.kms.katalon.core.main.TestSuiteExecutor.execute(TestSuiteExecutor.java:110)
	at com.kms.katalon.core.main.TestCaseMain.startTestSuite(TestCaseMain.java:205)
	at TempTestSuite1767667621470.run(TempTestSuite1767667621470.groovy:35)
	at java.base/jdk.internal.reflect.NativeMethodAccessorImpl.invoke0(Native Method)
	at java.base/jdk.internal.reflect.NativeMethodAccessorImpl.invoke(NativeMethodAccessorImpl.java:77)
	at java.base/jdk.internal.reflect.DelegatingMethodAccessorImpl.invoke(DelegatingMethodAccessorImpl.java:43)
Caused by: com.kms.katalon.core.webui.exception.WebElementNotFoundException: Web element with id: &amp;apos;ok_button_in_modal&amp;apos; located by &amp;apos;By.xpath: //footer[contains(@class,&amp;apos;mdc-dialog__actions&amp;apos;)]//button[@aria-label=&amp;apos;Ok&amp;apos; and .//span[@class=&amp;apos;mdc-button__label&amp;apos; and normalize-space()=&amp;apos;Ok&amp;apos;]]&amp;apos; not found
	at com.kms.katalon.core.webui.model.WebUiElementFinder.findElementByNormalMethods(WebUiElementFinder.java:193)
	at com.kms.katalon.core.webui.model.WebUiElementFinder.findElementsBySelectedMethod(WebUiElementFinder.java:86)
	at com.kms.katalon.core.webui.model.WebUiElementFinder.findElementsBySelectedMethod(WebUiElementFinder.java:74)
	at com.kms.katalon.core.webui.model.WebUiElementFinder.findElementsBySelectedMethod(WebUiElementFinder.java:69)
	at com.kms.katalon.core.webui.model.WebUiElementFinder.findElement(WebUiElementFinder.java:43)
	at com.kms.katalon.core.webui.model.WebUiElementFinderWithTimeout.basicFindElement(WebUiElementFinderWithTimeout.java:50)
	at com.kms.katalon.core.webui.model.WebUiElementFinderWithTimeout.lambda$0(WebUiElementFinderWithTimeout.java:29)
	at com.kms.katalon.core.webui.model.SeleniumActionRetryController.performAction(SeleniumActionRetryController.java:96)
	at com.kms.katalon.core.webui.model.SeleniumActionRetryController.performAction(SeleniumActionRetryController.java:83)
	at com.kms.katalon.core.webui.model.WebUiElementFinderWithTimeout.findElement(WebUiElementFinderWithTimeout.java:28)
	at com.kms.katalon.core.webui.keyword.internal.WebUIAbstractKeyword.findWebElement(WebUIAbstractKeyword.groovy:96)
	at com.kms.katalon.core.webui.keyword.builtin.EnhancedClickKeyword$_click_closure1.doCall(EnhancedClickKeyword.groovy:69)
	at java.base/jdk.internal.reflect.NativeMethodAccessorImpl.invoke0(Native Method)
	at java.base/jdk.internal.reflect.NativeMethodAccessorImpl.invoke(NativeMethodAccessorImpl.java:77)
	at java.base/jdk.internal.reflect.DelegatingMethodAccessorImpl.invoke(DelegatingMethodAccessorImpl.java:43)
	at jdk.proxy2/jdk.proxy2.$Proxy50.execute(Unknown Source)
	at com.kms.katalon.core.webui.model.SeleniumActionRetryController.performAction(SeleniumActionRetryController.java:96)
	at com.kms.katalon.core.webui.model.SeleniumActionRetryController.performAction(SeleniumActionRetryController.java:83)
	at com.kms.katalon.core.webui.keyword.internal.WebUIKeywordMain$_runKeywordUntilTimeout_closure1.doCall(WebUIKeywordMain.groovy:135)
	at com.kms.katalon.core.webui.keyword.internal.WebUIKeywordMain$_runKeywordUntilTimeout_closure1.call(WebUIKeywordMain.groovy)
	at com.kms.katalon.core.webui.keyword.internal.WebUIKeywordMain.runKeyword(WebUIKeywordMain.groovy:41)
	at com.kms.katalon.core.webui.keyword.internal.WebUIKeywordMain.runKeywordUntilTimeout(WebUIKeywordMain.groovy:133)
	at com.kms.katalon.core.webui.keyword.builtin.EnhancedClickKeyword.click(EnhancedClickKeyword.groovy:95)
	at com.kms.katalon.core.webui.keyword.builtin.EnhancedClickKeyword.execute(EnhancedClickKeyword.groovy:41)
	at com.kms.katalon.core.keyword.internal.KeywordExecutor.executeKeywordForPlatform(KeywordExecutor.groovy:90)
	at com.kms.katalon.core.webui.keyword.WebUiBuiltInKeywords.enhancedClick(WebUiBuiltInKeywords.groovy:747)
	at Script1767340478096.run(Script1767340478096.groovy:133)
	at com.kms.katalon.core.main.ScriptEngine.run(ScriptEngine.java:194)
	at com.kms.katalon.core.main.ScriptEngine.runScriptAsRawText(ScriptEngine.java:119)
	at com.kms.katalon.core.main.TestCaseExecutor.runScript(TestCaseExecutor.java:490)
	at com.kms.katalon.core.main.TestCaseExecutor.doExecute(TestCaseExecutor.java:481)
	at com.kms.katalon.core.main.TestCaseExecutor.processExecutionPhase(TestCaseExecutor.java:460)
	at com.kms.katalon.core.main.TestCaseExecutor.accessMainPhase(TestCaseExecutor.java:452)
	at com.kms.katalon.core.main.TestCaseExecutor.execute(TestCaseExecutor.java:322)
	at com.kms.katalon.core.main.TestCaseMain.runTestCase(TestCaseMain.java:151)
	at com.kms.katalon.core.keyword.builtin.CallTestCaseKeyword$_callTestCase_closure1.doCall(CallTestCaseKeyword.groovy:59)
	at com.kms.katalon.core.keyword.builtin.CallTestCaseKeyword$_callTestCase_closure1.call(CallTestCaseKeyword.groovy)
	at com.kms.katalon.core.keyword.internal.KeywordMain.runKeyword(KeywordMain.groovy:75)
	at com.kms.katalon.core.keyword.builtin.CallTestCaseKeyword.callTestCase(CallTestCaseKeyword.groovy:81)
	at com.kms.katalon.core.keyword.builtin.CallTestCaseKeyword.execute(CallTestCaseKeyword.groovy:44)
	at com.kms.katalon.core.keyword.internal.KeywordExecutor.executeKeywordForPlatform(KeywordExecutor.groovy:90)
	at com.kms.katalon.core.keyword.BuiltinKeywords.callTestCase(BuiltinKeywords.groovy:310)
	at java.base/jdk.internal.reflect.NativeMethodAccessorImpl.invoke0(Native Method)
	at java.base/jdk.internal.reflect.NativeMethodAccessorImpl.invoke(NativeMethodAccessorImpl.java:77)
	at java.base/jdk.internal.reflect.DelegatingMethodAccessorImpl.invoke(DelegatingMethodAccessorImpl.java:43)
	at Script1767663740888.run(Script1767663740888.groovy:20)
	... 15 more
)</message>
  <nestedLevel>2</nestedLevel>
  <escapedJava>false</escapedJava>
  <property name="failed.exception.class">com.kms.katalon.core.webui.exception.WebElementNotFoundException</property>
  <property name="attachment">1767667661510.png</property>
  <property name="failed.exception.stacktrace">com.kms.katalon.core.webui.exception.WebElementNotFoundException: Web element with id: &apos;ok_button_in_modal&apos; located by &apos;By.xpath: //footer[contains(@class,&apos;mdc-dialog__actions&apos;)]//button[@aria-label=&apos;Ok&apos; and .//span[@class=&apos;mdc-button__label&apos; and normalize-space()=&apos;Ok&apos;]]&apos; not found
	at com.kms.katalon.core.webui.model.WebUiElementFinder.findElementByNormalMethods(WebUiElementFinder.java:193)
	at com.kms.katalon.core.webui.model.WebUiElementFinder.findElementsBySelectedMethod(WebUiElementFinder.java:86)
	at com.kms.katalon.core.webui.model.WebUiElementFinder.findElementsBySelectedMethod(WebUiElementFinder.java:74)
	at com.kms.katalon.core.webui.model.WebUiElementFinder.findElementsBySelectedMethod(WebUiElementFinder.java:69)
	at com.kms.katalon.core.webui.model.WebUiElementFinder.findElement(WebUiElementFinder.java:43)
	at com.kms.katalon.core.webui.model.WebUiElementFinderWithTimeout.basicFindElement(WebUiElementFinderWithTimeout.java:50)
	at com.kms.katalon.core.webui.model.WebUiElementFinderWithTimeout.lambda$0(WebUiElementFinderWithTimeout.java:29)
	at com.kms.katalon.core.webui.model.SeleniumActionRetryController.performAction(SeleniumActionRetryController.java:96)
	at com.kms.katalon.core.webui.model.SeleniumActionRetryController.performAction(SeleniumActionRetryController.java:83)
	at com.kms.katalon.core.webui.model.WebUiElementFinderWithTimeout.findElement(WebUiElementFinderWithTimeout.java:28)
	at com.kms.katalon.core.webui.keyword.internal.WebUIAbstractKeyword.findWebElement(WebUIAbstractKeyword.groovy:96)
	at com.kms.katalon.core.webui.keyword.builtin.EnhancedClickKeyword$_click_closure1.doCall(EnhancedClickKeyword.groovy:69)
	at java.base/jdk.internal.reflect.NativeMethodAccessorImpl.invoke0(Native Method)
	at java.base/jdk.internal.reflect.NativeMethodAccessorImpl.invoke(NativeMethodAccessorImpl.java:77)
	at java.base/jdk.internal.reflect.DelegatingMethodAccessorImpl.invoke(DelegatingMethodAccessorImpl.java:43)
	at jdk.proxy2/jdk.proxy2.$Proxy50.execute(Unknown Source)
	at com.kms.katalon.core.webui.model.SeleniumActionRetryController.performAction(SeleniumActionRetryController.java:96)
	at com.kms.katalon.core.webui.model.SeleniumActionRetryController.performAction(SeleniumActionRetryController.java:83)
	at com.kms.katalon.core.webui.keyword.internal.WebUIKeywordMain$_runKeywordUntilTimeout_closure1.doCall(WebUIKeywordMain.groovy:135)
	at com.kms.katalon.core.webui.keyword.internal.WebUIKeywordMain$_runKeywordUntilTimeout_closure1.call(WebUIKeywordMain.groovy)
	at com.kms.katalon.core.webui.keyword.internal.WebUIKeywordMain.runKeyword(WebUIKeywordMain.groovy:41)
	at com.kms.katalon.core.webui.keyword.internal.WebUIKeywordMain.runKeywordUntilTimeout(WebUIKeywordMain.groovy:133)
	at com.kms.katalon.core.webui.keyword.builtin.EnhancedClickKeyword.click(EnhancedClickKeyword.groovy:95)
	at com.kms.katalon.core.webui.keyword.builtin.EnhancedClickKeyword.execute(EnhancedClickKeyword.groovy:41)
	at com.kms.katalon.core.keyword.internal.KeywordExecutor.executeKeywordForPlatform(KeywordExecutor.groovy:90)
	at com.kms.katalon.core.webui.keyword.WebUiBuiltInKeywords.enhancedClick(WebUiBuiltInKeywords.groovy:747)
	at LG-01.run(LG-01:133)
	at com.kms.katalon.core.main.ScriptEngine.run(ScriptEngine.java:194)
	at com.kms.katalon.core.main.ScriptEngine.runScriptAsRawText(ScriptEngine.java:119)
	at com.kms.katalon.core.main.TestCaseExecutor.runScript(TestCaseExecutor.java:490)
	at com.kms.katalon.core.main.TestCaseExecutor.doExecute(TestCaseExecutor.java:481)
	at com.kms.katalon.core.main.TestCaseExecutor.processExecutionPhase(TestCaseExecutor.java:460)
	at com.kms.katalon.core.main.TestCaseExecutor.accessMainPhase(TestCaseExecutor.java:452)
	at com.kms.katalon.core.main.TestCaseExecutor.execute(TestCaseExecutor.java:322)
	at com.kms.katalon.core.main.TestCaseMain.runTestCase(TestCaseMain.java:151)
	at com.kms.katalon.core.keyword.builtin.CallTestCaseKeyword$_callTestCase_closure1.doCall(CallTestCaseKeyword.groovy:59)
	at com.kms.katalon.core.keyword.builtin.CallTestCaseKeyword$_callTestCase_closure1.call(CallTestCaseKeyword.groovy)
	at com.kms.katalon.core.keyword.internal.KeywordMain.runKeyword(KeywordMain.groovy:75)
	at com.kms.katalon.core.keyword.builtin.CallTestCaseKeyword.callTestCase(CallTestCaseKeyword.groovy:81)
	at com.kms.katalon.core.keyword.builtin.CallTestCaseKeyword.execute(CallTestCaseKeyword.groovy:44)
	at com.kms.katalon.core.keyword.internal.KeywordExecutor.executeKeywordForPlatform(KeywordExecutor.groovy:90)
	at com.kms.katalon.core.keyword.BuiltinKeywords.callTestCase(BuiltinKeywords.groovy:310)
	at java.base/jdk.internal.reflect.NativeMethodAccessorImpl.invoke0(Native Method)
	at java.base/jdk.internal.reflect.NativeMethodAccessorImpl.invoke(NativeMethodAccessorImpl.java:77)
	at java.base/jdk.internal.reflect.DelegatingMethodAccessorImpl.invoke(DelegatingMethodAccessorImpl.java:43)
	at OP1.1.run(OP1.1:20)
	at com.kms.katalon.core.main.ScriptEngine.run(ScriptEngine.java:194)
	at com.kms.katalon.core.main.ScriptEngine.runScriptAsRawText(ScriptEngine.java:119)
	at com.kms.katalon.core.main.TestCaseExecutor.runScript(TestCaseExecutor.java:490)
	at com.kms.katalon.core.main.TestCaseExecutor.doExecute(TestCaseExecutor.java:481)
	at com.kms.katalon.core.main.TestCaseExecutor.processExecutionPhase(TestCaseExecutor.java:460)
	at com.kms.katalon.core.main.TestCaseExecutor.accessMainPhase(TestCaseExecutor.java:452)
	at com.kms.katalon.core.main.TestCaseExecutor.execute(TestCaseExecutor.java:322)
	at com.kms.katalon.core.common.CommonExecutor.accessTestCaseMainPhase(CommonExecutor.java:71)
	at com.kms.katalon.core.main.TestSuiteExecutor.accessTestSuiteMainPhase(TestSuiteExecutor.java:153)
	at com.kms.katalon.core.main.TestSuiteExecutor.execute(TestSuiteExecutor.java:110)
	at com.kms.katalon.core.main.TestCaseMain.startTestSuite(TestCaseMain.java:205)
	at TempTestSuite1767667621470.run(TempTestSuite1767667621470.groovy:35)
	at java.base/jdk.internal.reflect.NativeMethodAccessorImpl.invoke0(Native Method)
	at java.base/jdk.internal.reflect.NativeMethodAccessorImpl.invoke(NativeMethodAccessorImpl.java:77)
	at java.base/jdk.internal.reflect.DelegatingMethodAccessorImpl.invoke(DelegatingMethodAccessorImpl.java:43)
</property>
  <property name="failed.exception.message">Web element with id: &apos;ok_button_in_modal&apos; located by &apos;By.xpath: //footer[contains(@class,&apos;mdc-dialog__actions&apos;)]//button[@aria-label=&apos;Ok&apos; and .//span[@class=&apos;mdc-button__label&apos; and normalize-space()=&apos;Ok&apos;]]&apos; not found</property>
</record>
<record>
  <date>2026-01-06T02:47:41.671788Z</date>
  <millis>1767667661671</millis>
  <nanos>788000</nanos>
  <sequence>144</sequence>
  <level>END</level>
  <class>com.kms.katalon.core.logging.XmlKeywordLogger</class>
  <method>endKeyword</method>
  <thread>1</thread>
  <message>End action : enhancedClick(okBtn)</message>
  <nestedLevel>2</nestedLevel>
  <escapedJava>false</escapedJava>
</record>
<record>
  <date>2026-01-06T02:47:41.672789700Z</date>
  <millis>1767667661672</millis>
  <nanos>789700</nanos>
  <sequence>145</sequence>
  <level>END</level>
  <class>com.kms.katalon.core.logging.XmlKeywordLogger</class>
  <method>endKeyword</method>
  <thread>1</thread>
  <message>End action : if (!(usernameVisible))</message>
  <nestedLevel>1</nestedLevel>
  <escapedJava>false</escapedJava>
</record>
<record>
  <date>2026-01-06T02:47:41.673796200Z</date>
  <millis>1767667661673</millis>
  <nanos>796200</nanos>
  <sequence>148</sequence>
  <level>FAILED</level>
  <class>com.kms.katalon.core.logging.XmlKeywordLogger</class>
  <method>logMessage</method>
  <thread>1</thread>
  <message>Test Cases/Login/LG-01 FAILED.
Reason:
com.kms.katalon.core.exception.StepFailedException: Unable to click on object &amp;apos;ok_button_in_modal&amp;apos;
	at com.kms.katalon.core.webui.keyword.internal.WebUIKeywordMain.stepFailed(WebUIKeywordMain.groovy:177)
	at com.kms.katalon.core.webui.keyword.internal.WebUIKeywordMain.runKeyword(WebUIKeywordMain.groovy:49)
	at com.kms.katalon.core.webui.keyword.internal.WebUIKeywordMain.runKeywordUntilTimeout(WebUIKeywordMain.groovy:133)
	at com.kms.katalon.core.webui.keyword.builtin.EnhancedClickKeyword.click(EnhancedClickKeyword.groovy:95)
	at com.kms.katalon.core.webui.keyword.builtin.EnhancedClickKeyword.execute(EnhancedClickKeyword.groovy:41)
	at com.kms.katalon.core.keyword.internal.KeywordExecutor.executeKeywordForPlatform(KeywordExecutor.groovy:90)
	at com.kms.katalon.core.webui.keyword.WebUiBuiltInKeywords.enhancedClick(WebUiBuiltInKeywords.groovy:747)
	at LG-01.run(LG-01:133)
	at com.kms.katalon.core.main.ScriptEngine.run(ScriptEngine.java:194)
	at com.kms.katalon.core.main.ScriptEngine.runScriptAsRawText(ScriptEngine.java:119)
	at com.kms.katalon.core.main.TestCaseExecutor.runScript(TestCaseExecutor.java:490)
	at com.kms.katalon.core.main.TestCaseExecutor.doExecute(TestCaseExecutor.java:481)
	at com.kms.katalon.core.main.TestCaseExecutor.processExecutionPhase(TestCaseExecutor.java:460)
	at com.kms.katalon.core.main.TestCaseExecutor.accessMainPhase(TestCaseExecutor.java:452)
	at com.kms.katalon.core.main.TestCaseExecutor.execute(TestCaseExecutor.java:322)
	at com.kms.katalon.core.main.TestCaseMain.runTestCase(TestCaseMain.java:151)
	at com.kms.katalon.core.keyword.builtin.CallTestCaseKeyword$_callTestCase_closure1.doCall(CallTestCaseKeyword.groovy:59)
	at com.kms.katalon.core.keyword.builtin.CallTestCaseKeyword$_callTestCase_closure1.call(CallTestCaseKeyword.groovy)
	at com.kms.katalon.core.keyword.internal.KeywordMain.runKeyword(KeywordMain.groovy:75)
	at com.kms.katalon.core.keyword.builtin.CallTestCaseKeyword.callTestCase(CallTestCaseKeyword.groovy:81)
	at com.kms.katalon.core.keyword.builtin.CallTestCaseKeyword.execute(CallTestCaseKeyword.groovy:44)
	at com.kms.katalon.core.keyword.internal.KeywordExecutor.executeKeywordForPlatform(KeywordExecutor.groovy:90)
	at com.kms.katalon.core.keyword.BuiltinKeywords.callTestCase(BuiltinKeywords.groovy:310)
	at java.base/jdk.internal.reflect.NativeMethodAccessorImpl.invoke0(Native Method)
	at java.base/jdk.internal.reflect.NativeMethodAccessorImpl.invoke(NativeMethodAccessorImpl.java:77)
	at java.base/jdk.internal.reflect.DelegatingMethodAccessorImpl.invoke(DelegatingMethodAccessorImpl.java:43)
	at OP1.1.run(OP1.1:20)
	at com.kms.katalon.core.main.ScriptEngine.run(ScriptEngine.java:194)
	at com.kms.katalon.core.main.ScriptEngine.runScriptAsRawText(ScriptEngine.java:119)
	at com.kms.katalon.core.main.TestCaseExecutor.runScript(TestCaseExecutor.java:490)
	at com.kms.katalon.core.main.TestCaseExecutor.doExecute(TestCaseExecutor.java:481)
	at com.kms.katalon.core.main.TestCaseExecutor.processExecutionPhase(TestCaseExecutor.java:460)
	at com.kms.katalon.core.main.TestCaseExecutor.accessMainPhase(TestCaseExecutor.java:452)
	at com.kms.katalon.core.main.TestCaseExecutor.execute(TestCaseExecutor.java:322)
	at com.kms.katalon.core.common.CommonExecutor.accessTestCaseMainPhase(CommonExecutor.java:71)
	at com.kms.katalon.core.main.TestSuiteExecutor.accessTestSuiteMainPhase(TestSuiteExecutor.java:153)
	at com.kms.katalon.core.main.TestSuiteExecutor.execute(TestSuiteExecutor.java:110)
	at com.kms.katalon.core.main.TestCaseMain.startTestSuite(TestCaseMain.java:205)
	at TempTestSuite1767667621470.run(TempTestSuite1767667621470.groovy:35)
	at java.base/jdk.internal.reflect.NativeMethodAccessorImpl.invoke0(Native Method)
	at java.base/jdk.internal.reflect.NativeMethodAccessorImpl.invoke(NativeMethodAccessorImpl.java:77)
	at java.base/jdk.internal.reflect.DelegatingMethodAccessorImpl.invoke(DelegatingMethodAccessorImpl.java:43)
Caused by: com.kms.katalon.core.webui.exception.WebElementNotFoundException: Web element with id: &amp;apos;ok_button_in_modal&amp;apos; located by &amp;apos;By.xpath: //footer[contains(@class,&amp;apos;mdc-dialog__actions&amp;apos;)]//button[@aria-label=&amp;apos;Ok&amp;apos; and .//span[@class=&amp;apos;mdc-button__label&amp;apos; and normalize-space()=&amp;apos;Ok&amp;apos;]]&amp;apos; not found
	at com.kms.katalon.core.webui.model.WebUiElementFinder.findElementByNormalMethods(WebUiElementFinder.java:193)
	at com.kms.katalon.core.webui.model.WebUiElementFinder.findElementsBySelectedMethod(WebUiElementFinder.java:86)
	at com.kms.katalon.core.webui.model.WebUiElementFinder.findElementsBySelectedMethod(WebUiElementFinder.java:74)
	at com.kms.katalon.core.webui.model.WebUiElementFinder.findElementsBySelectedMethod(WebUiElementFinder.java:69)
	at com.kms.katalon.core.webui.model.WebUiElementFinder.findElement(WebUiElementFinder.java:43)
	at com.kms.katalon.core.webui.model.WebUiElementFinderWithTimeout.basicFindElement(WebUiElementFinderWithTimeout.java:50)
	at com.kms.katalon.core.webui.model.WebUiElementFinderWithTimeout.lambda$0(WebUiElementFinderWithTimeout.java:29)
	at com.kms.katalon.core.webui.model.SeleniumActionRetryController.performAction(SeleniumActionRetryController.java:96)
	at com.kms.katalon.core.webui.model.SeleniumActionRetryController.performAction(SeleniumActionRetryController.java:83)
	at com.kms.katalon.core.webui.model.WebUiElementFinderWithTimeout.findElement(WebUiElementFinderWithTimeout.java:28)
	at com.kms.katalon.core.webui.keyword.internal.WebUIAbstractKeyword.findWebElement(WebUIAbstractKeyword.groovy:96)
	at com.kms.katalon.core.webui.keyword.builtin.EnhancedClickKeyword$_click_closure1.doCall(EnhancedClickKeyword.groovy:69)
	at java.base/jdk.internal.reflect.NativeMethodAccessorImpl.invoke0(Native Method)
	at java.base/jdk.internal.reflect.NativeMethodAccessorImpl.invoke(NativeMethodAccessorImpl.java:77)
	at java.base/jdk.internal.reflect.DelegatingMethodAccessorImpl.invoke(DelegatingMethodAccessorImpl.java:43)
	at jdk.proxy2/jdk.proxy2.$Proxy50.execute(Unknown Source)
	at com.kms.katalon.core.webui.model.SeleniumActionRetryController.performAction(SeleniumActionRetryController.java:96)
	at com.kms.katalon.core.webui.model.SeleniumActionRetryController.performAction(SeleniumActionRetryController.java:83)
	at com.kms.katalon.core.webui.keyword.internal.WebUIKeywordMain$_runKeywordUntilTimeout_closure1.doCall(WebUIKeywordMain.groovy:135)
	at com.kms.katalon.core.webui.keyword.internal.WebUIKeywordMain$_runKeywordUntilTimeout_closure1.call(WebUIKeywordMain.groovy)
	at com.kms.katalon.core.webui.keyword.internal.WebUIKeywordMain.runKeyword(WebUIKeywordMain.groovy:41)
	... 40 more
</message>
  <exception>
    <message>com.kms.katalon.core.exception.StepFailedException: Unable to click on object 'ok_button_in_modal'</message>
    <frame>
      <class>com.kms.katalon.core.logging.XmlKeywordLogger</class>
      <method>logMessage</method>
      <line>512</line>
    </frame>
    <frame>
      <class>com.kms.katalon.core.logging.KeywordLogger</class>
      <method>logMessage</method>
      <line>447</line>
    </frame>
    <frame>
      <class>com.kms.katalon.core.main.TestCaseExecutor</class>
      <method>logError</method>
      <line>599</line>
    </frame>
    <frame>
      <class>com.kms.katalon.core.main.TestCaseExecutor</class>
      <method>onExecutionError</method>
      <line>187</line>
    </frame>
    <frame>
      <class>com.kms.katalon.core.main.TestCaseExecutor</class>
      <method>processExecutionPhase</method>
      <line>470</line>
    </frame>
    <frame>
      <class>com.kms.katalon.core.main.TestCaseExecutor</class>
      <method>accessMainPhase</method>
      <line>452</line>
    </frame>
    <frame>
      <class>com.kms.katalon.core.main.TestCaseExecutor</class>
      <method>execute</method>
      <line>322</line>
    </frame>
    <frame>
      <class>com.kms.katalon.core.main.TestCaseMain</class>
      <method>runTestCase</method>
      <line>151</line>
    </frame>
    <frame>
      <class>com.kms.katalon.core.keyword.builtin.CallTestCaseKeyword$_callTestCase_closure1</class>
      <method>doCall</method>
      <line>59</line>
    </frame>
    <frame>
      <class>com.kms.katalon.core.keyword.builtin.CallTestCaseKeyword$_callTestCase_closure1</class>
      <method>call</method>
    </frame>
    <frame>
      <class>com.kms.katalon.core.keyword.internal.KeywordMain</class>
      <method>runKeyword</method>
      <line>75</line>
    </frame>
    <frame>
      <class>com.kms.katalon.core.keyword.builtin.CallTestCaseKeyword</class>
      <method>callTestCase</method>
      <line>81</line>
    </frame>
    <frame>
      <class>com.kms.katalon.core.keyword.builtin.CallTestCaseKeyword</class>
      <method>execute</method>
      <line>44</line>
    </frame>
    <frame>
      <class>com.kms.katalon.core.keyword.internal.KeywordExecutor</class>
      <method>executeKeywordForPlatform</method>
      <line>90</line>
    </frame>
    <frame>
      <class>com.kms.katalon.core.keyword.BuiltinKeywords</class>
      <method>callTestCase</method>
      <line>310</line>
    </frame>
    <frame>
      <class>jdk.internal.reflect.NativeMethodAccessorImpl</class>
      <method>invoke0</method>
    </frame>
    <frame>
      <class>jdk.internal.reflect.NativeMethodAccessorImpl</class>
      <method>invoke</method>
      <line>77</line>
    </frame>
    <frame>
      <class>jdk.internal.reflect.DelegatingMethodAccessorImpl</class>
      <method>invoke</method>
      <line>43</line>
    </frame>
    <frame>
      <class>java.lang.reflect.Method</class>
      <method>invoke</method>
      <line>569</line>
    </frame>
    <frame>
      <class>org.codehaus.groovy.reflection.CachedMethod</class>
      <method>invoke</method>
      <line>107</line>
    </frame>
    <frame>
      <class>groovy.lang.MetaMethod</class>
      <method>doMethodInvoke</method>
      <line>323</line>
    </frame>
    <frame>
      <class>groovy.lang.MetaClassImpl</class>
      <method>invokeStaticMethod</method>
      <line>1536</line>
    </frame>
    <frame>
      <class>org.codehaus.groovy.vmplugin.v8.IndyInterface</class>
      <method>fromCache</method>
      <line>318</line>
    </frame>
    <frame>
      <class>Script1767663740888</class>
      <method>run</method>
      <line>20</line>
    </frame>
    <frame>
      <class>com.kms.katalon.core.main.ScriptEngine</class>
      <method>run</method>
      <line>194</line>
    </frame>
    <frame>
      <class>com.kms.katalon.core.main.ScriptEngine</class>
      <method>runScriptAsRawText</method>
      <line>119</line>
    </frame>
    <frame>
      <class>com.kms.katalon.core.main.TestCaseExecutor</class>
      <method>runScript</method>
      <line>490</line>
    </frame>
    <frame>
      <class>com.kms.katalon.core.main.TestCaseExecutor</class>
      <method>doExecute</method>
      <line>481</line>
    </frame>
    <frame>
      <class>com.kms.katalon.core.main.TestCaseExecutor</class>
      <method>processExecutionPhase</method>
      <line>460</line>
    </frame>
    <frame>
      <class>com.kms.katalon.core.main.TestCaseExecutor</class>
      <method>accessMainPhase</method>
      <line>452</line>
    </frame>
    <frame>
      <class>com.kms.katalon.core.main.TestCaseExecutor</class>
      <method>execute</method>
      <line>322</line>
    </frame>
    <frame>
      <class>com.kms.katalon.core.common.CommonExecutor</class>
      <method>accessTestCaseMainPhase</method>
      <line>71</line>
    </frame>
    <frame>
      <class>com.kms.katalon.core.main.TestSuiteExecutor</class>
      <method>accessTestSuiteMainPhase</method>
      <line>153</line>
    </frame>
    <frame>
      <class>com.kms.katalon.core.main.TestSuiteExecutor</class>
      <method>execute</method>
      <line>110</line>
    </frame>
    <frame>
      <class>com.kms.katalon.core.main.TestCaseMain</class>
      <method>startTestSuite</method>
      <line>205</line>
    </frame>
    <frame>
      <class>org.codehaus.groovy.vmplugin.v8.IndyInterface</class>
      <method>fromCache</method>
      <line>318</line>
    </frame>
    <frame>
      <class>TempTestSuite1767667621470</class>
      <method>run</method>
      <line>35</line>
    </frame>
    <frame>
      <class>groovy.lang.GroovyShell</class>
      <method>runScriptOrMainOrTestOrRunnable</method>
      <line>254</line>
    </frame>
    <frame>
      <class>groovy.lang.GroovyShell</class>
      <method>run</method>
      <line>360</line>
    </frame>
    <frame>
      <class>groovy.lang.GroovyShell</class>
      <method>run</method>
      <line>349</line>
    </frame>
    <frame>
      <class>groovy.ui.GroovyMain</class>
      <method>processOnce</method>
      <line>652</line>
    </frame>
    <frame>
      <class>groovy.ui.GroovyMain</class>
      <method>run</method>
      <line>398</line>
    </frame>
    <frame>
      <class>groovy.ui.GroovyMain</class>
      <method>access$1400</method>
      <line>68</line>
    </frame>
    <frame>
      <class>groovy.ui.GroovyMain$GroovyCommand</class>
      <method>process</method>
      <line>322</line>
    </frame>
    <frame>
      <class>groovy.ui.GroovyMain</class>
      <method>processArgs</method>
      <line>142</line>
    </frame>
    <frame>
      <class>groovy.ui.GroovyMain</class>
      <method>main</method>
      <line>115</line>
    </frame>
    <frame>
      <class>jdk.internal.reflect.NativeMethodAccessorImpl</class>
      <method>invoke0</method>
    </frame>
    <frame>
      <class>jdk.internal.reflect.NativeMethodAccessorImpl</class>
      <method>invoke</method>
      <line>77</line>
    </frame>
    <frame>
      <class>jdk.internal.reflect.DelegatingMethodAccessorImpl</class>
      <method>invoke</method>
      <line>43</line>
    </frame>
    <frame>
      <class>java.lang.reflect.Method</class>
      <method>invoke</method>
      <line>569</line>
    </frame>
    <frame>
      <class>org.codehaus.groovy.tools.GroovyStarter</class>
      <method>rootLoader</method>
      <line>117</line>
    </frame>
    <frame>
      <class>org.codehaus.groovy.tools.GroovyStarter</class>
      <method>main</method>
      <line>39</line>
    </frame>
  </exception>
  <nestedLevel>0</nestedLevel>
  <escapedJava>false</escapedJava>
  <property name="failed.exception.stacktrace">com.kms.katalon.core.webui.exception.WebElementNotFoundException: Web element with id: &apos;ok_button_in_modal&apos; located by &apos;By.xpath: //footer[contains(@class,&apos;mdc-dialog__actions&apos;)]//button[@aria-label=&apos;Ok&apos; and .//span[@class=&apos;mdc-button__label&apos; and normalize-space()=&apos;Ok&apos;]]&apos; not found
	at com.kms.katalon.core.webui.model.WebUiElementFinder.findElementByNormalMethods(WebUiElementFinder.java:193)
	at com.kms.katalon.core.webui.model.WebUiElementFinder.findElementsBySelectedMethod(WebUiElementFinder.java:86)
	at com.kms.katalon.core.webui.model.WebUiElementFinder.findElementsBySelectedMethod(WebUiElementFinder.java:74)
	at com.kms.katalon.core.webui.model.WebUiElementFinder.findElementsBySelectedMethod(WebUiElementFinder.java:69)
	at com.kms.katalon.core.webui.model.WebUiElementFinder.findElement(WebUiElementFinder.java:43)
	at com.kms.katalon.core.webui.model.WebUiElementFinderWithTimeout.basicFindElement(WebUiElementFinderWithTimeout.java:50)
	at com.kms.katalon.core.webui.model.WebUiElementFinderWithTimeout.lambda$0(WebUiElementFinderWithTimeout.java:29)
	at com.kms.katalon.core.webui.model.SeleniumActionRetryController.performAction(SeleniumActionRetryController.java:96)
	at com.kms.katalon.core.webui.model.SeleniumActionRetryController.performAction(SeleniumActionRetryController.java:83)
	at com.kms.katalon.core.webui.model.WebUiElementFinderWithTimeout.findElement(WebUiElementFinderWithTimeout.java:28)
	at com.kms.katalon.core.webui.keyword.internal.WebUIAbstractKeyword.findWebElement(WebUIAbstractKeyword.groovy:96)
	at com.kms.katalon.core.webui.keyword.builtin.EnhancedClickKeyword$_click_closure1.doCall(EnhancedClickKeyword.groovy:69)
	at java.base/jdk.internal.reflect.NativeMethodAccessorImpl.invoke0(Native Method)
	at java.base/jdk.internal.reflect.NativeMethodAccessorImpl.invoke(NativeMethodAccessorImpl.java:77)
	at java.base/jdk.internal.reflect.DelegatingMethodAccessorImpl.invoke(DelegatingMethodAccessorImpl.java:43)
	at jdk.proxy2/jdk.proxy2.$Proxy50.execute(Unknown Source)
	at com.kms.katalon.core.webui.model.SeleniumActionRetryController.performAction(SeleniumActionRetryController.java:96)
	at com.kms.katalon.core.webui.model.SeleniumActionRetryController.performAction(SeleniumActionRetryController.java:83)
	at com.kms.katalon.core.webui.keyword.internal.WebUIKeywordMain$_runKeywordUntilTimeout_closure1.doCall(WebUIKeywordMain.groovy:135)
	at com.kms.katalon.core.webui.keyword.internal.WebUIKeywordMain$_runKeywordUntilTimeout_closure1.call(WebUIKeywordMain.groovy)
	at com.kms.katalon.core.webui.keyword.internal.WebUIKeywordMain.runKeyword(WebUIKeywordMain.groovy:41)
	at com.kms.katalon.core.webui.keyword.internal.WebUIKeywordMain.runKeywordUntilTimeout(WebUIKeywordMain.groovy:133)
	at com.kms.katalon.core.webui.keyword.builtin.EnhancedClickKeyword.click(EnhancedClickKeyword.groovy:95)
	at com.kms.katalon.core.webui.keyword.builtin.EnhancedClickKeyword.execute(EnhancedClickKeyword.groovy:41)
	at com.kms.katalon.core.keyword.internal.KeywordExecutor.executeKeywordForPlatform(KeywordExecutor.groovy:90)
	at com.kms.katalon.core.webui.keyword.WebUiBuiltInKeywords.enhancedClick(WebUiBuiltInKeywords.groovy:747)
	at LG-01.run(LG-01:133)
	at com.kms.katalon.core.main.ScriptEngine.run(ScriptEngine.java:194)
	at com.kms.katalon.core.main.ScriptEngine.runScriptAsRawText(ScriptEngine.java:119)
	at com.kms.katalon.core.main.TestCaseExecutor.runScript(TestCaseExecutor.java:490)
	at com.kms.katalon.core.main.TestCaseExecutor.doExecute(TestCaseExecutor.java:481)
	at com.kms.katalon.core.main.TestCaseExecutor.processExecutionPhase(TestCaseExecutor.java:460)
	at com.kms.katalon.core.main.TestCaseExecutor.accessMainPhase(TestCaseExecutor.java:452)
	at com.kms.katalon.core.main.TestCaseExecutor.execute(TestCaseExecutor.java:322)
	at com.kms.katalon.core.main.TestCaseMain.runTestCase(TestCaseMain.java:151)
	at com.kms.katalon.core.keyword.builtin.CallTestCaseKeyword$_callTestCase_closure1.doCall(CallTestCaseKeyword.groovy:59)
	at com.kms.katalon.core.keyword.builtin.CallTestCaseKeyword$_callTestCase_closure1.call(CallTestCaseKeyword.groovy)
	at com.kms.katalon.core.keyword.internal.KeywordMain.runKeyword(KeywordMain.groovy:75)
	at com.kms.katalon.core.keyword.builtin.CallTestCaseKeyword.callTestCase(CallTestCaseKeyword.groovy:81)
	at com.kms.katalon.core.keyword.builtin.CallTestCaseKeyword.execute(CallTestCaseKeyword.groovy:44)
	at com.kms.katalon.core.keyword.internal.KeywordExecutor.executeKeywordForPlatform(KeywordExecutor.groovy:90)
	at com.kms.katalon.core.keyword.BuiltinKeywords.callTestCase(BuiltinKeywords.groovy:310)
	at java.base/jdk.internal.reflect.NativeMethodAccessorImpl.invoke0(Native Method)
	at java.base/jdk.internal.reflect.NativeMethodAccessorImpl.invoke(NativeMethodAccessorImpl.java:77)
	at java.base/jdk.internal.reflect.DelegatingMethodAccessorImpl.invoke(DelegatingMethodAccessorImpl.java:43)
	at OP1.1.run(OP1.1:20)
	at com.kms.katalon.core.main.ScriptEngine.run(ScriptEngine.java:194)
	at com.kms.katalon.core.main.ScriptEngine.runScriptAsRawText(ScriptEngine.java:119)
	at com.kms.katalon.core.main.TestCaseExecutor.runScript(TestCaseExecutor.java:490)
	at com.kms.katalon.core.main.TestCaseExecutor.doExecute(TestCaseExecutor.java:481)
	at com.kms.katalon.core.main.TestCaseExecutor.processExecutionPhase(TestCaseExecutor.java:460)
	at com.kms.katalon.core.main.TestCaseExecutor.accessMainPhase(TestCaseExecutor.java:452)
	at com.kms.katalon.core.main.TestCaseExecutor.execute(TestCaseExecutor.java:322)
	at com.kms.katalon.core.common.CommonExecutor.accessTestCaseMainPhase(CommonExecutor.java:71)
	at com.kms.katalon.core.main.TestSuiteExecutor.accessTestSuiteMainPhase(TestSuiteExecutor.java:153)
	at com.kms.katalon.core.main.TestSuiteExecutor.execute(TestSuiteExecutor.java:110)
	at com.kms.katalon.core.main.TestCaseMain.startTestSuite(TestCaseMain.java:205)
	at TempTestSuite1767667621470.run(TempTestSuite1767667621470.groovy:35)
	at java.base/jdk.internal.reflect.NativeMethodAccessorImpl.invoke0(Native Method)
	at java.base/jdk.internal.reflect.NativeMethodAccessorImpl.invoke(NativeMethodAccessorImpl.java:77)
	at java.base/jdk.internal.reflect.DelegatingMethodAccessorImpl.invoke(DelegatingMethodAccessorImpl.java:43)
</property>
  <property name="failed.exception.class">com.kms.katalon.core.webui.exception.WebElementNotFoundException</property>
  <property name="failed.exception.message">Web element with id: &apos;ok_button_in_modal&apos; located by &apos;By.xpath: //footer[contains(@class,&apos;mdc-dialog__actions&apos;)]//button[@aria-label=&apos;Ok&apos; and .//span[@class=&apos;mdc-button__label&apos; and normalize-space()=&apos;Ok&apos;]]&apos; not found</property>
</record>
<record>
  <date>2026-01-06T02:47:41.677786500Z</date>
  <millis>1767667661677</millis>
  <nanos>786500</nanos>
  <sequence>150</sequence>
  <level>END</level>
  <class>com.kms.katalon.core.logging.XmlKeywordLogger</class>
  <method>endTest</method>
  <thread>1</thread>
  <message>End Test Case : Test Cases/Login/LG-01</message>
  <nestedLevel>1</nestedLevel>
  <escapedJava>false</escapedJava>
</record>
<record>
  <date>2026-01-06T02:47:41.686799800Z</date>
  <millis>1767667661686</millis>
  <nanos>799800</nanos>
  <sequence>155</sequence>
  <level>FAILED</level>
  <class>com.kms.katalon.core.logging.XmlKeywordLogger</class>
  <method>logMessage</method>
  <thread>1</thread>
  <message>Unable to call Test Case &amp;apos;Test Cases/Login/LG-01&amp;apos; (Root cause: com.kms.katalon.core.exception.StepFailedException: Call Test Case &amp;apos;Test Cases/Login/LG-01&amp;apos; failed
	at com.kms.katalon.core.keyword.builtin.CallTestCaseKeyword$_callTestCase_closure1.doCall(CallTestCaseKeyword.groovy:63)
	at com.kms.katalon.core.keyword.builtin.CallTestCaseKeyword$_callTestCase_closure1.call(CallTestCaseKeyword.groovy)
	at com.kms.katalon.core.keyword.internal.KeywordMain.runKeyword(KeywordMain.groovy:75)
	at com.kms.katalon.core.keyword.builtin.CallTestCaseKeyword.callTestCase(CallTestCaseKeyword.groovy:81)
	at com.kms.katalon.core.keyword.builtin.CallTestCaseKeyword.execute(CallTestCaseKeyword.groovy:44)
	at com.kms.katalon.core.keyword.internal.KeywordExecutor.executeKeywordForPlatform(KeywordExecutor.groovy:90)
	at com.kms.katalon.core.keyword.BuiltinKeywords.callTestCase(BuiltinKeywords.groovy:310)
	at java.base/jdk.internal.reflect.NativeMethodAccessorImpl.invoke0(Native Method)
	at java.base/jdk.internal.reflect.NativeMethodAccessorImpl.invoke(NativeMethodAccessorImpl.java:77)
	at java.base/jdk.internal.reflect.DelegatingMethodAccessorImpl.invoke(DelegatingMethodAccessorImpl.java:43)
	at OP1.1.run(OP1.1:20)
	at com.kms.katalon.core.main.ScriptEngine.run(ScriptEngine.java:194)
	at com.kms.katalon.core.main.ScriptEngine.runScriptAsRawText(ScriptEngine.java:119)
	at com.kms.katalon.core.main.TestCaseExecutor.runScript(TestCaseExecutor.java:490)
	at com.kms.katalon.core.main.TestCaseExecutor.doExecute(TestCaseExecutor.java:481)
	at com.kms.katalon.core.main.TestCaseExecutor.processExecutionPhase(TestCaseExecutor.java:460)
	at com.kms.katalon.core.main.TestCaseExecutor.accessMainPhase(TestCaseExecutor.java:452)
	at com.kms.katalon.core.main.TestCaseExecutor.execute(TestCaseExecutor.java:322)
	at com.kms.katalon.core.common.CommonExecutor.accessTestCaseMainPhase(CommonExecutor.java:71)
	at com.kms.katalon.core.main.TestSuiteExecutor.accessTestSuiteMainPhase(TestSuiteExecutor.java:153)
	at com.kms.katalon.core.main.TestSuiteExecutor.execute(TestSuiteExecutor.java:110)
	at com.kms.katalon.core.main.TestCaseMain.startTestSuite(TestCaseMain.java:205)
	at TempTestSuite1767667621470.run(TempTestSuite1767667621470.groovy:35)
	at java.base/jdk.internal.reflect.NativeMethodAccessorImpl.invoke0(Native Method)
	at java.base/jdk.internal.reflect.NativeMethodAccessorImpl.invoke(NativeMethodAccessorImpl.java:77)
	at java.base/jdk.internal.reflect.DelegatingMethodAccessorImpl.invoke(DelegatingMethodAccessorImpl.java:43)
Caused by: com.kms.katalon.core.exception.StepFailedException: Unable to click on object &amp;apos;ok_button_in_modal&amp;apos;
	at com.kms.katalon.core.webui.keyword.internal.WebUIKeywordMain.stepFailed(WebUIKeywordMain.groovy:177)
	at com.kms.katalon.core.webui.keyword.internal.WebUIKeywordMain.runKeyword(WebUIKeywordMain.groovy:49)
	at com.kms.katalon.core.webui.keyword.internal.WebUIKeywordMain.runKeywordUntilTimeout(WebUIKeywordMain.groovy:133)
	at com.kms.katalon.core.webui.keyword.builtin.EnhancedClickKeyword.click(EnhancedClickKeyword.groovy:95)
	at com.kms.katalon.core.webui.keyword.builtin.EnhancedClickKeyword.execute(EnhancedClickKeyword.groovy:41)
	at com.kms.katalon.core.keyword.internal.KeywordExecutor.executeKeywordForPlatform(KeywordExecutor.groovy:90)
	at com.kms.katalon.core.webui.keyword.WebUiBuiltInKeywords.enhancedClick(WebUiBuiltInKeywords.groovy:747)
	at LG-01.run(LG-01:133)
	at com.kms.katalon.core.main.ScriptEngine.run(ScriptEngine.java:194)
	at com.kms.katalon.core.main.ScriptEngine.runScriptAsRawText(ScriptEngine.java:119)
	at com.kms.katalon.core.main.TestCaseExecutor.runScript(TestCaseExecutor.java:490)
	at com.kms.katalon.core.main.TestCaseExecutor.doExecute(TestCaseExecutor.java:481)
	at com.kms.katalon.core.main.TestCaseExecutor.processExecutionPhase(TestCaseExecutor.java:460)
	at com.kms.katalon.core.main.TestCaseExecutor.accessMainPhase(TestCaseExecutor.java:452)
	at com.kms.katalon.core.main.TestCaseExecutor.execute(TestCaseExecutor.java:322)
	at com.kms.katalon.core.main.TestCaseMain.runTestCase(TestCaseMain.java:151)
	at com.kms.katalon.core.keyword.builtin.CallTestCaseKeyword$_callTestCase_closure1.doCall(CallTestCaseKeyword.groovy:59)
	... 25 more
Caused by: com.kms.katalon.core.webui.exception.WebElementNotFoundException: Web element with id: &amp;apos;ok_button_in_modal&amp;apos; located by &amp;apos;By.xpath: //footer[contains(@class,&amp;apos;mdc-dialog__actions&amp;apos;)]//button[@aria-label=&amp;apos;Ok&amp;apos; and .//span[@class=&amp;apos;mdc-button__label&amp;apos; and normalize-space()=&amp;apos;Ok&amp;apos;]]&amp;apos; not found
	at com.kms.katalon.core.webui.model.WebUiElementFinder.findElementByNormalMethods(WebUiElementFinder.java:193)
	at com.kms.katalon.core.webui.model.WebUiElementFinder.findElementsBySelectedMethod(WebUiElementFinder.java:86)
	at com.kms.katalon.core.webui.model.WebUiElementFinder.findElementsBySelectedMethod(WebUiElementFinder.java:74)
	at com.kms.katalon.core.webui.model.WebUiElementFinder.findElementsBySelectedMethod(WebUiElementFinder.java:69)
	at com.kms.katalon.core.webui.model.WebUiElementFinder.findElement(WebUiElementFinder.java:43)
	at com.kms.katalon.core.webui.model.WebUiElementFinderWithTimeout.basicFindElement(WebUiElementFinderWithTimeout.java:50)
	at com.kms.katalon.core.webui.model.WebUiElementFinderWithTimeout.lambda$0(WebUiElementFinderWithTimeout.java:29)
	at com.kms.katalon.core.webui.model.SeleniumActionRetryController.performAction(SeleniumActionRetryController.java:96)
	at com.kms.katalon.core.webui.model.SeleniumActionRetryController.performAction(SeleniumActionRetryController.java:83)
	at com.kms.katalon.core.webui.model.WebUiElementFinderWithTimeout.findElement(WebUiElementFinderWithTimeout.java:28)
	at com.kms.katalon.core.webui.keyword.internal.WebUIAbstractKeyword.findWebElement(WebUIAbstractKeyword.groovy:96)
	at com.kms.katalon.core.webui.keyword.builtin.EnhancedClickKeyword$_click_closure1.doCall(EnhancedClickKeyword.groovy:69)
	at java.base/jdk.internal.reflect.NativeMethodAccessorImpl.invoke0(Native Method)
	at java.base/jdk.internal.reflect.NativeMethodAccessorImpl.invoke(NativeMethodAccessorImpl.java:77)
	at java.base/jdk.internal.reflect.DelegatingMethodAccessorImpl.invoke(DelegatingMethodAccessorImpl.java:43)
	at jdk.proxy2/jdk.proxy2.$Proxy50.execute(Unknown Source)
	at com.kms.katalon.core.webui.model.SeleniumActionRetryController.performAction(SeleniumActionRetryController.java:96)
	at com.kms.katalon.core.webui.model.SeleniumActionRetryController.performAction(SeleniumActionRetryController.java:83)
	at com.kms.katalon.core.webui.keyword.internal.WebUIKeywordMain$_runKeywordUntilTimeout_closure1.doCall(WebUIKeywordMain.groovy:135)
	at com.kms.katalon.core.webui.keyword.internal.WebUIKeywordMain$_runKeywordUntilTimeout_closure1.call(WebUIKeywordMain.groovy)
	at com.kms.katalon.core.webui.keyword.internal.WebUIKeywordMain.runKeyword(WebUIKeywordMain.groovy:41)
	... 40 more
)</message>
  <nestedLevel>1</nestedLevel>
  <escapedJava>false</escapedJava>
  <property name="failed.exception.class">com.kms.katalon.core.webui.exception.WebElementNotFoundException</property>
  <property name="failed.exception.stacktrace">com.kms.katalon.core.webui.exception.WebElementNotFoundException: Web element with id: &apos;ok_button_in_modal&apos; located by &apos;By.xpath: //footer[contains(@class,&apos;mdc-dialog__actions&apos;)]//button[@aria-label=&apos;Ok&apos; and .//span[@class=&apos;mdc-button__label&apos; and normalize-space()=&apos;Ok&apos;]]&apos; not found
	at com.kms.katalon.core.webui.model.WebUiElementFinder.findElementByNormalMethods(WebUiElementFinder.java:193)
	at com.kms.katalon.core.webui.model.WebUiElementFinder.findElementsBySelectedMethod(WebUiElementFinder.java:86)
	at com.kms.katalon.core.webui.model.WebUiElementFinder.findElementsBySelectedMethod(WebUiElementFinder.java:74)
	at com.kms.katalon.core.webui.model.WebUiElementFinder.findElementsBySelectedMethod(WebUiElementFinder.java:69)
	at com.kms.katalon.core.webui.model.WebUiElementFinder.findElement(WebUiElementFinder.java:43)
	at com.kms.katalon.core.webui.model.WebUiElementFinderWithTimeout.basicFindElement(WebUiElementFinderWithTimeout.java:50)
	at com.kms.katalon.core.webui.model.WebUiElementFinderWithTimeout.lambda$0(WebUiElementFinderWithTimeout.java:29)
	at com.kms.katalon.core.webui.model.SeleniumActionRetryController.performAction(SeleniumActionRetryController.java:96)
	at com.kms.katalon.core.webui.model.SeleniumActionRetryController.performAction(SeleniumActionRetryController.java:83)
	at com.kms.katalon.core.webui.model.WebUiElementFinderWithTimeout.findElement(WebUiElementFinderWithTimeout.java:28)
	at com.kms.katalon.core.webui.keyword.internal.WebUIAbstractKeyword.findWebElement(WebUIAbstractKeyword.groovy:96)
	at com.kms.katalon.core.webui.keyword.builtin.EnhancedClickKeyword$_click_closure1.doCall(EnhancedClickKeyword.groovy:69)
	at java.base/jdk.internal.reflect.NativeMethodAccessorImpl.invoke0(Native Method)
	at java.base/jdk.internal.reflect.NativeMethodAccessorImpl.invoke(NativeMethodAccessorImpl.java:77)
	at java.base/jdk.internal.reflect.DelegatingMethodAccessorImpl.invoke(DelegatingMethodAccessorImpl.java:43)
	at jdk.proxy2/jdk.proxy2.$Proxy50.execute(Unknown Source)
	at com.kms.katalon.core.webui.model.SeleniumActionRetryController.performAction(SeleniumActionRetryController.java:96)
	at com.kms.katalon.core.webui.model.SeleniumActionRetryController.performAction(SeleniumActionRetryController.java:83)
	at com.kms.katalon.core.webui.keyword.internal.WebUIKeywordMain$_runKeywordUntilTimeout_closure1.doCall(WebUIKeywordMain.groovy:135)
	at com.kms.katalon.core.webui.keyword.internal.WebUIKeywordMain$_runKeywordUntilTimeout_closure1.call(WebUIKeywordMain.groovy)
	at com.kms.katalon.core.webui.keyword.internal.WebUIKeywordMain.runKeyword(WebUIKeywordMain.groovy:41)
	at com.kms.katalon.core.webui.keyword.internal.WebUIKeywordMain.runKeywordUntilTimeout(WebUIKeywordMain.groovy:133)
	at com.kms.katalon.core.webui.keyword.builtin.EnhancedClickKeyword.click(EnhancedClickKeyword.groovy:95)
	at com.kms.katalon.core.webui.keyword.builtin.EnhancedClickKeyword.execute(EnhancedClickKeyword.groovy:41)
	at com.kms.katalon.core.keyword.internal.KeywordExecutor.executeKeywordForPlatform(KeywordExecutor.groovy:90)
	at com.kms.katalon.core.webui.keyword.WebUiBuiltInKeywords.enhancedClick(WebUiBuiltInKeywords.groovy:747)
	at LG-01.run(LG-01:133)
	at com.kms.katalon.core.main.ScriptEngine.run(ScriptEngine.java:194)
	at com.kms.katalon.core.main.ScriptEngine.runScriptAsRawText(ScriptEngine.java:119)
	at com.kms.katalon.core.main.TestCaseExecutor.runScript(TestCaseExecutor.java:490)
	at com.kms.katalon.core.main.TestCaseExecutor.doExecute(TestCaseExecutor.java:481)
	at com.kms.katalon.core.main.TestCaseExecutor.processExecutionPhase(TestCaseExecutor.java:460)
	at com.kms.katalon.core.main.TestCaseExecutor.accessMainPhase(TestCaseExecutor.java:452)
	at com.kms.katalon.core.main.TestCaseExecutor.execute(TestCaseExecutor.java:322)
	at com.kms.katalon.core.main.TestCaseMain.runTestCase(TestCaseMain.java:151)
	at com.kms.katalon.core.keyword.builtin.CallTestCaseKeyword$_callTestCase_closure1.doCall(CallTestCaseKeyword.groovy:59)
	at com.kms.katalon.core.keyword.builtin.CallTestCaseKeyword$_callTestCase_closure1.call(CallTestCaseKeyword.groovy)
	at com.kms.katalon.core.keyword.internal.KeywordMain.runKeyword(KeywordMain.groovy:75)
	at com.kms.katalon.core.keyword.builtin.CallTestCaseKeyword.callTestCase(CallTestCaseKeyword.groovy:81)
	at com.kms.katalon.core.keyword.builtin.CallTestCaseKeyword.execute(CallTestCaseKeyword.groovy:44)
	at com.kms.katalon.core.keyword.internal.KeywordExecutor.executeKeywordForPlatform(KeywordExecutor.groovy:90)
	at com.kms.katalon.core.keyword.BuiltinKeywords.callTestCase(BuiltinKeywords.groovy:310)
	at java.base/jdk.internal.reflect.NativeMethodAccessorImpl.invoke0(Native Method)
	at java.base/jdk.internal.reflect.NativeMethodAccessorImpl.invoke(NativeMethodAccessorImpl.java:77)
	at java.base/jdk.internal.reflect.DelegatingMethodAccessorImpl.invoke(DelegatingMethodAccessorImpl.java:43)
	at OP1.1.run(OP1.1:20)
	at com.kms.katalon.core.main.ScriptEngine.run(ScriptEngine.java:194)
	at com.kms.katalon.core.main.ScriptEngine.runScriptAsRawText(ScriptEngine.java:119)
	at com.kms.katalon.core.main.TestCaseExecutor.runScript(TestCaseExecutor.java:490)
	at com.kms.katalon.core.main.TestCaseExecutor.doExecute(TestCaseExecutor.java:481)
	at com.kms.katalon.core.main.TestCaseExecutor.processExecutionPhase(TestCaseExecutor.java:460)
	at com.kms.katalon.core.main.TestCaseExecutor.accessMainPhase(TestCaseExecutor.java:452)
	at com.kms.katalon.core.main.TestCaseExecutor.execute(TestCaseExecutor.java:322)
	at com.kms.katalon.core.common.CommonExecutor.accessTestCaseMainPhase(CommonExecutor.java:71)
	at com.kms.katalon.core.main.TestSuiteExecutor.accessTestSuiteMainPhase(TestSuiteExecutor.java:153)
	at com.kms.katalon.core.main.TestSuiteExecutor.execute(TestSuiteExecutor.java:110)
	at com.kms.katalon.core.main.TestCaseMain.startTestSuite(TestCaseMain.java:205)
	at TempTestSuite1767667621470.run(TempTestSuite1767667621470.groovy:35)
	at java.base/jdk.internal.reflect.NativeMethodAccessorImpl.invoke0(Native Method)
	at java.base/jdk.internal.reflect.NativeMethodAccessorImpl.invoke(NativeMethodAccessorImpl.java:77)
	at java.base/jdk.internal.reflect.DelegatingMethodAccessorImpl.invoke(DelegatingMethodAccessorImpl.java:43)
</property>
  <property name="failed.exception.message">Web element with id: &apos;ok_button_in_modal&apos; located by &apos;By.xpath: //footer[contains(@class,&apos;mdc-dialog__actions&apos;)]//button[@aria-label=&apos;Ok&apos; and .//span[@class=&apos;mdc-button__label&apos; and normalize-space()=&apos;Ok&apos;]]&apos; not found</property>
</record>
<record>
  <date>2026-01-06T02:47:41.689781600Z</date>
  <millis>1767667661689</millis>
  <nanos>781600</nanos>
  <sequence>159</sequence>
  <level>END</level>
  <class>com.kms.katalon.core.logging.XmlKeywordLogger</class>
  <method>endKeyword</method>
  <thread>1</thread>
  <message>End action : callTestCase(findTestCase(&amp;quot;Login/LG-01&amp;quot;), [:], STOP_ON_FAILURE)</message>
  <nestedLevel>1</nestedLevel>
  <escapedJava>false</escapedJava>
</record>
<record>
  <date>2026-01-06T02:47:41.690784700Z</date>
  <millis>1767667661690</millis>
  <nanos>784700</nanos>
  <sequence>163</sequence>
  <level>FAILED</level>
  <class>com.kms.katalon.core.logging.XmlKeywordLogger</class>
  <method>logMessage</method>
  <thread>1</thread>
  <message>Test Cases/OP/OP1.1 FAILED.
Reason:
com.kms.katalon.core.exception.StepFailedException: Call Test Case &amp;apos;Test Cases/Login/LG-01&amp;apos; failed
	at com.kms.katalon.core.keyword.builtin.CallTestCaseKeyword$_callTestCase_closure1.doCall(CallTestCaseKeyword.groovy:63)
	at com.kms.katalon.core.keyword.builtin.CallTestCaseKeyword$_callTestCase_closure1.call(CallTestCaseKeyword.groovy)
	at com.kms.katalon.core.keyword.internal.KeywordMain.runKeyword(KeywordMain.groovy:75)
	at com.kms.katalon.core.keyword.builtin.CallTestCaseKeyword.callTestCase(CallTestCaseKeyword.groovy:81)
	at com.kms.katalon.core.keyword.builtin.CallTestCaseKeyword.execute(CallTestCaseKeyword.groovy:44)
	at com.kms.katalon.core.keyword.internal.KeywordExecutor.executeKeywordForPlatform(KeywordExecutor.groovy:90)
	at com.kms.katalon.core.keyword.BuiltinKeywords.callTestCase(BuiltinKeywords.groovy:310)
	at java.base/jdk.internal.reflect.NativeMethodAccessorImpl.invoke0(Native Method)
	at java.base/jdk.internal.reflect.NativeMethodAccessorImpl.invoke(NativeMethodAccessorImpl.java:77)
	at java.base/jdk.internal.reflect.DelegatingMethodAccessorImpl.invoke(DelegatingMethodAccessorImpl.java:43)
	at OP1.1.run(OP1.1:20)
	at com.kms.katalon.core.main.ScriptEngine.run(ScriptEngine.java:194)
	at com.kms.katalon.core.main.ScriptEngine.runScriptAsRawText(ScriptEngine.java:119)
	at com.kms.katalon.core.main.TestCaseExecutor.runScript(TestCaseExecutor.java:490)
	at com.kms.katalon.core.main.TestCaseExecutor.doExecute(TestCaseExecutor.java:481)
	at com.kms.katalon.core.main.TestCaseExecutor.processExecutionPhase(TestCaseExecutor.java:460)
	at com.kms.katalon.core.main.TestCaseExecutor.accessMainPhase(TestCaseExecutor.java:452)
	at com.kms.katalon.core.main.TestCaseExecutor.execute(TestCaseExecutor.java:322)
	at com.kms.katalon.core.common.CommonExecutor.accessTestCaseMainPhase(CommonExecutor.java:71)
	at com.kms.katalon.core.main.TestSuiteExecutor.accessTestSuiteMainPhase(TestSuiteExecutor.java:153)
	at com.kms.katalon.core.main.TestSuiteExecutor.execute(TestSuiteExecutor.java:110)
	at com.kms.katalon.core.main.TestCaseMain.startTestSuite(TestCaseMain.java:205)
	at TempTestSuite1767667621470.run(TempTestSuite1767667621470.groovy:35)
	at java.base/jdk.internal.reflect.NativeMethodAccessorImpl.invoke0(Native Method)
	at java.base/jdk.internal.reflect.NativeMethodAccessorImpl.invoke(NativeMethodAccessorImpl.java:77)
	at java.base/jdk.internal.reflect.DelegatingMethodAccessorImpl.invoke(DelegatingMethodAccessorImpl.java:43)
Caused by: com.kms.katalon.core.exception.StepFailedException: Unable to click on object &amp;apos;ok_button_in_modal&amp;apos;
	at com.kms.katalon.core.webui.keyword.internal.WebUIKeywordMain.stepFailed(WebUIKeywordMain.groovy:177)
	at com.kms.katalon.core.webui.keyword.internal.WebUIKeywordMain.runKeyword(WebUIKeywordMain.groovy:49)
	at com.kms.katalon.core.webui.keyword.internal.WebUIKeywordMain.runKeywordUntilTimeout(WebUIKeywordMain.groovy:133)
	at com.kms.katalon.core.webui.keyword.builtin.EnhancedClickKeyword.click(EnhancedClickKeyword.groovy:95)
	at com.kms.katalon.core.webui.keyword.builtin.EnhancedClickKeyword.execute(EnhancedClickKeyword.groovy:41)
	at com.kms.katalon.core.keyword.internal.KeywordExecutor.executeKeywordForPlatform(KeywordExecutor.groovy:90)
	at com.kms.katalon.core.webui.keyword.WebUiBuiltInKeywords.enhancedClick(WebUiBuiltInKeywords.groovy:747)
	at LG-01.run(LG-01:133)
	at com.kms.katalon.core.main.ScriptEngine.run(ScriptEngine.java:194)
	at com.kms.katalon.core.main.ScriptEngine.runScriptAsRawText(ScriptEngine.java:119)
	at com.kms.katalon.core.main.TestCaseExecutor.runScript(TestCaseExecutor.java:490)
	at com.kms.katalon.core.main.TestCaseExecutor.doExecute(TestCaseExecutor.java:481)
	at com.kms.katalon.core.main.TestCaseExecutor.processExecutionPhase(TestCaseExecutor.java:460)
	at com.kms.katalon.core.main.TestCaseExecutor.accessMainPhase(TestCaseExecutor.java:452)
	at com.kms.katalon.core.main.TestCaseExecutor.execute(TestCaseExecutor.java:322)
	at com.kms.katalon.core.main.TestCaseMain.runTestCase(TestCaseMain.java:151)
	at com.kms.katalon.core.keyword.builtin.CallTestCaseKeyword$_callTestCase_closure1.doCall(CallTestCaseKeyword.groovy:59)
	... 25 more
Caused by: com.kms.katalon.core.webui.exception.WebElementNotFoundException: Web element with id: &amp;apos;ok_button_in_modal&amp;apos; located by &amp;apos;By.xpath: //footer[contains(@class,&amp;apos;mdc-dialog__actions&amp;apos;)]//button[@aria-label=&amp;apos;Ok&amp;apos; and .//span[@class=&amp;apos;mdc-button__label&amp;apos; and normalize-space()=&amp;apos;Ok&amp;apos;]]&amp;apos; not found
	at com.kms.katalon.core.webui.model.WebUiElementFinder.findElementByNormalMethods(WebUiElementFinder.java:193)
	at com.kms.katalon.core.webui.model.WebUiElementFinder.findElementsBySelectedMethod(WebUiElementFinder.java:86)
	at com.kms.katalon.core.webui.model.WebUiElementFinder.findElementsBySelectedMethod(WebUiElementFinder.java:74)
	at com.kms.katalon.core.webui.model.WebUiElementFinder.findElementsBySelectedMethod(WebUiElementFinder.java:69)
	at com.kms.katalon.core.webui.model.WebUiElementFinder.findElement(WebUiElementFinder.java:43)
	at com.kms.katalon.core.webui.model.WebUiElementFinderWithTimeout.basicFindElement(WebUiElementFinderWithTimeout.java:50)
	at com.kms.katalon.core.webui.model.WebUiElementFinderWithTimeout.lambda$0(WebUiElementFinderWithTimeout.java:29)
	at com.kms.katalon.core.webui.model.SeleniumActionRetryController.performAction(SeleniumActionRetryController.java:96)
	at com.kms.katalon.core.webui.model.SeleniumActionRetryController.performAction(SeleniumActionRetryController.java:83)
	at com.kms.katalon.core.webui.model.WebUiElementFinderWithTimeout.findElement(WebUiElementFinderWithTimeout.java:28)
	at com.kms.katalon.core.webui.keyword.internal.WebUIAbstractKeyword.findWebElement(WebUIAbstractKeyword.groovy:96)
	at com.kms.katalon.core.webui.keyword.builtin.EnhancedClickKeyword$_click_closure1.doCall(EnhancedClickKeyword.groovy:69)
	at java.base/jdk.internal.reflect.NativeMethodAccessorImpl.invoke0(Native Method)
	at java.base/jdk.internal.reflect.NativeMethodAccessorImpl.invoke(NativeMethodAccessorImpl.java:77)
	at java.base/jdk.internal.reflect.DelegatingMethodAccessorImpl.invoke(DelegatingMethodAccessorImpl.java:43)
	at jdk.proxy2/jdk.proxy2.$Proxy50.execute(Unknown Source)
	at com.kms.katalon.core.webui.model.SeleniumActionRetryController.performAction(SeleniumActionRetryController.java:96)
	at com.kms.katalon.core.webui.model.SeleniumActionRetryController.performAction(SeleniumActionRetryController.java:83)
	at com.kms.katalon.core.webui.keyword.internal.WebUIKeywordMain$_runKeywordUntilTimeout_closure1.doCall(WebUIKeywordMain.groovy:135)
	at com.kms.katalon.core.webui.keyword.internal.WebUIKeywordMain$_runKeywordUntilTimeout_closure1.call(WebUIKeywordMain.groovy)
	at com.kms.katalon.core.webui.keyword.internal.WebUIKeywordMain.runKeyword(WebUIKeywordMain.groovy:41)
	... 40 more
</message>
  <exception>
    <message>com.kms.katalon.core.exception.StepFailedException: Call Test Case 'Test Cases/Login/LG-01' failed</message>
    <frame>
      <class>com.kms.katalon.core.logging.XmlKeywordLogger</class>
      <method>logMessage</method>
      <line>512</line>
    </frame>
    <frame>
      <class>com.kms.katalon.core.logging.KeywordLogger</class>
      <method>logMessage</method>
      <line>447</line>
    </frame>
    <frame>
      <class>com.kms.katalon.core.main.TestCaseExecutor</class>
      <method>logError</method>
      <line>599</line>
    </frame>
    <frame>
      <class>com.kms.katalon.core.main.TestCaseExecutor</class>
      <method>onExecutionError</method>
      <line>187</line>
    </frame>
    <frame>
      <class>com.kms.katalon.core.main.TestCaseExecutor</class>
      <method>processExecutionPhase</method>
      <line>470</line>
    </frame>
    <frame>
      <class>com.kms.katalon.core.main.TestCaseExecutor</class>
      <method>accessMainPhase</method>
      <line>452</line>
    </frame>
    <frame>
      <class>com.kms.katalon.core.main.TestCaseExecutor</class>
      <method>execute</method>
      <line>322</line>
    </frame>
    <frame>
      <class>com.kms.katalon.core.common.CommonExecutor</class>
      <method>accessTestCaseMainPhase</method>
      <line>71</line>
    </frame>
    <frame>
      <class>com.kms.katalon.core.main.TestSuiteExecutor</class>
      <method>accessTestSuiteMainPhase</method>
      <line>153</line>
    </frame>
    <frame>
      <class>com.kms.katalon.core.main.TestSuiteExecutor</class>
      <method>execute</method>
      <line>110</line>
    </frame>
    <frame>
      <class>com.kms.katalon.core.main.TestCaseMain</class>
      <method>startTestSuite</method>
      <line>205</line>
    </frame>
    <frame>
      <class>org.codehaus.groovy.vmplugin.v8.IndyInterface</class>
      <method>fromCache</method>
      <line>318</line>
    </frame>
    <frame>
      <class>TempTestSuite1767667621470</class>
      <method>run</method>
      <line>35</line>
    </frame>
    <frame>
      <class>groovy.lang.GroovyShell</class>
      <method>runScriptOrMainOrTestOrRunnable</method>
      <line>254</line>
    </frame>
    <frame>
      <class>groovy.lang.GroovyShell</class>
      <method>run</method>
      <line>360</line>
    </frame>
    <frame>
      <class>groovy.lang.GroovyShell</class>
      <method>run</method>
      <line>349</line>
    </frame>
    <frame>
      <class>groovy.ui.GroovyMain</class>
      <method>processOnce</method>
      <line>652</line>
    </frame>
    <frame>
      <class>groovy.ui.GroovyMain</class>
      <method>run</method>
      <line>398</line>
    </frame>
    <frame>
      <class>groovy.ui.GroovyMain</class>
      <method>access$1400</method>
      <line>68</line>
    </frame>
    <frame>
      <class>groovy.ui.GroovyMain$GroovyCommand</class>
      <method>process</method>
      <line>322</line>
    </frame>
    <frame>
      <class>groovy.ui.GroovyMain</class>
      <method>processArgs</method>
      <line>142</line>
    </frame>
    <frame>
      <class>groovy.ui.GroovyMain</class>
      <method>main</method>
      <line>115</line>
    </frame>
    <frame>
      <class>jdk.internal.reflect.NativeMethodAccessorImpl</class>
      <method>invoke0</method>
    </frame>
    <frame>
      <class>jdk.internal.reflect.NativeMethodAccessorImpl</class>
      <method>invoke</method>
      <line>77</line>
    </frame>
    <frame>
      <class>jdk.internal.reflect.DelegatingMethodAccessorImpl</class>
      <method>invoke</method>
      <line>43</line>
    </frame>
    <frame>
      <class>java.lang.reflect.Method</class>
      <method>invoke</method>
      <line>569</line>
    </frame>
    <frame>
      <class>org.codehaus.groovy.tools.GroovyStarter</class>
      <method>rootLoader</method>
      <line>117</line>
    </frame>
    <frame>
      <class>org.codehaus.groovy.tools.GroovyStarter</class>
      <method>main</method>
      <line>39</line>
    </frame>
  </exception>
  <nestedLevel>0</nestedLevel>
  <escapedJava>false</escapedJava>
  <property name="failed.exception.stacktrace">com.kms.katalon.core.webui.exception.WebElementNotFoundException: Web element with id: &apos;ok_button_in_modal&apos; located by &apos;By.xpath: //footer[contains(@class,&apos;mdc-dialog__actions&apos;)]//button[@aria-label=&apos;Ok&apos; and .//span[@class=&apos;mdc-button__label&apos; and normalize-space()=&apos;Ok&apos;]]&apos; not found
	at com.kms.katalon.core.webui.model.WebUiElementFinder.findElementByNormalMethods(WebUiElementFinder.java:193)
	at com.kms.katalon.core.webui.model.WebUiElementFinder.findElementsBySelectedMethod(WebUiElementFinder.java:86)
	at com.kms.katalon.core.webui.model.WebUiElementFinder.findElementsBySelectedMethod(WebUiElementFinder.java:74)
	at com.kms.katalon.core.webui.model.WebUiElementFinder.findElementsBySelectedMethod(WebUiElementFinder.java:69)
	at com.kms.katalon.core.webui.model.WebUiElementFinder.findElement(WebUiElementFinder.java:43)
	at com.kms.katalon.core.webui.model.WebUiElementFinderWithTimeout.basicFindElement(WebUiElementFinderWithTimeout.java:50)
	at com.kms.katalon.core.webui.model.WebUiElementFinderWithTimeout.lambda$0(WebUiElementFinderWithTimeout.java:29)
	at com.kms.katalon.core.webui.model.SeleniumActionRetryController.performAction(SeleniumActionRetryController.java:96)
	at com.kms.katalon.core.webui.model.SeleniumActionRetryController.performAction(SeleniumActionRetryController.java:83)
	at com.kms.katalon.core.webui.model.WebUiElementFinderWithTimeout.findElement(WebUiElementFinderWithTimeout.java:28)
	at com.kms.katalon.core.webui.keyword.internal.WebUIAbstractKeyword.findWebElement(WebUIAbstractKeyword.groovy:96)
	at com.kms.katalon.core.webui.keyword.builtin.EnhancedClickKeyword$_click_closure1.doCall(EnhancedClickKeyword.groovy:69)
	at java.base/jdk.internal.reflect.NativeMethodAccessorImpl.invoke0(Native Method)
	at java.base/jdk.internal.reflect.NativeMethodAccessorImpl.invoke(NativeMethodAccessorImpl.java:77)
	at java.base/jdk.internal.reflect.DelegatingMethodAccessorImpl.invoke(DelegatingMethodAccessorImpl.java:43)
	at jdk.proxy2/jdk.proxy2.$Proxy50.execute(Unknown Source)
	at com.kms.katalon.core.webui.model.SeleniumActionRetryController.performAction(SeleniumActionRetryController.java:96)
	at com.kms.katalon.core.webui.model.SeleniumActionRetryController.performAction(SeleniumActionRetryController.java:83)
	at com.kms.katalon.core.webui.keyword.internal.WebUIKeywordMain$_runKeywordUntilTimeout_closure1.doCall(WebUIKeywordMain.groovy:135)
	at com.kms.katalon.core.webui.keyword.internal.WebUIKeywordMain$_runKeywordUntilTimeout_closure1.call(WebUIKeywordMain.groovy)
	at com.kms.katalon.core.webui.keyword.internal.WebUIKeywordMain.runKeyword(WebUIKeywordMain.groovy:41)
	at com.kms.katalon.core.webui.keyword.internal.WebUIKeywordMain.runKeywordUntilTimeout(WebUIKeywordMain.groovy:133)
	at com.kms.katalon.core.webui.keyword.builtin.EnhancedClickKeyword.click(EnhancedClickKeyword.groovy:95)
	at com.kms.katalon.core.webui.keyword.builtin.EnhancedClickKeyword.execute(EnhancedClickKeyword.groovy:41)
	at com.kms.katalon.core.keyword.internal.KeywordExecutor.executeKeywordForPlatform(KeywordExecutor.groovy:90)
	at com.kms.katalon.core.webui.keyword.WebUiBuiltInKeywords.enhancedClick(WebUiBuiltInKeywords.groovy:747)
	at LG-01.run(LG-01:133)
	at com.kms.katalon.core.main.ScriptEngine.run(ScriptEngine.java:194)
	at com.kms.katalon.core.main.ScriptEngine.runScriptAsRawText(ScriptEngine.java:119)
	at com.kms.katalon.core.main.TestCaseExecutor.runScript(TestCaseExecutor.java:490)
	at com.kms.katalon.core.main.TestCaseExecutor.doExecute(TestCaseExecutor.java:481)
	at com.kms.katalon.core.main.TestCaseExecutor.processExecutionPhase(TestCaseExecutor.java:460)
	at com.kms.katalon.core.main.TestCaseExecutor.accessMainPhase(TestCaseExecutor.java:452)
	at com.kms.katalon.core.main.TestCaseExecutor.execute(TestCaseExecutor.java:322)
	at com.kms.katalon.core.main.TestCaseMain.runTestCase(TestCaseMain.java:151)
	at com.kms.katalon.core.keyword.builtin.CallTestCaseKeyword$_callTestCase_closure1.doCall(CallTestCaseKeyword.groovy:59)
	at com.kms.katalon.core.keyword.builtin.CallTestCaseKeyword$_callTestCase_closure1.call(CallTestCaseKeyword.groovy)
	at com.kms.katalon.core.keyword.internal.KeywordMain.runKeyword(KeywordMain.groovy:75)
	at com.kms.katalon.core.keyword.builtin.CallTestCaseKeyword.callTestCase(CallTestCaseKeyword.groovy:81)
	at com.kms.katalon.core.keyword.builtin.CallTestCaseKeyword.execute(CallTestCaseKeyword.groovy:44)
	at com.kms.katalon.core.keyword.internal.KeywordExecutor.executeKeywordForPlatform(KeywordExecutor.groovy:90)
	at com.kms.katalon.core.keyword.BuiltinKeywords.callTestCase(BuiltinKeywords.groovy:310)
	at java.base/jdk.internal.reflect.NativeMethodAccessorImpl.invoke0(Native Method)
	at java.base/jdk.internal.reflect.NativeMethodAccessorImpl.invoke(NativeMethodAccessorImpl.java:77)
	at java.base/jdk.internal.reflect.DelegatingMethodAccessorImpl.invoke(DelegatingMethodAccessorImpl.java:43)
	at OP1.1.run(OP1.1:20)
	at com.kms.katalon.core.main.ScriptEngine.run(ScriptEngine.java:194)
	at com.kms.katalon.core.main.ScriptEngine.runScriptAsRawText(ScriptEngine.java:119)
	at com.kms.katalon.core.main.TestCaseExecutor.runScript(TestCaseExecutor.java:490)
	at com.kms.katalon.core.main.TestCaseExecutor.doExecute(TestCaseExecutor.java:481)
	at com.kms.katalon.core.main.TestCaseExecutor.processExecutionPhase(TestCaseExecutor.java:460)
	at com.kms.katalon.core.main.TestCaseExecutor.accessMainPhase(TestCaseExecutor.java:452)
	at com.kms.katalon.core.main.TestCaseExecutor.execute(TestCaseExecutor.java:322)
	at com.kms.katalon.core.common.CommonExecutor.accessTestCaseMainPhase(CommonExecutor.java:71)
	at com.kms.katalon.core.main.TestSuiteExecutor.accessTestSuiteMainPhase(TestSuiteExecutor.java:153)
	at com.kms.katalon.core.main.TestSuiteExecutor.execute(TestSuiteExecutor.java:110)
	at com.kms.katalon.core.main.TestCaseMain.startTestSuite(TestCaseMain.java:205)
	at TempTestSuite1767667621470.run(TempTestSuite1767667621470.groovy:35)
	at java.base/jdk.internal.reflect.NativeMethodAccessorImpl.invoke0(Native Method)
	at java.base/jdk.internal.reflect.NativeMethodAccessorImpl.invoke(NativeMethodAccessorImpl.java:77)
	at java.base/jdk.internal.reflect.DelegatingMethodAccessorImpl.invoke(DelegatingMethodAccessorImpl.java:43)
</property>
  <property name="failed.exception.class">com.kms.katalon.core.webui.exception.WebElementNotFoundException</property>
  <property name="failed.exception.message">Web element with id: &apos;ok_button_in_modal&apos; located by &apos;By.xpath: //footer[contains(@class,&apos;mdc-dialog__actions&apos;)]//button[@aria-label=&apos;Ok&apos; and .//span[@class=&apos;mdc-button__label&apos; and normalize-space()=&apos;Ok&apos;]]&apos; not found</property>
</record>
<record>
  <date>2026-01-06T02:47:41.695783900Z</date>
  <millis>1767667661695</millis>
  <nanos>783900</nanos>
  <sequence>165</sequence>
  <level>END</level>
  <class>com.kms.katalon.core.logging.XmlKeywordLogger</class>
  <method>endTest</method>
  <thread>1</thread>
  <message>End Test Case : Test Cases/OP/OP1.1</message>
  <nestedLevel>0</nestedLevel>
  <escapedJava>false</escapedJava>
  <property name="executionBindingVariables">[]</property>
  <property name="applitools">false</property>
  <property name="remainingRetryCount">3</property>
  <property name="executedKeywords">{
  &quot;WebUI.maximizeWindow&quot;: 1,
  &quot;WebUI.getUrl&quot;: 1,
  &quot;WebUI.waitForElementVisible&quot;: 1,
  &quot;WebUI.waitForPageLoad&quot;: 1,
  &quot;WebUI.navigateToUrl&quot;: 1,
  &quot;BuiltIn.callTestCase&quot;: 1,
  &quot;WebUI.openBrowser&quot;: 1,
  &quot;WebUI.enhancedClick&quot;: 1,
  &quot;WebUI.waitForElementClickable&quot;: 1
}</property>
  <property name="currentRetryCount">0</property>
  <property name="keywordsUsage">{
  &quot;web_ui&quot;: true,
  &quot;web_service&quot;: false,
  &quot;cucumber&quot;: false,
  &quot;builtin&quot;: true,
  &quot;mobile&quot;: false,
  &quot;windows&quot;: false,
  &quot;testng&quot;: false
}</property>
</record>
<record>
  <date>2026-01-06T02:47:41.701781700Z</date>
  <millis>1767667661701</millis>
  <nanos>781700</nanos>
  <sequence>166</sequence>
  <level>START</level>
  <class>com.kms.katalon.core.logging.XmlKeywordLogger</class>
  <method>startTest</method>
  <thread>1</thread>
  <message>Start Test Case : Test Cases/OP/OP1.1</message>
  <nestedLevel>1</nestedLevel>
  <escapedJava>false</escapedJava>
  <property name="remainingRetryCount">2</property>
  <property name="origin"></property>
  <property name="name">Test Cases/OP/OP1.1</property>
  <property name="description"></property>
  <property name="iteration"></property>
  <property name="id">Test Cases/OP/OP1.1</property>
  <property name="source">C:\Users\Administrator\git\magiq\Test Cases\OP\OP1.1.tc</property>
  <property name="tag"></property>
  <property name="isOptional">false</property>
  <property name="currentRetryCount">1</property>
</record>
<record>
  <date>2026-01-06T02:47:41.726780800Z</date>
  <millis>1767667661726</millis>
  <nanos>780800</nanos>
  <sequence>168</sequence>
  <level>START</level>
  <class>com.kms.katalon.core.logging.XmlKeywordLogger</class>
  <method>startKeyword</method>
  <thread>1</thread>
  <message>Start action : callTestCase(findTestCase(&amp;quot;Login/LG-01&amp;quot;), [:], STOP_ON_FAILURE)</message>
  <nestedLevel>1</nestedLevel>
  <escapedJava>false</escapedJava>
  <property name="startLine">20</property>
  <property name="stepIndex">1</property>
</record>
<record>
  <date>2026-01-06T02:47:41.799789500Z</date>
  <millis>1767667661799</millis>
  <nanos>789500</nanos>
  <sequence>172</sequence>
  <level>START</level>
  <class>com.kms.katalon.core.logging.XmlKeywordLogger</class>
  <method>startTest</method>
  <thread>1</thread>
  <message>Start Test Case : Test Cases/Login/LG-01</message>
  <nestedLevel>2</nestedLevel>
  <escapedJava>false</escapedJava>
  <property name="origin"></property>
  <property name="name">Test Cases/Login/LG-01</property>
  <property name="description"></property>
  <property name="iteration"></property>
  <property name="id">Test Cases/Login/LG-01</property>
  <property name="source">C:\Users\Administrator\git\magiq\Test Cases\Login\LG-01.tc</property>
  <property name="tag"></property>
  <property name="isOptional">false</property>
</record>
<record>
  <date>2026-01-06T02:47:41.839782800Z</date>
  <millis>1767667661839</millis>
  <nanos>782800</nanos>
  <sequence>174</sequence>
  <level>START</level>
  <class>com.kms.katalon.core.logging.XmlKeywordLogger</class>
  <method>startKeyword</method>
  <thread>1</thread>
  <message>Start action : LOCAL_PAGELOAD = 300</message>
  <nestedLevel>1</nestedLevel>
  <escapedJava>false</escapedJava>
  <property name="startLine">10</property>
  <property name="stepIndex">1</property>
</record>
<record>
  <date>2026-01-06T02:47:41.840782700Z</date>
  <millis>1767667661840</millis>
  <nanos>782700</nanos>
  <sequence>175</sequence>
  <level>END</level>
  <class>com.kms.katalon.core.logging.XmlKeywordLogger</class>
  <method>endKeyword</method>
  <thread>1</thread>
  <message>End action : LOCAL_PAGELOAD = 300</message>
  <nestedLevel>1</nestedLevel>
  <escapedJava>false</escapedJava>
</record>
<record>
  <date>2026-01-06T02:47:41.840782700Z</date>
  <millis>1767667661840</millis>
  <nanos>782700</nanos>
  <sequence>176</sequence>
  <level>START</level>
  <class>com.kms.katalon.core.logging.XmlKeywordLogger</class>
  <method>startKeyword</method>
  <thread>1</thread>
  <message>Start action : WAIT_ELEMENT_BEFORE_RELOAD = 120</message>
  <nestedLevel>1</nestedLevel>
  <escapedJava>false</escapedJava>
  <property name="startLine">11</property>
  <property name="stepIndex">2</property>
</record>
<record>
  <date>2026-01-06T02:47:41.841783100Z</date>
  <millis>1767667661841</millis>
  <nanos>783100</nanos>
  <sequence>177</sequence>
  <level>END</level>
  <class>com.kms.katalon.core.logging.XmlKeywordLogger</class>
  <method>endKeyword</method>
  <thread>1</thread>
  <message>End action : WAIT_ELEMENT_BEFORE_RELOAD = 120</message>
  <nestedLevel>1</nestedLevel>
  <escapedJava>false</escapedJava>
</record>
<record>
  <date>2026-01-06T02:47:41.841783100Z</date>
  <millis>1767667661841</millis>
  <nanos>783100</nanos>
  <sequence>178</sequence>
  <level>START</level>
  <class>com.kms.katalon.core.logging.XmlKeywordLogger</class>
  <method>startKeyword</method>
  <thread>1</thread>
  <message>Start action : MAX_RELOAD_ATTEMPTS = 5</message>
  <nestedLevel>1</nestedLevel>
  <escapedJava>false</escapedJava>
  <property name="startLine">12</property>
  <property name="stepIndex">3</property>
</record>
<record>
  <date>2026-01-06T02:47:41.842783500Z</date>
  <millis>1767667661842</millis>
  <nanos>783500</nanos>
  <sequence>179</sequence>
  <level>END</level>
  <class>com.kms.katalon.core.logging.XmlKeywordLogger</class>
  <method>endKeyword</method>
  <thread>1</thread>
  <message>End action : MAX_RELOAD_ATTEMPTS = 5</message>
  <nestedLevel>1</nestedLevel>
  <escapedJava>false</escapedJava>
</record>
<record>
  <date>2026-01-06T02:47:41.843784100Z</date>
  <millis>1767667661843</millis>
  <nanos>784100</nanos>
  <sequence>180</sequence>
  <level>START</level>
  <class>com.kms.katalon.core.logging.XmlKeywordLogger</class>
  <method>startKeyword</method>
  <thread>1</thread>
  <message>Start action : AFTER_LOGIN_WAIT = 120</message>
  <nestedLevel>1</nestedLevel>
  <escapedJava>false</escapedJava>
  <property name="startLine">13</property>
  <property name="stepIndex">4</property>
</record>
<record>
  <date>2026-01-06T02:47:41.848784700Z</date>
  <millis>1767667661848</millis>
  <nanos>784700</nanos>
  <sequence>181</sequence>
  <level>END</level>
  <class>com.kms.katalon.core.logging.XmlKeywordLogger</class>
  <method>endKeyword</method>
  <thread>1</thread>
  <message>End action : AFTER_LOGIN_WAIT = 120</message>
  <nestedLevel>1</nestedLevel>
  <escapedJava>false</escapedJava>
</record>
<record>
  <date>2026-01-06T02:47:41.848784700Z</date>
  <millis>1767667661848</millis>
  <nanos>784700</nanos>
  <sequence>182</sequence>
  <level>START</level>
  <class>com.kms.katalon.core.logging.XmlKeywordLogger</class>
  <method>startKeyword</method>
  <thread>1</thread>
  <message>Start action : SHORT = 5</message>
  <nestedLevel>1</nestedLevel>
  <escapedJava>false</escapedJava>
  <property name="startLine">14</property>
  <property name="stepIndex">5</property>
</record>
<record>
  <date>2026-01-06T02:47:41.852788Z</date>
  <millis>1767667661852</millis>
  <nanos>788000</nanos>
  <sequence>183</sequence>
  <level>END</level>
  <class>com.kms.katalon.core.logging.XmlKeywordLogger</class>
  <method>endKeyword</method>
  <thread>1</thread>
  <message>End action : SHORT = 5</message>
  <nestedLevel>1</nestedLevel>
  <escapedJava>false</escapedJava>
</record>
<record>
  <date>2026-01-06T02:47:41.853786300Z</date>
  <millis>1767667661853</millis>
  <nanos>786300</nanos>
  <sequence>184</sequence>
  <level>START</level>
  <class>com.kms.katalon.core.logging.XmlKeywordLogger</class>
  <method>startKeyword</method>
  <thread>1</thread>
  <message>Start action : MEDIUM = 15</message>
  <nestedLevel>1</nestedLevel>
  <escapedJava>false</escapedJava>
  <property name="startLine">15</property>
  <property name="stepIndex">6</property>
</record>
<record>
  <date>2026-01-06T02:47:41.855785Z</date>
  <millis>1767667661855</millis>
  <nanos>785000</nanos>
  <sequence>185</sequence>
  <level>END</level>
  <class>com.kms.katalon.core.logging.XmlKeywordLogger</class>
  <method>endKeyword</method>
  <thread>1</thread>
  <message>End action : MEDIUM = 15</message>
  <nestedLevel>1</nestedLevel>
  <escapedJava>false</escapedJava>
</record>
<record>
  <date>2026-01-06T02:47:41.855785Z</date>
  <millis>1767667661855</millis>
  <nanos>785000</nanos>
  <sequence>186</sequence>
  <level>START</level>
  <class>com.kms.katalon.core.logging.XmlKeywordLogger</class>
  <method>startKeyword</method>
  <thread>1</thread>
  <message>Start action : LONG = 30</message>
  <nestedLevel>1</nestedLevel>
  <escapedJava>false</escapedJava>
  <property name="startLine">16</property>
  <property name="stepIndex">7</property>
</record>
<record>
  <date>2026-01-06T02:47:41.857783200Z</date>
  <millis>1767667661857</millis>
  <nanos>783200</nanos>
  <sequence>187</sequence>
  <level>END</level>
  <class>com.kms.katalon.core.logging.XmlKeywordLogger</class>
  <method>endKeyword</method>
  <thread>1</thread>
  <message>End action : LONG = 30</message>
  <nestedLevel>1</nestedLevel>
  <escapedJava>false</escapedJava>
</record>
<record>
  <date>2026-01-06T02:47:41.858785Z</date>
  <millis>1767667661858</millis>
  <nanos>785000</nanos>
  <sequence>188</sequence>
  <level>START</level>
  <class>com.kms.katalon.core.logging.XmlKeywordLogger</class>
  <method>startKeyword</method>
  <thread>1</thread>
  <message>Start action : openBrowser(&amp;quot;&amp;quot;)</message>
  <nestedLevel>1</nestedLevel>
  <escapedJava>false</escapedJava>
  <property name="startLine">19</property>
  <property name="stepIndex">8</property>
</record>
<record>
  <date>2026-01-06T02:47:41.873793800Z</date>
  <millis>1767667661873</millis>
  <nanos>793800</nanos>
  <sequence>191</sequence>
  <level>WARNING</level>
  <class>com.kms.katalon.core.logging.XmlKeywordLogger</class>
  <method>logMessage</method>
  <thread>1</thread>
  <message>A browser is already opened. Closing browser and opening a new one</message>
  <nestedLevel>2</nestedLevel>
  <escapedJava>false</escapedJava>
</record>
<record>
  <date>2026-01-06T02:47:42.495456500Z</date>
  <millis>1767667662495</millis>
  <nanos>456500</nanos>
  <sequence>192</sequence>
  <level>INFO</level>
  <class>com.kms.katalon.core.logging.XmlKeywordLogger</class>
  <method>logMessage</method>
  <thread>1</thread>
  <message>Starting &amp;apos;Chrome&amp;apos; driver</message>
  <nestedLevel>2</nestedLevel>
  <escapedJava>false</escapedJava>
</record>
<record>
  <date>2026-01-06T02:47:42.496459400Z</date>
  <millis>1767667662496</millis>
  <nanos>459400</nanos>
  <sequence>193</sequence>
  <level>INFO</level>
  <class>com.kms.katalon.core.logging.XmlKeywordLogger</class>
  <method>logMessage</method>
  <thread>1</thread>
  <message>User set preference: [&amp;apos;args&amp;apos;, &amp;apos;[--user-data-dir=C:\QA\Profiles\KatalonChrome, --profile-directory=Default]&amp;apos;]</message>
  <nestedLevel>2</nestedLevel>
  <escapedJava>false</escapedJava>
</record>
<record>
  <date>2026-01-06T02:47:42.497450500Z</date>
  <millis>1767667662497</millis>
  <nanos>450500</nanos>
  <sequence>194</sequence>
  <level>INFO</level>
  <class>com.kms.katalon.core.logging.XmlKeywordLogger</class>
  <method>logMessage</method>
  <thread>1</thread>
  <message>Action delay is set to 0 milliseconds</message>
  <nestedLevel>2</nestedLevel>
  <escapedJava>false</escapedJava>
</record>
<record>
  <date>2026-01-06T02:47:43.434449Z</date>
  <millis>1767667663434</millis>
  <nanos>449000</nanos>
  <sequence>197</sequence>
  <level>RUN_DATA</level>
  <class>com.kms.katalon.core.logging.XmlKeywordLogger</class>
  <method>logMessage</method>
  <thread>1</thread>
  <message>sessionId = c6ef577be978aaef9a7f934c65aebee9</message>
  <nestedLevel>2</nestedLevel>
  <escapedJava>false</escapedJava>
  <property name="sessionId">c6ef577be978aaef9a7f934c65aebee9</property>
</record>
<record>
  <date>2026-01-06T02:47:43.434449Z</date>
  <millis>1767667663434</millis>
  <nanos>449000</nanos>
  <sequence>198</sequence>
  <level>RUN_DATA</level>
  <class>com.kms.katalon.core.logging.XmlKeywordLogger</class>
  <method>logMessage</method>
  <thread>1</thread>
  <message>browser = Chrome 143.0.7499.170</message>
  <nestedLevel>2</nestedLevel>
  <escapedJava>false</escapedJava>
  <property name="browser">Chrome 143.0.7499.170</property>
</record>
<record>
  <date>2026-01-06T02:47:43.435452900Z</date>
  <millis>1767667663435</millis>
  <nanos>452900</nanos>
  <sequence>199</sequence>
  <level>RUN_DATA</level>
  <class>com.kms.katalon.core.logging.XmlKeywordLogger</class>
  <method>logMessage</method>
  <thread>1</thread>
  <message>platform = Windows 10</message>
  <nestedLevel>2</nestedLevel>
  <escapedJava>false</escapedJava>
  <property name="platform">Windows 10</property>
</record>
<record>
  <date>2026-01-06T02:47:43.435452900Z</date>
  <millis>1767667663435</millis>
  <nanos>452900</nanos>
  <sequence>200</sequence>
  <level>RUN_DATA</level>
  <class>com.kms.katalon.core.logging.XmlKeywordLogger</class>
  <method>logMessage</method>
  <thread>1</thread>
  <message>seleniumVersion = 4.34.0</message>
  <nestedLevel>2</nestedLevel>
  <escapedJava>false</escapedJava>
  <property name="seleniumVersion">4.34.0</property>
</record>
<record>
  <date>2026-01-06T02:47:43.436451600Z</date>
  <millis>1767667663436</millis>
  <nanos>451600</nanos>
  <sequence>201</sequence>
  <level>RUN_DATA</level>
  <class>com.kms.katalon.core.logging.XmlKeywordLogger</class>
  <method>logMessage</method>
  <thread>1</thread>
  <message>proxyInformation = ProxyInformation { proxyOption=NO_PROXY, proxyServerType=HTTP, username=, password=********, proxyServerAddress=, proxyServerPort=0, executionList=&amp;quot;&amp;quot;, isApplyToDesiredCapabilities=true }</message>
  <nestedLevel>2</nestedLevel>
  <escapedJava>false</escapedJava>
  <property name="proxyInformation">ProxyInformation { proxyOption=NO_PROXY, proxyServerType=HTTP, username=, password=********, proxyServerAddress=, proxyServerPort=0, executionList=&quot;&quot;, isApplyToDesiredCapabilities=true }</property>
</record>
<record>
  <date>2026-01-06T02:47:43.460455200Z</date>
  <millis>1767667663460</millis>
  <nanos>455200</nanos>
  <sequence>202</sequence>
  <level>PASSED</level>
  <class>com.kms.katalon.core.logging.XmlKeywordLogger</class>
  <method>logMessage</method>
  <thread>1</thread>
  <message>Browser is opened with url: &amp;apos;&amp;apos;</message>
  <nestedLevel>2</nestedLevel>
  <escapedJava>false</escapedJava>
  <property name="testops-method-name">com.kms.katalon.core.webui.keyword.builtin.OpenBrowserKeyword.openBrowser</property>
  <property name="testops-execution-stacktrace"></property>
</record>
<record>
  <date>2026-01-06T02:47:43.461453100Z</date>
  <millis>1767667663461</millis>
  <nanos>453100</nanos>
  <sequence>203</sequence>
  <level>END</level>
  <class>com.kms.katalon.core.logging.XmlKeywordLogger</class>
  <method>endKeyword</method>
  <thread>1</thread>
  <message>End action : openBrowser(&amp;quot;&amp;quot;)</message>
  <nestedLevel>1</nestedLevel>
  <escapedJava>false</escapedJava>
</record>
<record>
  <date>2026-01-06T02:47:43.462453900Z</date>
  <millis>1767667663462</millis>
  <nanos>453900</nanos>
  <sequence>204</sequence>
  <level>START</level>
  <class>com.kms.katalon.core.logging.XmlKeywordLogger</class>
  <method>startKeyword</method>
  <thread>1</thread>
  <message>Start action : maximizeWindow()</message>
  <nestedLevel>1</nestedLevel>
  <escapedJava>false</escapedJava>
  <property name="startLine">20</property>
  <property name="stepIndex">9</property>
</record>
<record>
  <date>2026-01-06T02:47:43.482454Z</date>
  <millis>1767667663482</millis>
  <nanos>454000</nanos>
  <sequence>207</sequence>
  <level>PASSED</level>
  <class>com.kms.katalon.core.logging.XmlKeywordLogger</class>
  <method>logMessage</method>
  <thread>1</thread>
  <message>Current window maximized</message>
  <nestedLevel>2</nestedLevel>
  <escapedJava>false</escapedJava>
  <property name="testops-method-name">com.kms.katalon.core.webui.keyword.builtin.MaximizeWindowKeyword.maximizeWindow</property>
  <property name="testops-execution-stacktrace"></property>
</record>
<record>
  <date>2026-01-06T02:47:43.483465500Z</date>
  <millis>1767667663483</millis>
  <nanos>465500</nanos>
  <sequence>208</sequence>
  <level>END</level>
  <class>com.kms.katalon.core.logging.XmlKeywordLogger</class>
  <method>endKeyword</method>
  <thread>1</thread>
  <message>End action : maximizeWindow()</message>
  <nestedLevel>1</nestedLevel>
  <escapedJava>false</escapedJava>
</record>
<record>
  <date>2026-01-06T02:47:43.483465500Z</date>
  <millis>1767667663483</millis>
  <nanos>465500</nanos>
  <sequence>209</sequence>
  <level>START</level>
  <class>com.kms.katalon.core.logging.XmlKeywordLogger</class>
  <method>startKeyword</method>
  <thread>1</thread>
  <message>Start action : navigateToUrl(&amp;quot;https://qa.engagement.magiqdev.cloud/login&amp;quot;)</message>
  <nestedLevel>1</nestedLevel>
  <escapedJava>false</escapedJava>
  <property name="startLine">22</property>
  <property name="stepIndex">10</property>
</record>
<record>
  <date>2026-01-06T02:47:43.542454500Z</date>
  <millis>1767667663542</millis>
  <nanos>454500</nanos>
  <sequence>213</sequence>
  <level>PASSED</level>
  <class>com.kms.katalon.core.logging.XmlKeywordLogger</class>
  <method>logMessage</method>
  <thread>1</thread>
  <message>Navigate to &amp;apos;https://qa.engagement.magiqdev.cloud/login&amp;apos; successfully</message>
  <nestedLevel>2</nestedLevel>
  <escapedJava>false</escapedJava>
  <property name="testops-method-name">com.kms.katalon.core.webui.keyword.builtin.NavigateToUrlKeyword.navigateToUrl</property>
  <property name="testops-execution-stacktrace"></property>
</record>
<record>
  <date>2026-01-06T02:47:43.545453400Z</date>
  <millis>1767667663545</millis>
  <nanos>453400</nanos>
  <sequence>214</sequence>
  <level>END</level>
  <class>com.kms.katalon.core.logging.XmlKeywordLogger</class>
  <method>endKeyword</method>
  <thread>1</thread>
  <message>End action : navigateToUrl(&amp;quot;https://qa.engagement.magiqdev.cloud/login&amp;quot;)</message>
  <nestedLevel>1</nestedLevel>
  <escapedJava>false</escapedJava>
</record>
<record>
  <date>2026-01-06T02:47:43.546487100Z</date>
  <millis>1767667663546</millis>
  <nanos>487100</nanos>
  <sequence>215</sequence>
  <level>START</level>
  <class>com.kms.katalon.core.logging.XmlKeywordLogger</class>
  <method>startKeyword</method>
  <thread>1</thread>
  <message>Start action : waitForPageLoad(LOCAL_PAGELOAD)</message>
  <nestedLevel>1</nestedLevel>
  <escapedJava>false</escapedJava>
  <property name="startLine">23</property>
  <property name="stepIndex">11</property>
</record>
<record>
  <date>2026-01-06T02:47:44.935809300Z</date>
  <millis>1767667664935</millis>
  <nanos>809300</nanos>
  <sequence>219</sequence>
  <level>PASSED</level>
  <class>com.kms.katalon.core.logging.XmlKeywordLogger</class>
  <method>logMessage</method>
  <thread>1</thread>
  <message>Wait for page load successfully</message>
  <nestedLevel>2</nestedLevel>
  <escapedJava>false</escapedJava>
  <property name="testops-method-name">com.kms.katalon.core.webui.keyword.internal.WebUIKeywordMain$runKeyword.call</property>
  <property name="testops-execution-stacktrace">com.kms.katalon.core.logging.KeywordLogger.logPassed(KeywordLogger.java:332)
com.kms.katalon.core.logging.KeywordLogger.logPassed(KeywordLogger.java:327)
com.kms.katalon.core.logging.KeywordLogger$logPassed$0.call(Unknown Source)
com.kms.katalon.core.webui.keyword.builtin.WaitForPageLoadKeyword$_waitForPageLoad_closure1.doCall(WaitForPageLoadKeyword.groovy:94)
com.kms.katalon.core.webui.keyword.builtin.WaitForPageLoadKeyword$_waitForPageLoad_closure1.doCall(WaitForPageLoadKeyword.groovy)
java.base/jdk.internal.reflect.NativeMethodAccessorImpl.invoke0(Native Method)
java.base/jdk.internal.reflect.NativeMethodAccessorImpl.invoke(NativeMethodAccessorImpl.java:77)
java.base/jdk.internal.reflect.DelegatingMethodAccessorImpl.invoke(DelegatingMethodAccessorImpl.java:43)
com.kms.katalon.core.webui.keyword.internal.WebUIKeywordMain.runKeyword(WebUIKeywordMain.groovy:41)
com.kms.katalon.core.webui.keyword.internal.WebUIKeywordMain$runKeyword.call(Unknown Source)
com.kms.katalon.core.webui.keyword.builtin.WaitForPageLoadKeyword.waitForPageLoad(WaitForPageLoadKeyword.groovy:95)
com.kms.katalon.core.webui.keyword.builtin.WaitForPageLoadKeyword.execute(WaitForPageLoadKeyword.groovy:68)
com.kms.katalon.core.keyword.internal.KeywordExecutor.executeKeywordForPlatform(KeywordExecutor.groovy:90)
com.kms.katalon.core.webui.keyword.WebUiBuiltInKeywords.waitForPageLoad(WebUiBuiltInKeywords.groovy:2558)
LG-01.run(LG-01:23)
</property>
</record>
<record>
  <date>2026-01-06T02:47:44.938845800Z</date>
  <millis>1767667664938</millis>
  <nanos>845800</nanos>
  <sequence>220</sequence>
  <level>END</level>
  <class>com.kms.katalon.core.logging.XmlKeywordLogger</class>
  <method>endKeyword</method>
  <thread>1</thread>
  <message>End action : waitForPageLoad(LOCAL_PAGELOAD)</message>
  <nestedLevel>1</nestedLevel>
  <escapedJava>false</escapedJava>
</record>
<record>
  <date>2026-01-06T02:47:44.939816900Z</date>
  <millis>1767667664939</millis>
  <nanos>816900</nanos>
  <sequence>221</sequence>
  <level>START</level>
  <class>com.kms.katalon.core.logging.XmlKeywordLogger</class>
  <method>startKeyword</method>
  <thread>1</thread>
  <message>Start action : spanAdmin = new com.kms.katalon.core.testobject.TestObject(obj_span_admin_test_1)</message>
  <nestedLevel>1</nestedLevel>
  <escapedJava>false</escapedJava>
  <property name="startLine">29</property>
  <property name="stepIndex">12</property>
</record>
<record>
  <date>2026-01-06T02:47:44.940814800Z</date>
  <millis>1767667664940</millis>
  <nanos>814800</nanos>
  <sequence>222</sequence>
  <level>END</level>
  <class>com.kms.katalon.core.logging.XmlKeywordLogger</class>
  <method>endKeyword</method>
  <thread>1</thread>
  <message>End action : spanAdmin = new com.kms.katalon.core.testobject.TestObject(obj_span_admin_test_1)</message>
  <nestedLevel>1</nestedLevel>
  <escapedJava>false</escapedJava>
</record>
<record>
  <date>2026-01-06T02:47:44.940814800Z</date>
  <millis>1767667664940</millis>
  <nanos>814800</nanos>
  <sequence>223</sequence>
  <level>START</level>
  <class>com.kms.katalon.core.logging.XmlKeywordLogger</class>
  <method>startKeyword</method>
  <thread>1</thread>
  <message>Start action : spanAdmin.addProperty(&amp;quot;xpath&amp;quot;, EQUALS, &amp;quot;//button[.//span[contains(normalize-space(), &amp;apos;test&amp;apos;)]]&amp;quot;)</message>
  <nestedLevel>1</nestedLevel>
  <escapedJava>false</escapedJava>
  <property name="startLine">30</property>
  <property name="stepIndex">13</property>
</record>
<record>
  <date>2026-01-06T02:47:44.941808800Z</date>
  <millis>1767667664941</millis>
  <nanos>808800</nanos>
  <sequence>224</sequence>
  <level>END</level>
  <class>com.kms.katalon.core.logging.XmlKeywordLogger</class>
  <method>endKeyword</method>
  <thread>1</thread>
  <message>End action : spanAdmin.addProperty(&amp;quot;xpath&amp;quot;, EQUALS, &amp;quot;//button[.//span[contains(normalize-space(), &amp;apos;test&amp;apos;)]]&amp;quot;)</message>
  <nestedLevel>1</nestedLevel>
  <escapedJava>false</escapedJava>
</record>
<record>
  <date>2026-01-06T02:47:44.941808800Z</date>
  <millis>1767667664941</millis>
  <nanos>808800</nanos>
  <sequence>225</sequence>
  <level>START</level>
  <class>com.kms.katalon.core.logging.XmlKeywordLogger</class>
  <method>startKeyword</method>
  <thread>1</thread>
  <message>Start action : iExitToApp = new com.kms.katalon.core.testobject.TestObject(obj_i_exit_to_app)</message>
  <nestedLevel>1</nestedLevel>
  <escapedJava>false</escapedJava>
  <property name="startLine">36</property>
  <property name="stepIndex">14</property>
</record>
<record>
  <date>2026-01-06T02:47:44.942809700Z</date>
  <millis>1767667664942</millis>
  <nanos>809700</nanos>
  <sequence>226</sequence>
  <level>END</level>
  <class>com.kms.katalon.core.logging.XmlKeywordLogger</class>
  <method>endKeyword</method>
  <thread>1</thread>
  <message>End action : iExitToApp = new com.kms.katalon.core.testobject.TestObject(obj_i_exit_to_app)</message>
  <nestedLevel>1</nestedLevel>
  <escapedJava>false</escapedJava>
</record>
<record>
  <date>2026-01-06T02:47:44.942809700Z</date>
  <millis>1767667664942</millis>
  <nanos>809700</nanos>
  <sequence>227</sequence>
  <level>START</level>
  <class>com.kms.katalon.core.logging.XmlKeywordLogger</class>
  <method>startKeyword</method>
  <thread>1</thread>
  <message>Start action : iExitToApp.addProperty(&amp;quot;xpath&amp;quot;, EQUALS, &amp;quot;//i[normalize-space(text())=&amp;apos;exit_to_app&amp;apos;]&amp;quot;)</message>
  <nestedLevel>1</nestedLevel>
  <escapedJava>false</escapedJava>
  <property name="startLine">37</property>
  <property name="stepIndex">15</property>
</record>
<record>
  <date>2026-01-06T02:47:44.943809300Z</date>
  <millis>1767667664943</millis>
  <nanos>809300</nanos>
  <sequence>228</sequence>
  <level>END</level>
  <class>com.kms.katalon.core.logging.XmlKeywordLogger</class>
  <method>endKeyword</method>
  <thread>1</thread>
  <message>End action : iExitToApp.addProperty(&amp;quot;xpath&amp;quot;, EQUALS, &amp;quot;//i[normalize-space(text())=&amp;apos;exit_to_app&amp;apos;]&amp;quot;)</message>
  <nestedLevel>1</nestedLevel>
  <escapedJava>false</escapedJava>
</record>
<record>
  <date>2026-01-06T02:47:44.944839100Z</date>
  <millis>1767667664944</millis>
  <nanos>839100</nanos>
  <sequence>229</sequence>
  <level>START</level>
  <class>com.kms.katalon.core.logging.XmlKeywordLogger</class>
  <method>startKeyword</method>
  <thread>1</thread>
  <message>Start action : userNameInput = new com.kms.katalon.core.testobject.TestObject(obj_input_userName)</message>
  <nestedLevel>1</nestedLevel>
  <escapedJava>false</escapedJava>
  <property name="startLine">43</property>
  <property name="stepIndex">16</property>
</record>
<record>
  <date>2026-01-06T02:47:44.947813Z</date>
  <millis>1767667664947</millis>
  <nanos>813000</nanos>
  <sequence>230</sequence>
  <level>END</level>
  <class>com.kms.katalon.core.logging.XmlKeywordLogger</class>
  <method>endKeyword</method>
  <thread>1</thread>
  <message>End action : userNameInput = new com.kms.katalon.core.testobject.TestObject(obj_input_userName)</message>
  <nestedLevel>1</nestedLevel>
  <escapedJava>false</escapedJava>
</record>
<record>
  <date>2026-01-06T02:47:44.949817600Z</date>
  <millis>1767667664949</millis>
  <nanos>817600</nanos>
  <sequence>231</sequence>
  <level>START</level>
  <class>com.kms.katalon.core.logging.XmlKeywordLogger</class>
  <method>startKeyword</method>
  <thread>1</thread>
  <message>Start action : userNameInput.addProperty(&amp;quot;id&amp;quot;, EQUALS, &amp;quot;userName&amp;quot;)</message>
  <nestedLevel>1</nestedLevel>
  <escapedJava>false</escapedJava>
  <property name="startLine">44</property>
  <property name="stepIndex">17</property>
</record>
<record>
  <date>2026-01-06T02:47:44.952822200Z</date>
  <millis>1767667664952</millis>
  <nanos>822200</nanos>
  <sequence>232</sequence>
  <level>END</level>
  <class>com.kms.katalon.core.logging.XmlKeywordLogger</class>
  <method>endKeyword</method>
  <thread>1</thread>
  <message>End action : userNameInput.addProperty(&amp;quot;id&amp;quot;, EQUALS, &amp;quot;userName&amp;quot;)</message>
  <nestedLevel>1</nestedLevel>
  <escapedJava>false</escapedJava>
</record>
<record>
  <date>2026-01-06T02:47:44.953819100Z</date>
  <millis>1767667664953</millis>
  <nanos>819100</nanos>
  <sequence>233</sequence>
  <level>START</level>
  <class>com.kms.katalon.core.logging.XmlKeywordLogger</class>
  <method>startKeyword</method>
  <thread>1</thread>
  <message>Start action : currentUrl = getUrl()</message>
  <nestedLevel>1</nestedLevel>
  <escapedJava>false</escapedJava>
  <property name="startLine">62</property>
  <property name="stepIndex">18</property>
</record>
<record>
  <date>2026-01-06T02:47:44.970817900Z</date>
  <millis>1767667664970</millis>
  <nanos>817900</nanos>
  <sequence>236</sequence>
  <level>PASSED</level>
  <class>com.kms.katalon.core.logging.XmlKeywordLogger</class>
  <method>logMessage</method>
  <thread>1</thread>
  <message>Current window&amp;apos;s url is: &amp;apos;https://qa.engagement.magiqdev.cloud/login&amp;apos;</message>
  <nestedLevel>2</nestedLevel>
  <escapedJava>false</escapedJava>
  <property name="testops-method-name">com.kms.katalon.core.webui.keyword.builtin.GetUrlKeyword.getUrl</property>
  <property name="testops-execution-stacktrace"></property>
</record>
<record>
  <date>2026-01-06T02:47:44.971817300Z</date>
  <millis>1767667664971</millis>
  <nanos>817300</nanos>
  <sequence>237</sequence>
  <level>END</level>
  <class>com.kms.katalon.core.logging.XmlKeywordLogger</class>
  <method>endKeyword</method>
  <thread>1</thread>
  <message>End action : currentUrl = getUrl()</message>
  <nestedLevel>1</nestedLevel>
  <escapedJava>false</escapedJava>
</record>
<record>
  <date>2026-01-06T02:47:44.972810500Z</date>
  <millis>1767667664972</millis>
  <nanos>810500</nanos>
  <sequence>238</sequence>
  <level>START</level>
  <class>com.kms.katalon.core.logging.XmlKeywordLogger</class>
  <method>startKeyword</method>
  <thread>1</thread>
  <message>Start action : if (currentUrl == &amp;quot;https://qa.engagement.magiqdev.cloud/news&amp;quot;)</message>
  <nestedLevel>1</nestedLevel>
  <escapedJava>false</escapedJava>
  <property name="startLine">64</property>
  <property name="stepIndex">19</property>
</record>
<record>
  <date>2026-01-06T02:47:44.973810Z</date>
  <millis>1767667664973</millis>
  <nanos>810000</nanos>
  <sequence>239</sequence>
  <level>END</level>
  <class>com.kms.katalon.core.logging.XmlKeywordLogger</class>
  <method>endKeyword</method>
  <thread>1</thread>
  <message>End action : if (currentUrl == &amp;quot;https://qa.engagement.magiqdev.cloud/news&amp;quot;)</message>
  <nestedLevel>1</nestedLevel>
  <escapedJava>false</escapedJava>
</record>
<record>
  <date>2026-01-06T02:47:44.973810Z</date>
  <millis>1767667664973</millis>
  <nanos>810000</nanos>
  <sequence>240</sequence>
  <level>START</level>
  <class>com.kms.katalon.core.logging.XmlKeywordLogger</class>
  <method>startKeyword</method>
  <thread>1</thread>
  <message>Start action : userNameField = new com.kms.katalon.core.testobject.TestObject(userName)</message>
  <nestedLevel>1</nestedLevel>
  <escapedJava>false</escapedJava>
  <property name="startLine">100</property>
  <property name="stepIndex">20</property>
</record>
<record>
  <date>2026-01-06T02:47:44.974811600Z</date>
  <millis>1767667664974</millis>
  <nanos>811600</nanos>
  <sequence>241</sequence>
  <level>END</level>
  <class>com.kms.katalon.core.logging.XmlKeywordLogger</class>
  <method>endKeyword</method>
  <thread>1</thread>
  <message>End action : userNameField = new com.kms.katalon.core.testobject.TestObject(userName)</message>
  <nestedLevel>1</nestedLevel>
  <escapedJava>false</escapedJava>
</record>
<record>
  <date>2026-01-06T02:47:44.975809800Z</date>
  <millis>1767667664975</millis>
  <nanos>809800</nanos>
  <sequence>242</sequence>
  <level>START</level>
  <class>com.kms.katalon.core.logging.XmlKeywordLogger</class>
  <method>startKeyword</method>
  <thread>1</thread>
  <message>Start action : userNameField.addProperty(&amp;quot;id&amp;quot;, EQUALS, &amp;quot;userName&amp;quot;)</message>
  <nestedLevel>1</nestedLevel>
  <escapedJava>false</escapedJava>
  <property name="startLine">101</property>
  <property name="stepIndex">21</property>
</record>
<record>
  <date>2026-01-06T02:47:44.976810500Z</date>
  <millis>1767667664976</millis>
  <nanos>810500</nanos>
  <sequence>243</sequence>
  <level>END</level>
  <class>com.kms.katalon.core.logging.XmlKeywordLogger</class>
  <method>endKeyword</method>
  <thread>1</thread>
  <message>End action : userNameField.addProperty(&amp;quot;id&amp;quot;, EQUALS, &amp;quot;userName&amp;quot;)</message>
  <nestedLevel>1</nestedLevel>
  <escapedJava>false</escapedJava>
</record>
<record>
  <date>2026-01-06T02:47:44.976810500Z</date>
  <millis>1767667664976</millis>
  <nanos>810500</nanos>
  <sequence>244</sequence>
  <level>START</level>
  <class>com.kms.katalon.core.logging.XmlKeywordLogger</class>
  <method>startKeyword</method>
  <thread>1</thread>
  <message>Start action : passwordField = new com.kms.katalon.core.testobject.TestObject(password)</message>
  <nestedLevel>1</nestedLevel>
  <escapedJava>false</escapedJava>
  <property name="startLine">103</property>
  <property name="stepIndex">22</property>
</record>
<record>
  <date>2026-01-06T02:47:44.977817Z</date>
  <millis>1767667664977</millis>
  <nanos>817000</nanos>
  <sequence>245</sequence>
  <level>END</level>
  <class>com.kms.katalon.core.logging.XmlKeywordLogger</class>
  <method>endKeyword</method>
  <thread>1</thread>
  <message>End action : passwordField = new com.kms.katalon.core.testobject.TestObject(password)</message>
  <nestedLevel>1</nestedLevel>
  <escapedJava>false</escapedJava>
</record>
<record>
  <date>2026-01-06T02:47:44.977817Z</date>
  <millis>1767667664977</millis>
  <nanos>817000</nanos>
  <sequence>246</sequence>
  <level>START</level>
  <class>com.kms.katalon.core.logging.XmlKeywordLogger</class>
  <method>startKeyword</method>
  <thread>1</thread>
  <message>Start action : passwordField.addProperty(&amp;quot;xpath&amp;quot;, EQUALS, &amp;quot;//input[@type=&amp;apos;password&amp;apos; or contains(@aria-label,&amp;apos;password&amp;apos;) or contains(@placeholder,&amp;apos;Password&amp;apos;)]&amp;quot;)</message>
  <nestedLevel>1</nestedLevel>
  <escapedJava>false</escapedJava>
  <property name="startLine">104</property>
  <property name="stepIndex">23</property>
</record>
<record>
  <date>2026-01-06T02:47:44.984827300Z</date>
  <millis>1767667664984</millis>
  <nanos>827300</nanos>
  <sequence>247</sequence>
  <level>END</level>
  <class>com.kms.katalon.core.logging.XmlKeywordLogger</class>
  <method>endKeyword</method>
  <thread>1</thread>
  <message>End action : passwordField.addProperty(&amp;quot;xpath&amp;quot;, EQUALS, &amp;quot;//input[@type=&amp;apos;password&amp;apos; or contains(@aria-label,&amp;apos;password&amp;apos;) or contains(@placeholder,&amp;apos;Password&amp;apos;)]&amp;quot;)</message>
  <nestedLevel>1</nestedLevel>
  <escapedJava>false</escapedJava>
</record>
<record>
  <date>2026-01-06T02:47:44.985819700Z</date>
  <millis>1767667664985</millis>
  <nanos>819700</nanos>
  <sequence>248</sequence>
  <level>START</level>
  <class>com.kms.katalon.core.logging.XmlKeywordLogger</class>
  <method>startKeyword</method>
  <thread>1</thread>
  <message>Start action : loginBtn = new com.kms.katalon.core.testobject.TestObject(loginBtn)</message>
  <nestedLevel>1</nestedLevel>
  <escapedJava>false</escapedJava>
  <property name="startLine">108</property>
  <property name="stepIndex">24</property>
</record>
<record>
  <date>2026-01-06T02:47:44.987824900Z</date>
  <millis>1767667664987</millis>
  <nanos>824900</nanos>
  <sequence>249</sequence>
  <level>END</level>
  <class>com.kms.katalon.core.logging.XmlKeywordLogger</class>
  <method>endKeyword</method>
  <thread>1</thread>
  <message>End action : loginBtn = new com.kms.katalon.core.testobject.TestObject(loginBtn)</message>
  <nestedLevel>1</nestedLevel>
  <escapedJava>false</escapedJava>
</record>
<record>
  <date>2026-01-06T02:47:44.988810400Z</date>
  <millis>1767667664988</millis>
  <nanos>810400</nanos>
  <sequence>250</sequence>
  <level>START</level>
  <class>com.kms.katalon.core.logging.XmlKeywordLogger</class>
  <method>startKeyword</method>
  <thread>1</thread>
  <message>Start action : loginBtn.addProperty(&amp;quot;css&amp;quot;, EQUALS, &amp;quot;button.btn-login&amp;quot;)</message>
  <nestedLevel>1</nestedLevel>
  <escapedJava>false</escapedJava>
  <property name="startLine">109</property>
  <property name="stepIndex">25</property>
</record>
<record>
  <date>2026-01-06T02:47:44.988810400Z</date>
  <millis>1767667664988</millis>
  <nanos>810400</nanos>
  <sequence>251</sequence>
  <level>END</level>
  <class>com.kms.katalon.core.logging.XmlKeywordLogger</class>
  <method>endKeyword</method>
  <thread>1</thread>
  <message>End action : loginBtn.addProperty(&amp;quot;css&amp;quot;, EQUALS, &amp;quot;button.btn-login&amp;quot;)</message>
  <nestedLevel>1</nestedLevel>
  <escapedJava>false</escapedJava>
</record>
<record>
  <date>2026-01-06T02:47:44.989813300Z</date>
  <millis>1767667664989</millis>
  <nanos>813300</nanos>
  <sequence>252</sequence>
  <level>START</level>
  <class>com.kms.katalon.core.logging.XmlKeywordLogger</class>
  <method>startKeyword</method>
  <thread>1</thread>
  <message>Start action : loginBtn.addProperty(&amp;quot;xpath&amp;quot;, EQUALS, &amp;quot;//button[contains(@class,&amp;apos;btn-login&amp;apos;) or normalize-space(.)=&amp;apos;Login&amp;apos; or .//span[normalize-space(.)=&amp;apos;Login&amp;apos;]]&amp;quot;)</message>
  <nestedLevel>1</nestedLevel>
  <escapedJava>false</escapedJava>
  <property name="startLine">110</property>
  <property name="stepIndex">26</property>
</record>
<record>
  <date>2026-01-06T02:47:44.990819900Z</date>
  <millis>1767667664990</millis>
  <nanos>819900</nanos>
  <sequence>253</sequence>
  <level>END</level>
  <class>com.kms.katalon.core.logging.XmlKeywordLogger</class>
  <method>endKeyword</method>
  <thread>1</thread>
  <message>End action : loginBtn.addProperty(&amp;quot;xpath&amp;quot;, EQUALS, &amp;quot;//button[contains(@class,&amp;apos;btn-login&amp;apos;) or normalize-space(.)=&amp;apos;Login&amp;apos; or .//span[normalize-space(.)=&amp;apos;Login&amp;apos;]]&amp;quot;)</message>
  <nestedLevel>1</nestedLevel>
  <escapedJava>false</escapedJava>
</record>
<record>
  <date>2026-01-06T02:47:44.990819900Z</date>
  <millis>1767667664990</millis>
  <nanos>819900</nanos>
  <sequence>254</sequence>
  <level>START</level>
  <class>com.kms.katalon.core.logging.XmlKeywordLogger</class>
  <method>startKeyword</method>
  <thread>1</thread>
  <message>Start action : appBar = new com.kms.katalon.core.testobject.TestObject(appBar)</message>
  <nestedLevel>1</nestedLevel>
  <escapedJava>false</escapedJava>
  <property name="startLine">114</property>
  <property name="stepIndex">27</property>
</record>
<record>
  <date>2026-01-06T02:47:44.991811800Z</date>
  <millis>1767667664991</millis>
  <nanos>811800</nanos>
  <sequence>255</sequence>
  <level>END</level>
  <class>com.kms.katalon.core.logging.XmlKeywordLogger</class>
  <method>endKeyword</method>
  <thread>1</thread>
  <message>End action : appBar = new com.kms.katalon.core.testobject.TestObject(appBar)</message>
  <nestedLevel>1</nestedLevel>
  <escapedJava>false</escapedJava>
</record>
<record>
  <date>2026-01-06T02:47:44.991811800Z</date>
  <millis>1767667664991</millis>
  <nanos>811800</nanos>
  <sequence>256</sequence>
  <level>START</level>
  <class>com.kms.katalon.core.logging.XmlKeywordLogger</class>
  <method>startKeyword</method>
  <thread>1</thread>
  <message>Start action : appBar.addProperty(&amp;quot;css&amp;quot;, EQUALS, &amp;quot;.mat-app-bar&amp;quot;)</message>
  <nestedLevel>1</nestedLevel>
  <escapedJava>false</escapedJava>
  <property name="startLine">115</property>
  <property name="stepIndex">28</property>
</record>
<record>
  <date>2026-01-06T02:47:44.992813500Z</date>
  <millis>1767667664992</millis>
  <nanos>813500</nanos>
  <sequence>257</sequence>
  <level>END</level>
  <class>com.kms.katalon.core.logging.XmlKeywordLogger</class>
  <method>endKeyword</method>
  <thread>1</thread>
  <message>End action : appBar.addProperty(&amp;quot;css&amp;quot;, EQUALS, &amp;quot;.mat-app-bar&amp;quot;)</message>
  <nestedLevel>1</nestedLevel>
  <escapedJava>false</escapedJava>
</record>
<record>
  <date>2026-01-06T02:47:44.992813500Z</date>
  <millis>1767667664992</millis>
  <nanos>813500</nanos>
  <sequence>258</sequence>
  <level>START</level>
  <class>com.kms.katalon.core.logging.XmlKeywordLogger</class>
  <method>startKeyword</method>
  <thread>1</thread>
  <message>Start action : appBar.addProperty(&amp;quot;xpath&amp;quot;, EQUALS, &amp;quot;//*[contains(@class,&amp;apos;mat-app-bar&amp;apos;)]&amp;quot;)</message>
  <nestedLevel>1</nestedLevel>
  <escapedJava>false</escapedJava>
  <property name="startLine">116</property>
  <property name="stepIndex">29</property>
</record>
<record>
  <date>2026-01-06T02:47:44.993820500Z</date>
  <millis>1767667664993</millis>
  <nanos>820500</nanos>
  <sequence>259</sequence>
  <level>END</level>
  <class>com.kms.katalon.core.logging.XmlKeywordLogger</class>
  <method>endKeyword</method>
  <thread>1</thread>
  <message>End action : appBar.addProperty(&amp;quot;xpath&amp;quot;, EQUALS, &amp;quot;//*[contains(@class,&amp;apos;mat-app-bar&amp;apos;)]&amp;quot;)</message>
  <nestedLevel>1</nestedLevel>
  <escapedJava>false</escapedJava>
</record>
<record>
  <date>2026-01-06T02:47:44.994811500Z</date>
  <millis>1767667664994</millis>
  <nanos>811500</nanos>
  <sequence>260</sequence>
  <level>START</level>
  <class>com.kms.katalon.core.logging.XmlKeywordLogger</class>
  <method>startKeyword</method>
  <thread>1</thread>
  <message>Start action : usernameVisible = false</message>
  <nestedLevel>1</nestedLevel>
  <escapedJava>false</escapedJava>
  <property name="startLine">119</property>
  <property name="stepIndex">30</property>
</record>
<record>
  <date>2026-01-06T02:47:45.001819600Z</date>
  <millis>1767667665001</millis>
  <nanos>819600</nanos>
  <sequence>261</sequence>
  <level>END</level>
  <class>com.kms.katalon.core.logging.XmlKeywordLogger</class>
  <method>endKeyword</method>
  <thread>1</thread>
  <message>End action : usernameVisible = false</message>
  <nestedLevel>1</nestedLevel>
  <escapedJava>false</escapedJava>
</record>
<record>
  <date>2026-01-06T02:47:45.002816800Z</date>
  <millis>1767667665002</millis>
  <nanos>816800</nanos>
  <sequence>262</sequence>
  <level>START</level>
  <class>com.kms.katalon.core.logging.XmlKeywordLogger</class>
  <method>startKeyword</method>
  <thread>1</thread>
  <message>Start action : attempts = 0</message>
  <nestedLevel>1</nestedLevel>
  <escapedJava>false</escapedJava>
  <property name="startLine">120</property>
  <property name="stepIndex">31</property>
</record>
<record>
  <date>2026-01-06T02:47:45.003822800Z</date>
  <millis>1767667665003</millis>
  <nanos>822800</nanos>
  <sequence>263</sequence>
  <level>END</level>
  <class>com.kms.katalon.core.logging.XmlKeywordLogger</class>
  <method>endKeyword</method>
  <thread>1</thread>
  <message>End action : attempts = 0</message>
  <nestedLevel>1</nestedLevel>
  <escapedJava>false</escapedJava>
</record>
<record>
  <date>2026-01-06T02:47:45.004811200Z</date>
  <millis>1767667665004</millis>
  <nanos>811200</nanos>
  <sequence>264</sequence>
  <level>START</level>
  <class>com.kms.katalon.core.logging.XmlKeywordLogger</class>
  <method>startKeyword</method>
  <thread>1</thread>
  <message>Start action : usernameVisible = waitForElementVisible(userNameField, 3, OPTIONAL)</message>
  <nestedLevel>1</nestedLevel>
  <escapedJava>false</escapedJava>
  <property name="startLine">123</property>
  <property name="stepIndex">32</property>
</record>
<record>
  <date>2026-01-06T02:47:49.411195700Z</date>
  <millis>1767667669411</millis>
  <nanos>195700</nanos>
  <sequence>269</sequence>
  <level>WARNING</level>
  <class>com.kms.katalon.core.logging.XmlKeywordLogger</class>
  <method>logMessage</method>
  <thread>1</thread>
  <message>Web element with id: &amp;apos;userName&amp;apos; located by &amp;apos;By.xpath: //*[@id = &amp;apos;userName&amp;apos;]&amp;apos; not found</message>
  <nestedLevel>2</nestedLevel>
  <escapedJava>false</escapedJava>
  <property name="failed.exception.class">com.kms.katalon.core.webui.exception.WebElementNotFoundException</property>
  <property name="failed.exception.stacktrace">com.kms.katalon.core.webui.exception.WebElementNotFoundException: Web element with id: &apos;userName&apos; located by &apos;By.xpath: //*[@id = &apos;userName&apos;]&apos; not found
	at com.kms.katalon.core.webui.model.WebUiElementFinder.findElementByNormalMethods(WebUiElementFinder.java:193)
	at com.kms.katalon.core.webui.model.WebUiElementFinder.findElementsBySelectedMethod(WebUiElementFinder.java:86)
	at com.kms.katalon.core.webui.model.WebUiElementFinder.findElementsBySelectedMethod(WebUiElementFinder.java:74)
	at com.kms.katalon.core.webui.model.WebUiElementFinder.findElementsBySelectedMethod(WebUiElementFinder.java:69)
	at com.kms.katalon.core.webui.model.WebUiElementFinder.findElement(WebUiElementFinder.java:43)
	at com.kms.katalon.core.webui.model.WebUiElementFinderWithTimeout.basicFindElement(WebUiElementFinderWithTimeout.java:50)
	at com.kms.katalon.core.webui.model.WebUiElementFinderWithTimeout.lambda$0(WebUiElementFinderWithTimeout.java:29)
	at com.kms.katalon.core.webui.model.SeleniumActionRetryController.performAction(SeleniumActionRetryController.java:96)
	at com.kms.katalon.core.webui.model.SeleniumActionRetryController.performAction(SeleniumActionRetryController.java:83)
	at com.kms.katalon.core.webui.model.WebUiElementFinderWithTimeout.findElement(WebUiElementFinderWithTimeout.java:28)
	at com.kms.katalon.core.webui.keyword.internal.WebUIAbstractKeyword.findWebElement(WebUIAbstractKeyword.groovy:96)
	at java.base/jdk.internal.reflect.NativeMethodAccessorImpl.invoke0(Native Method)
	at java.base/jdk.internal.reflect.NativeMethodAccessorImpl.invoke(NativeMethodAccessorImpl.java:77)
	at java.base/jdk.internal.reflect.DelegatingMethodAccessorImpl.invoke(DelegatingMethodAccessorImpl.java:43)
	at com.kms.katalon.core.webui.keyword.builtin.WaitForElementVisibleKeyword$_waitForElementVisible_closure1.doCall(WaitForElementVisibleKeyword.groovy:82)
	at java.base/jdk.internal.reflect.NativeMethodAccessorImpl.invoke0(Native Method)
	at java.base/jdk.internal.reflect.NativeMethodAccessorImpl.invoke(NativeMethodAccessorImpl.java:77)
	at java.base/jdk.internal.reflect.DelegatingMethodAccessorImpl.invoke(DelegatingMethodAccessorImpl.java:43)
	at jdk.proxy2/jdk.proxy2.$Proxy50.execute(Unknown Source)
	at com.kms.katalon.core.webui.model.SeleniumActionRetryController.performAction(SeleniumActionRetryController.java:96)
	at com.kms.katalon.core.webui.model.SeleniumActionRetryController.performAction(SeleniumActionRetryController.java:83)
	at com.kms.katalon.core.webui.keyword.internal.WebUIKeywordMain$_runKeywordUntilTimeout_closure2.doCall(WebUIKeywordMain.groovy:155)
	at com.kms.katalon.core.webui.keyword.internal.WebUIKeywordMain$_runKeywordUntilTimeout_closure2.call(WebUIKeywordMain.groovy)
	at com.kms.katalon.core.webui.keyword.internal.WebUIKeywordMain.runKeyword(WebUIKeywordMain.groovy:41)
	at com.kms.katalon.core.webui.keyword.internal.WebUIKeywordMain.runKeywordUntilTimeout(WebUIKeywordMain.groovy:152)
	at com.kms.katalon.core.webui.keyword.internal.WebUIKeywordMain$runKeywordUntilTimeout$0.call(Unknown Source)
	at com.kms.katalon.core.webui.keyword.builtin.WaitForElementVisibleKeyword.waitForElementVisible(WaitForElementVisibleKeyword.groovy:101)
	at com.kms.katalon.core.webui.keyword.builtin.WaitForElementVisibleKeyword.execute(WaitForElementVisibleKeyword.groovy:69)
	at com.kms.katalon.core.keyword.internal.KeywordExecutor.executeKeywordForPlatform(KeywordExecutor.groovy:90)
	at com.kms.katalon.core.webui.keyword.WebUiBuiltInKeywords.waitForElementVisible(WebUiBuiltInKeywords.groovy:498)
	at LG-01.run(LG-01:123)
	at com.kms.katalon.core.main.ScriptEngine.run(ScriptEngine.java:194)
	at com.kms.katalon.core.main.ScriptEngine.runScriptAsRawText(ScriptEngine.java:119)
	at com.kms.katalon.core.main.TestCaseExecutor.runScript(TestCaseExecutor.java:490)
	at com.kms.katalon.core.main.TestCaseExecutor.doExecute(TestCaseExecutor.java:481)
	at com.kms.katalon.core.main.TestCaseExecutor.processExecutionPhase(TestCaseExecutor.java:460)
	at com.kms.katalon.core.main.TestCaseExecutor.accessMainPhase(TestCaseExecutor.java:452)
	at com.kms.katalon.core.main.TestCaseExecutor.execute(TestCaseExecutor.java:322)
	at com.kms.katalon.core.main.TestCaseMain.runTestCase(TestCaseMain.java:151)
	at com.kms.katalon.core.keyword.builtin.CallTestCaseKeyword$_callTestCase_closure1.doCall(CallTestCaseKeyword.groovy:59)
	at com.kms.katalon.core.keyword.builtin.CallTestCaseKeyword$_callTestCase_closure1.call(CallTestCaseKeyword.groovy)
	at com.kms.katalon.core.keyword.internal.KeywordMain.runKeyword(KeywordMain.groovy:75)
	at com.kms.katalon.core.keyword.builtin.CallTestCaseKeyword.callTestCase(CallTestCaseKeyword.groovy:81)
	at com.kms.katalon.core.keyword.builtin.CallTestCaseKeyword.execute(CallTestCaseKeyword.groovy:44)
	at com.kms.katalon.core.keyword.internal.KeywordExecutor.executeKeywordForPlatform(KeywordExecutor.groovy:90)
	at com.kms.katalon.core.keyword.BuiltinKeywords.callTestCase(BuiltinKeywords.groovy:310)
	at java.base/jdk.internal.reflect.NativeMethodAccessorImpl.invoke0(Native Method)
	at java.base/jdk.internal.reflect.NativeMethodAccessorImpl.invoke(NativeMethodAccessorImpl.java:77)
	at java.base/jdk.internal.reflect.DelegatingMethodAccessorImpl.invoke(DelegatingMethodAccessorImpl.java:43)
	at OP1.1.run(OP1.1:20)
	at com.kms.katalon.core.main.ScriptEngine.run(ScriptEngine.java:194)
	at com.kms.katalon.core.main.ScriptEngine.runScriptAsRawText(ScriptEngine.java:119)
	at com.kms.katalon.core.main.TestCaseExecutor.runScript(TestCaseExecutor.java:490)
	at com.kms.katalon.core.main.TestCaseExecutor.doExecute(TestCaseExecutor.java:481)
	at com.kms.katalon.core.main.TestCaseExecutor.processExecutionPhase(TestCaseExecutor.java:460)
	at com.kms.katalon.core.main.TestCaseExecutor.accessMainPhase(TestCaseExecutor.java:452)
	at com.kms.katalon.core.main.TestCaseExecutor.execute(TestCaseExecutor.java:322)
	at com.kms.katalon.core.main.TestCaseExecutor.execute(TestCaseExecutor.java:410)
	at com.kms.katalon.core.common.CommonExecutor.accessTestCaseMainPhase(CommonExecutor.java:71)
	at com.kms.katalon.core.main.TestSuiteExecutor.accessTestSuiteMainPhase(TestSuiteExecutor.java:153)
	at com.kms.katalon.core.main.TestSuiteExecutor.execute(TestSuiteExecutor.java:110)
	at com.kms.katalon.core.main.TestCaseMain.startTestSuite(TestCaseMain.java:205)
	at TempTestSuite1767667621470.run(TempTestSuite1767667621470.groovy:35)
	at java.base/jdk.internal.reflect.NativeMethodAccessorImpl.invoke0(Native Method)
	at java.base/jdk.internal.reflect.NativeMethodAccessorImpl.invoke(NativeMethodAccessorImpl.java:77)
	at java.base/jdk.internal.reflect.DelegatingMethodAccessorImpl.invoke(DelegatingMethodAccessorImpl.java:43)
</property>
  <property name="failed.exception.message">Web element with id: &apos;userName&apos; located by &apos;By.xpath: //*[@id = &apos;userName&apos;]&apos; not found</property>
</record>
<record>
  <date>2026-01-06T02:47:49.412201800Z</date>
  <millis>1767667669412</millis>
  <nanos>201800</nanos>
  <sequence>270</sequence>
  <level>END</level>
  <class>com.kms.katalon.core.logging.XmlKeywordLogger</class>
  <method>endKeyword</method>
  <thread>1</thread>
  <message>End action : usernameVisible = waitForElementVisible(userNameField, 3, OPTIONAL)</message>
  <nestedLevel>1</nestedLevel>
  <escapedJava>false</escapedJava>
</record>
<record>
  <date>2026-01-06T02:47:49.413202200Z</date>
  <millis>1767667669413</millis>
  <nanos>202200</nanos>
  <sequence>271</sequence>
  <level>START</level>
  <class>com.kms.katalon.core.logging.XmlKeywordLogger</class>
  <method>startKeyword</method>
  <thread>1</thread>
  <message>Start action : if (!(usernameVisible))</message>
  <nestedLevel>1</nestedLevel>
  <escapedJava>false</escapedJava>
  <property name="startLine">126</property>
  <property name="stepIndex">33</property>
</record>
<record>
  <date>2026-01-06T02:47:49.413202200Z</date>
  <millis>1767667669413</millis>
  <nanos>202200</nanos>
  <sequence>272</sequence>
  <level>START</level>
  <class>com.kms.katalon.core.logging.XmlKeywordLogger</class>
  <method>startKeyword</method>
  <thread>1</thread>
  <message>Start action : okBtn = new com.kms.katalon.core.testobject.TestObject(ok_button_in_modal)</message>
  <nestedLevel>2</nestedLevel>
  <escapedJava>false</escapedJava>
  <property name="startLine">127</property>
  <property name="stepIndex">1</property>
</record>
<record>
  <date>2026-01-06T02:47:49.413202200Z</date>
  <millis>1767667669413</millis>
  <nanos>202200</nanos>
  <sequence>273</sequence>
  <level>END</level>
  <class>com.kms.katalon.core.logging.XmlKeywordLogger</class>
  <method>endKeyword</method>
  <thread>1</thread>
  <message>End action : okBtn = new com.kms.katalon.core.testobject.TestObject(ok_button_in_modal)</message>
  <nestedLevel>2</nestedLevel>
  <escapedJava>false</escapedJava>
</record>
<record>
  <date>2026-01-06T02:47:49.413202200Z</date>
  <millis>1767667669413</millis>
  <nanos>202200</nanos>
  <sequence>274</sequence>
  <level>START</level>
  <class>com.kms.katalon.core.logging.XmlKeywordLogger</class>
  <method>startKeyword</method>
  <thread>1</thread>
  <message>Start action : okBtn.addProperty(&amp;quot;xpath&amp;quot;, EQUALS, &amp;quot;//footer[contains(@class,&amp;apos;mdc-dialog__actions&amp;apos;)]&amp;quot; + &amp;quot;//button[@aria-label=&amp;apos;Ok&amp;apos; and .//span[@class=&amp;apos;mdc-button__label&amp;apos; and normalize-space()=&amp;apos;Ok&amp;apos;]]&amp;quot;)</message>
  <nestedLevel>2</nestedLevel>
  <escapedJava>false</escapedJava>
  <property name="startLine">128</property>
  <property name="stepIndex">2</property>
</record>
<record>
  <date>2026-01-06T02:47:49.414195700Z</date>
  <millis>1767667669414</millis>
  <nanos>195700</nanos>
  <sequence>275</sequence>
  <level>END</level>
  <class>com.kms.katalon.core.logging.XmlKeywordLogger</class>
  <method>endKeyword</method>
  <thread>1</thread>
  <message>End action : okBtn.addProperty(&amp;quot;xpath&amp;quot;, EQUALS, &amp;quot;//footer[contains(@class,&amp;apos;mdc-dialog__actions&amp;apos;)]&amp;quot; + &amp;quot;//button[@aria-label=&amp;apos;Ok&amp;apos; and .//span[@class=&amp;apos;mdc-button__label&amp;apos; and normalize-space()=&amp;apos;Ok&amp;apos;]]&amp;quot;)</message>
  <nestedLevel>2</nestedLevel>
  <escapedJava>false</escapedJava>
</record>
<record>
  <date>2026-01-06T02:47:49.414195700Z</date>
  <millis>1767667669414</millis>
  <nanos>195700</nanos>
  <sequence>276</sequence>
  <level>START</level>
  <class>com.kms.katalon.core.logging.XmlKeywordLogger</class>
  <method>startKeyword</method>
  <thread>1</thread>
  <message>Start action : waitForElementClickable(okBtn, 5)</message>
  <nestedLevel>2</nestedLevel>
  <escapedJava>false</escapedJava>
  <property name="startLine">132</property>
  <property name="stepIndex">3</property>
</record>
<record>
  <date>2026-01-06T02:47:56.514429900Z</date>
  <millis>1767667676514</millis>
  <nanos>429900</nanos>
  <sequence>281</sequence>
  <level>WARNING</level>
  <class>com.kms.katalon.core.logging.XmlKeywordLogger</class>
  <method>logMessage</method>
  <thread>1</thread>
  <message>Web element with id: &amp;apos;ok_button_in_modal&amp;apos; located by &amp;apos;By.xpath: //footer[contains(@class,&amp;apos;mdc-dialog__actions&amp;apos;)]//button[@aria-label=&amp;apos;Ok&amp;apos; and .//span[@class=&amp;apos;mdc-button__label&amp;apos; and normalize-space()=&amp;apos;Ok&amp;apos;]]&amp;apos; not found</message>
  <nestedLevel>2</nestedLevel>
  <escapedJava>false</escapedJava>
  <property name="failed.exception.class">com.kms.katalon.core.webui.exception.WebElementNotFoundException</property>
  <property name="failed.exception.stacktrace">com.kms.katalon.core.webui.exception.WebElementNotFoundException: Web element with id: &apos;ok_button_in_modal&apos; located by &apos;By.xpath: //footer[contains(@class,&apos;mdc-dialog__actions&apos;)]//button[@aria-label=&apos;Ok&apos; and .//span[@class=&apos;mdc-button__label&apos; and normalize-space()=&apos;Ok&apos;]]&apos; not found
	at com.kms.katalon.core.webui.model.WebUiElementFinder.findElementByNormalMethods(WebUiElementFinder.java:193)
	at com.kms.katalon.core.webui.model.WebUiElementFinder.findElementsBySelectedMethod(WebUiElementFinder.java:86)
	at com.kms.katalon.core.webui.model.WebUiElementFinder.findElementsBySelectedMethod(WebUiElementFinder.java:74)
	at com.kms.katalon.core.webui.model.WebUiElementFinder.findElementsBySelectedMethod(WebUiElementFinder.java:69)
	at com.kms.katalon.core.webui.model.WebUiElementFinder.findElement(WebUiElementFinder.java:43)
	at com.kms.katalon.core.webui.model.WebUiElementFinderWithTimeout.basicFindElement(WebUiElementFinderWithTimeout.java:50)
	at com.kms.katalon.core.webui.model.WebUiElementFinderWithTimeout.lambda$0(WebUiElementFinderWithTimeout.java:29)
	at com.kms.katalon.core.webui.model.SeleniumActionRetryController.performAction(SeleniumActionRetryController.java:96)
	at com.kms.katalon.core.webui.model.SeleniumActionRetryController.performAction(SeleniumActionRetryController.java:83)
	at com.kms.katalon.core.webui.model.WebUiElementFinderWithTimeout.findElement(WebUiElementFinderWithTimeout.java:28)
	at com.kms.katalon.core.webui.keyword.internal.WebUIAbstractKeyword.findWebElement(WebUIAbstractKeyword.groovy:96)
	at com.kms.katalon.core.webui.keyword.internal.WebUIAbstractKeyword$findWebElement.call(Unknown Source)
	at com.kms.katalon.core.webui.keyword.internal.WebUIAbstractKeyword$findWebElement.call(Unknown Source)
	at com.kms.katalon.core.webui.keyword.builtin.WaitForElementClickableKeyword$_waitForElementClickable_closure1.doCall(WaitForElementClickableKeyword.groovy:55)
	at java.base/jdk.internal.reflect.NativeMethodAccessorImpl.invoke0(Native Method)
	at java.base/jdk.internal.reflect.NativeMethodAccessorImpl.invoke(NativeMethodAccessorImpl.java:77)
	at java.base/jdk.internal.reflect.DelegatingMethodAccessorImpl.invoke(DelegatingMethodAccessorImpl.java:43)
	at jdk.proxy2/jdk.proxy2.$Proxy50.execute(Unknown Source)
	at com.kms.katalon.core.webui.model.SeleniumActionRetryController.performAction(SeleniumActionRetryController.java:96)
	at com.kms.katalon.core.webui.model.SeleniumActionRetryController.performAction(SeleniumActionRetryController.java:83)
	at com.kms.katalon.core.webui.keyword.internal.WebUIKeywordMain$_runKeywordUntilTimeout_closure2.doCall(WebUIKeywordMain.groovy:155)
	at com.kms.katalon.core.webui.keyword.internal.WebUIKeywordMain$_runKeywordUntilTimeout_closure2.call(WebUIKeywordMain.groovy)
	at com.kms.katalon.core.webui.keyword.internal.WebUIKeywordMain.runKeyword(WebUIKeywordMain.groovy:41)
	at com.kms.katalon.core.webui.keyword.internal.WebUIKeywordMain.runKeywordUntilTimeout(WebUIKeywordMain.groovy:152)
	at com.kms.katalon.core.webui.keyword.internal.WebUIKeywordMain$runKeywordUntilTimeout$0.call(Unknown Source)
	at com.kms.katalon.core.webui.keyword.builtin.WaitForElementClickableKeyword.waitForElementClickable(WaitForElementClickableKeyword.groovy:74)
	at com.kms.katalon.core.webui.keyword.builtin.WaitForElementClickableKeyword.execute(WaitForElementClickableKeyword.groovy:42)
	at com.kms.katalon.core.keyword.internal.KeywordExecutor.executeKeywordForPlatform(KeywordExecutor.groovy:90)
	at com.kms.katalon.core.webui.keyword.WebUiBuiltInKeywords.waitForElementClickable(WebUiBuiltInKeywords.groovy:580)
	at LG-01.run(LG-01:132)
	at com.kms.katalon.core.main.ScriptEngine.run(ScriptEngine.java:194)
	at com.kms.katalon.core.main.ScriptEngine.runScriptAsRawText(ScriptEngine.java:119)
	at com.kms.katalon.core.main.TestCaseExecutor.runScript(TestCaseExecutor.java:490)
	at com.kms.katalon.core.main.TestCaseExecutor.doExecute(TestCaseExecutor.java:481)
	at com.kms.katalon.core.main.TestCaseExecutor.processExecutionPhase(TestCaseExecutor.java:460)
	at com.kms.katalon.core.main.TestCaseExecutor.accessMainPhase(TestCaseExecutor.java:452)
	at com.kms.katalon.core.main.TestCaseExecutor.execute(TestCaseExecutor.java:322)
	at com.kms.katalon.core.main.TestCaseMain.runTestCase(TestCaseMain.java:151)
	at com.kms.katalon.core.keyword.builtin.CallTestCaseKeyword$_callTestCase_closure1.doCall(CallTestCaseKeyword.groovy:59)
	at com.kms.katalon.core.keyword.builtin.CallTestCaseKeyword$_callTestCase_closure1.call(CallTestCaseKeyword.groovy)
	at com.kms.katalon.core.keyword.internal.KeywordMain.runKeyword(KeywordMain.groovy:75)
	at com.kms.katalon.core.keyword.builtin.CallTestCaseKeyword.callTestCase(CallTestCaseKeyword.groovy:81)
	at com.kms.katalon.core.keyword.builtin.CallTestCaseKeyword.execute(CallTestCaseKeyword.groovy:44)
	at com.kms.katalon.core.keyword.internal.KeywordExecutor.executeKeywordForPlatform(KeywordExecutor.groovy:90)
	at com.kms.katalon.core.keyword.BuiltinKeywords.callTestCase(BuiltinKeywords.groovy:310)
	at java.base/jdk.internal.reflect.NativeMethodAccessorImpl.invoke0(Native Method)
	at java.base/jdk.internal.reflect.NativeMethodAccessorImpl.invoke(NativeMethodAccessorImpl.java:77)
	at java.base/jdk.internal.reflect.DelegatingMethodAccessorImpl.invoke(DelegatingMethodAccessorImpl.java:43)
	at OP1.1.run(OP1.1:20)
	at com.kms.katalon.core.main.ScriptEngine.run(ScriptEngine.java:194)
	at com.kms.katalon.core.main.ScriptEngine.runScriptAsRawText(ScriptEngine.java:119)
	at com.kms.katalon.core.main.TestCaseExecutor.runScript(TestCaseExecutor.java:490)
	at com.kms.katalon.core.main.TestCaseExecutor.doExecute(TestCaseExecutor.java:481)
	at com.kms.katalon.core.main.TestCaseExecutor.processExecutionPhase(TestCaseExecutor.java:460)
	at com.kms.katalon.core.main.TestCaseExecutor.accessMainPhase(TestCaseExecutor.java:452)
	at com.kms.katalon.core.main.TestCaseExecutor.execute(TestCaseExecutor.java:322)
	at com.kms.katalon.core.main.TestCaseExecutor.execute(TestCaseExecutor.java:410)
	at com.kms.katalon.core.common.CommonExecutor.accessTestCaseMainPhase(CommonExecutor.java:71)
	at com.kms.katalon.core.main.TestSuiteExecutor.accessTestSuiteMainPhase(TestSuiteExecutor.java:153)
	at com.kms.katalon.core.main.TestSuiteExecutor.execute(TestSuiteExecutor.java:110)
	at com.kms.katalon.core.main.TestCaseMain.startTestSuite(TestCaseMain.java:205)
	at TempTestSuite1767667621470.run(TempTestSuite1767667621470.groovy:35)
	at java.base/jdk.internal.reflect.NativeMethodAccessorImpl.invoke0(Native Method)
	at java.base/jdk.internal.reflect.NativeMethodAccessorImpl.invoke(NativeMethodAccessorImpl.java:77)
	at java.base/jdk.internal.reflect.DelegatingMethodAccessorImpl.invoke(DelegatingMethodAccessorImpl.java:43)
</property>
  <property name="failed.exception.message">Web element with id: &apos;ok_button_in_modal&apos; located by &apos;By.xpath: //footer[contains(@class,&apos;mdc-dialog__actions&apos;)]//button[@aria-label=&apos;Ok&apos; and .//span[@class=&apos;mdc-button__label&apos; and normalize-space()=&apos;Ok&apos;]]&apos; not found</property>
</record>
<record>
  <date>2026-01-06T02:47:56.514429900Z</date>
  <millis>1767667676514</millis>
  <nanos>429900</nanos>
  <sequence>282</sequence>
  <level>END</level>
  <class>com.kms.katalon.core.logging.XmlKeywordLogger</class>
  <method>endKeyword</method>
  <thread>1</thread>
  <message>End action : waitForElementClickable(okBtn, 5)</message>
  <nestedLevel>2</nestedLevel>
  <escapedJava>false</escapedJava>
</record>
<record>
  <date>2026-01-06T02:47:56.515429500Z</date>
  <millis>1767667676515</millis>
  <nanos>429500</nanos>
  <sequence>283</sequence>
  <level>START</level>
  <class>com.kms.katalon.core.logging.XmlKeywordLogger</class>
  <method>startKeyword</method>
  <thread>1</thread>
  <message>Start action : enhancedClick(okBtn)</message>
  <nestedLevel>2</nestedLevel>
  <escapedJava>false</escapedJava>
  <property name="startLine">133</property>
  <property name="stepIndex">4</property>
</record>
<record>
  <date>2026-01-06T02:48:06.524766200Z</date>
  <millis>1767667686524</millis>
  <nanos>766200</nanos>
  <sequence>292</sequence>
  <level>WARNING</level>
  <class>com.kms.katalon.core.logging.XmlKeywordLogger</class>
  <method>logMessage</method>
  <thread>1</thread>
  <message>Cannot take screenshot</message>
  <nestedLevel>2</nestedLevel>
  <escapedJava>false</escapedJava>
  <property name="failed.exception.class">org.openqa.selenium.NoSuchSessionException</property>
  <property name="failed.exception.stacktrace">org.openqa.selenium.NoSuchSessionException: invalid session id
Build info: version: &apos;4.34.0&apos;, revision: &apos;707dcb4246*&apos;
System info: os.name: &apos;Windows 10&apos;, os.arch: &apos;amd64&apos;, os.version: &apos;10.0&apos;, java.version: &apos;17.0.14&apos;
Driver info: com.kms.katalon.selenium.driver.CChromeDriver
Command: [c6ef577be978aaef9a7f934c65aebee9, screenshot {}]
Capabilities {acceptInsecureCerts: false, browserName: chrome, browserVersion: 143.0.7499.170, chrome: {chromedriverVersion: 142.0.7444.59 (4b8153ab58d3..., userDataDir: C:\QA\Profiles\KatalonChrome}, fedcm:accounts: true, goog:chromeOptions: {debuggerAddress: localhost:63382}, goog:processID: 16236, networkConnectionEnabled: false, pageLoadStrategy: normal, platformName: windows, proxy: Proxy(), se:cdp: ws://localhost:63382/devtoo..., se:cdpVersion: 143.0.7499.170, setWindowRect: true, strictFileInteractability: false, timeouts: {implicit: 0, pageLoad: 300000, script: 30000}, unhandledPromptBehavior: {alert: ignore, beforeUnload: ignore, confirm: ignore, default: ignore, file: ignore, prompt: ignore}, webSocketUrl: ws://localhost:31794/sessio..., webauthn:extension:credBlob: true, webauthn:extension:largeBlob: true, webauthn:extension:minPinLength: true, webauthn:extension:prf: true, webauthn:virtualAuthenticators: true}
Session ID: c6ef577be978aaef9a7f934c65aebee9
	at jdk.internal.reflect.GeneratedConstructorAccessor24.newInstance(Unknown Source)
	at java.base/jdk.internal.reflect.DelegatingConstructorAccessorImpl.newInstance(DelegatingConstructorAccessorImpl.java:45)
	at org.openqa.selenium.remote.ErrorCodec.decode(ErrorCodec.java:167)
	at org.openqa.selenium.remote.codec.w3c.W3CHttpResponseCodec.decode(W3CHttpResponseCodec.java:138)
	at org.openqa.selenium.remote.codec.w3c.W3CHttpResponseCodec.decode(W3CHttpResponseCodec.java:50)
	at org.openqa.selenium.remote.HttpCommandExecutor.execute(HttpCommandExecutor.java:215)
	at org.openqa.selenium.remote.service.DriverCommandExecutor.invokeExecute(DriverCommandExecutor.java:216)
	at org.openqa.selenium.remote.service.DriverCommandExecutor.execute(DriverCommandExecutor.java:174)
	at org.openqa.selenium.remote.RemoteWebDriver.execute(RemoteWebDriver.java:544)
	at org.openqa.selenium.remote.RemoteWebDriver.execute(RemoteWebDriver.java:617)
	at com.kms.katalon.selenium.driver.CChromeDriver.execute(CChromeDriver.java:22)
	at org.openqa.selenium.remote.RemoteWebDriver.execute(RemoteWebDriver.java:621)
	at org.openqa.selenium.remote.RemoteWebDriver.getScreenshotAs(RemoteWebDriver.java:333)
	at java.base/jdk.internal.reflect.NativeMethodAccessorImpl.invoke0(Native Method)
	at java.base/jdk.internal.reflect.NativeMethodAccessorImpl.invoke(NativeMethodAccessorImpl.java:77)
	at java.base/jdk.internal.reflect.DelegatingMethodAccessorImpl.invoke(DelegatingMethodAccessorImpl.java:43)
	at org.openqa.selenium.support.decorators.WebDriverDecorator.call(WebDriverDecorator.java:315)
	at org.openqa.selenium.support.decorators.DefaultDecorated.call(DefaultDecorated.java:48)
	at org.openqa.selenium.support.decorators.WebDriverDecorator.lambda$createProxyFactory$3(WebDriverDecorator.java:405)
	at org.openqa.selenium.remote.RemoteWebDriver$ByteBuddy$GJQXCoT4.getScreenshotAs(Unknown Source)
	at com.kms.katalon.core.webui.helper.screenshot.WebUIScreenCaptor.take(WebUIScreenCaptor.java:26)
	at com.kms.katalon.core.helper.screenshot.ScreenCaptor.takeScreenshotAndGetAttributes(ScreenCaptor.java:38)
	at com.kms.katalon.core.webui.keyword.internal.WebUIKeywordMain.stepFailed(WebUIKeywordMain.groovy:177)
	at com.kms.katalon.core.webui.keyword.internal.WebUIKeywordMain.runKeyword(WebUIKeywordMain.groovy:49)
	at com.kms.katalon.core.webui.keyword.internal.WebUIKeywordMain.runKeywordUntilTimeout(WebUIKeywordMain.groovy:133)
	at com.kms.katalon.core.webui.keyword.builtin.EnhancedClickKeyword.click(EnhancedClickKeyword.groovy:95)
	at com.kms.katalon.core.webui.keyword.builtin.EnhancedClickKeyword.execute(EnhancedClickKeyword.groovy:41)
	at com.kms.katalon.core.keyword.internal.KeywordExecutor.executeKeywordForPlatform(KeywordExecutor.groovy:90)
	at com.kms.katalon.core.webui.keyword.WebUiBuiltInKeywords.enhancedClick(WebUiBuiltInKeywords.groovy:747)
	at LG-01.run(LG-01:133)
	at com.kms.katalon.core.main.ScriptEngine.run(ScriptEngine.java:194)
	at com.kms.katalon.core.main.ScriptEngine.runScriptAsRawText(ScriptEngine.java:119)
	at com.kms.katalon.core.main.TestCaseExecutor.runScript(TestCaseExecutor.java:490)
	at com.kms.katalon.core.main.TestCaseExecutor.doExecute(TestCaseExecutor.java:481)
	at com.kms.katalon.core.main.TestCaseExecutor.processExecutionPhase(TestCaseExecutor.java:460)
	at com.kms.katalon.core.main.TestCaseExecutor.accessMainPhase(TestCaseExecutor.java:452)
	at com.kms.katalon.core.main.TestCaseExecutor.execute(TestCaseExecutor.java:322)
	at com.kms.katalon.core.main.TestCaseMain.runTestCase(TestCaseMain.java:151)
	at com.kms.katalon.core.keyword.builtin.CallTestCaseKeyword$_callTestCase_closure1.doCall(CallTestCaseKeyword.groovy:59)
	at com.kms.katalon.core.keyword.builtin.CallTestCaseKeyword$_callTestCase_closure1.call(CallTestCaseKeyword.groovy)
	at com.kms.katalon.core.keyword.internal.KeywordMain.runKeyword(KeywordMain.groovy:75)
	at com.kms.katalon.core.keyword.builtin.CallTestCaseKeyword.callTestCase(CallTestCaseKeyword.groovy:81)
	at com.kms.katalon.core.keyword.builtin.CallTestCaseKeyword.execute(CallTestCaseKeyword.groovy:44)
	at com.kms.katalon.core.keyword.internal.KeywordExecutor.executeKeywordForPlatform(KeywordExecutor.groovy:90)
	at com.kms.katalon.core.keyword.BuiltinKeywords.callTestCase(BuiltinKeywords.groovy:310)
	at java.base/jdk.internal.reflect.NativeMethodAccessorImpl.invoke0(Native Method)
	at java.base/jdk.internal.reflect.NativeMethodAccessorImpl.invoke(NativeMethodAccessorImpl.java:77)
	at java.base/jdk.internal.reflect.DelegatingMethodAccessorImpl.invoke(DelegatingMethodAccessorImpl.java:43)
	at OP1.1.run(OP1.1:20)
	at com.kms.katalon.core.main.ScriptEngine.run(ScriptEngine.java:194)
	at com.kms.katalon.core.main.ScriptEngine.runScriptAsRawText(ScriptEngine.java:119)
	at com.kms.katalon.core.main.TestCaseExecutor.runScript(TestCaseExecutor.java:490)
	at com.kms.katalon.core.main.TestCaseExecutor.doExecute(TestCaseExecutor.java:481)
	at com.kms.katalon.core.main.TestCaseExecutor.processExecutionPhase(TestCaseExecutor.java:460)
	at com.kms.katalon.core.main.TestCaseExecutor.accessMainPhase(TestCaseExecutor.java:452)
	at com.kms.katalon.core.main.TestCaseExecutor.execute(TestCaseExecutor.java:322)
	at com.kms.katalon.core.main.TestCaseExecutor.execute(TestCaseExecutor.java:410)
	at com.kms.katalon.core.common.CommonExecutor.accessTestCaseMainPhase(CommonExecutor.java:71)
	at com.kms.katalon.core.main.TestSuiteExecutor.accessTestSuiteMainPhase(TestSuiteExecutor.java:153)
	at com.kms.katalon.core.main.TestSuiteExecutor.execute(TestSuiteExecutor.java:110)
	at com.kms.katalon.core.main.TestCaseMain.startTestSuite(TestCaseMain.java:205)
	at TempTestSuite1767667621470.run(TempTestSuite1767667621470.groovy:35)
	at java.base/jdk.internal.reflect.NativeMethodAccessorImpl.invoke0(Native Method)
	at java.base/jdk.internal.reflect.NativeMethodAccessorImpl.invoke(NativeMethodAccessorImpl.java:77)
	at java.base/jdk.internal.reflect.DelegatingMethodAccessorImpl.invoke(DelegatingMethodAccessorImpl.java:43)
</property>
  <property name="failed.exception.message">invalid session id
Build info: version: &apos;4.34.0&apos;, revision: &apos;707dcb4246*&apos;
System info: os.name: &apos;Windows 10&apos;, os.arch: &apos;amd64&apos;, os.version: &apos;10.0&apos;, java.version: &apos;17.0.14&apos;
Driver info: com.kms.katalon.selenium.driver.CChromeDriver
Command: [c6ef577be978aaef9a7f934c65aebee9, screenshot {}]
Capabilities {acceptInsecureCerts: false, browserName: chrome, browserVersion: 143.0.7499.170, chrome: {chromedriverVersion: 142.0.7444.59 (4b8153ab58d3..., userDataDir: C:\QA\Profiles\KatalonChrome}, fedcm:accounts: true, goog:chromeOptions: {debuggerAddress: localhost:63382}, goog:processID: 16236, networkConnectionEnabled: false, pageLoadStrategy: normal, platformName: windows, proxy: Proxy(), se:cdp: ws://localhost:63382/devtoo..., se:cdpVersion: 143.0.7499.170, setWindowRect: true, strictFileInteractability: false, timeouts: {implicit: 0, pageLoad: 300000, script: 30000}, unhandledPromptBehavior: {alert: ignore, beforeUnload: ignore, confirm: ignore, default: ignore, file: ignore, prompt: ignore}, webSocketUrl: ws://localhost:31794/sessio..., webauthn:extension:credBlob: true, webauthn:extension:largeBlob: true, webauthn:extension:minPinLength: true, webauthn:extension:prf: true, webauthn:virtualAuthenticators: true}
Session ID: c6ef577be978aaef9a7f934c65aebee9</property>
</record>
<record>
  <date>2026-01-06T02:48:06.526764900Z</date>
  <millis>1767667686526</millis>
  <nanos>764900</nanos>
  <sequence>296</sequence>
  <level>FAILED</level>
  <class>com.kms.katalon.core.logging.XmlKeywordLogger</class>
  <method>logMessage</method>
  <thread>1</thread>
  <message>Unable to click on object &amp;apos;ok_button_in_modal&amp;apos; (Root cause: com.kms.katalon.core.exception.StepFailedException: Unable to click on object &amp;apos;ok_button_in_modal&amp;apos;
	at com.kms.katalon.core.webui.keyword.internal.WebUIKeywordMain.stepFailed(WebUIKeywordMain.groovy:177)
	at com.kms.katalon.core.webui.keyword.internal.WebUIKeywordMain.runKeyword(WebUIKeywordMain.groovy:49)
	at com.kms.katalon.core.webui.keyword.internal.WebUIKeywordMain.runKeywordUntilTimeout(WebUIKeywordMain.groovy:133)
	at com.kms.katalon.core.webui.keyword.builtin.EnhancedClickKeyword.click(EnhancedClickKeyword.groovy:95)
	at com.kms.katalon.core.webui.keyword.builtin.EnhancedClickKeyword.execute(EnhancedClickKeyword.groovy:41)
	at com.kms.katalon.core.keyword.internal.KeywordExecutor.executeKeywordForPlatform(KeywordExecutor.groovy:90)
	at com.kms.katalon.core.webui.keyword.WebUiBuiltInKeywords.enhancedClick(WebUiBuiltInKeywords.groovy:747)
	at LG-01.run(LG-01:133)
	at com.kms.katalon.core.main.ScriptEngine.run(ScriptEngine.java:194)
	at com.kms.katalon.core.main.ScriptEngine.runScriptAsRawText(ScriptEngine.java:119)
	at com.kms.katalon.core.main.TestCaseExecutor.runScript(TestCaseExecutor.java:490)
	at com.kms.katalon.core.main.TestCaseExecutor.doExecute(TestCaseExecutor.java:481)
	at com.kms.katalon.core.main.TestCaseExecutor.processExecutionPhase(TestCaseExecutor.java:460)
	at com.kms.katalon.core.main.TestCaseExecutor.accessMainPhase(TestCaseExecutor.java:452)
	at com.kms.katalon.core.main.TestCaseExecutor.execute(TestCaseExecutor.java:322)
	at com.kms.katalon.core.main.TestCaseMain.runTestCase(TestCaseMain.java:151)
	at com.kms.katalon.core.keyword.builtin.CallTestCaseKeyword$_callTestCase_closure1.doCall(CallTestCaseKeyword.groovy:59)
	at com.kms.katalon.core.keyword.builtin.CallTestCaseKeyword$_callTestCase_closure1.call(CallTestCaseKeyword.groovy)
	at com.kms.katalon.core.keyword.internal.KeywordMain.runKeyword(KeywordMain.groovy:75)
	at com.kms.katalon.core.keyword.builtin.CallTestCaseKeyword.callTestCase(CallTestCaseKeyword.groovy:81)
	at com.kms.katalon.core.keyword.builtin.CallTestCaseKeyword.execute(CallTestCaseKeyword.groovy:44)
	at com.kms.katalon.core.keyword.internal.KeywordExecutor.executeKeywordForPlatform(KeywordExecutor.groovy:90)
	at com.kms.katalon.core.keyword.BuiltinKeywords.callTestCase(BuiltinKeywords.groovy:310)
	at java.base/jdk.internal.reflect.NativeMethodAccessorImpl.invoke0(Native Method)
	at java.base/jdk.internal.reflect.NativeMethodAccessorImpl.invoke(NativeMethodAccessorImpl.java:77)
	at java.base/jdk.internal.reflect.DelegatingMethodAccessorImpl.invoke(DelegatingMethodAccessorImpl.java:43)
	at OP1.1.run(OP1.1:20)
	at com.kms.katalon.core.main.ScriptEngine.run(ScriptEngine.java:194)
	at com.kms.katalon.core.main.ScriptEngine.runScriptAsRawText(ScriptEngine.java:119)
	at com.kms.katalon.core.main.TestCaseExecutor.runScript(TestCaseExecutor.java:490)
	at com.kms.katalon.core.main.TestCaseExecutor.doExecute(TestCaseExecutor.java:481)
	at com.kms.katalon.core.main.TestCaseExecutor.processExecutionPhase(TestCaseExecutor.java:460)
	at com.kms.katalon.core.main.TestCaseExecutor.accessMainPhase(TestCaseExecutor.java:452)
	at com.kms.katalon.core.main.TestCaseExecutor.execute(TestCaseExecutor.java:322)
	at com.kms.katalon.core.main.TestCaseExecutor.execute(TestCaseExecutor.java:410)
	at com.kms.katalon.core.common.CommonExecutor.accessTestCaseMainPhase(CommonExecutor.java:71)
	at com.kms.katalon.core.main.TestSuiteExecutor.accessTestSuiteMainPhase(TestSuiteExecutor.java:153)
	at com.kms.katalon.core.main.TestSuiteExecutor.execute(TestSuiteExecutor.java:110)
	at com.kms.katalon.core.main.TestCaseMain.startTestSuite(TestCaseMain.java:205)
	at TempTestSuite1767667621470.run(TempTestSuite1767667621470.groovy:35)
	at java.base/jdk.internal.reflect.NativeMethodAccessorImpl.invoke0(Native Method)
	at java.base/jdk.internal.reflect.NativeMethodAccessorImpl.invoke(NativeMethodAccessorImpl.java:77)
	at java.base/jdk.internal.reflect.DelegatingMethodAccessorImpl.invoke(DelegatingMethodAccessorImpl.java:43)
Caused by: org.openqa.selenium.NoSuchSessionException: invalid session id
Build info: version: &amp;apos;4.34.0&amp;apos;, revision: &amp;apos;707dcb4246*&amp;apos;
System info: os.name: &amp;apos;Windows 10&amp;apos;, os.arch: &amp;apos;amd64&amp;apos;, os.version: &amp;apos;10.0&amp;apos;, java.version: &amp;apos;17.0.14&amp;apos;
Driver info: com.kms.katalon.selenium.driver.CChromeDriver
Command: [c6ef577be978aaef9a7f934c65aebee9, findElements {value=//footer[contains(@class,&amp;apos;mdc-dialog__actions&amp;apos;)]//button[@aria-label=&amp;apos;Ok&amp;apos; and .//span[@class=&amp;apos;mdc-button__label&amp;apos; and normalize-space()=&amp;apos;Ok&amp;apos;]], using=xpath}]
Capabilities {acceptInsecureCerts: false, browserName: chrome, browserVersion: 143.0.7499.170, chrome: {chromedriverVersion: 142.0.7444.59 (4b8153ab58d3..., userDataDir: C:\QA\Profiles\KatalonChrome}, fedcm:accounts: true, goog:chromeOptions: {debuggerAddress: localhost:63382}, goog:processID: 16236, networkConnectionEnabled: false, pageLoadStrategy: normal, platformName: windows, proxy: Proxy(), se:cdp: ws://localhost:63382/devtoo..., se:cdpVersion: 143.0.7499.170, setWindowRect: true, strictFileInteractability: false, timeouts: {implicit: 0, pageLoad: 300000, script: 30000}, unhandledPromptBehavior: {alert: ignore, beforeUnload: ignore, confirm: ignore, default: ignore, file: ignore, prompt: ignore}, webSocketUrl: ws://localhost:31794/sessio..., webauthn:extension:credBlob: true, webauthn:extension:largeBlob: true, webauthn:extension:minPinLength: true, webauthn:extension:prf: true, webauthn:virtualAuthenticators: true}
Session ID: c6ef577be978aaef9a7f934c65aebee9
	at jdk.internal.reflect.GeneratedConstructorAccessor24.newInstance(Unknown Source)
	at java.base/jdk.internal.reflect.DelegatingConstructorAccessorImpl.newInstance(DelegatingConstructorAccessorImpl.java:45)
	at org.openqa.selenium.remote.ErrorCodec.decode(ErrorCodec.java:167)
	at org.openqa.selenium.remote.codec.w3c.W3CHttpResponseCodec.decode(W3CHttpResponseCodec.java:138)
	at org.openqa.selenium.remote.codec.w3c.W3CHttpResponseCodec.decode(W3CHttpResponseCodec.java:50)
	at org.openqa.selenium.remote.HttpCommandExecutor.execute(HttpCommandExecutor.java:215)
	at org.openqa.selenium.remote.service.DriverCommandExecutor.invokeExecute(DriverCommandExecutor.java:216)
	at org.openqa.selenium.remote.service.DriverCommandExecutor.execute(DriverCommandExecutor.java:174)
	at org.openqa.selenium.remote.RemoteWebDriver.execute(RemoteWebDriver.java:544)
	at org.openqa.selenium.remote.ElementLocation$ElementFinder$2.findElements(ElementLocation.java:182)
	at org.openqa.selenium.remote.ElementLocation.findElements(ElementLocation.java:103)
	at org.openqa.selenium.remote.RemoteWebDriver.findElements(RemoteWebDriver.java:380)
	at org.openqa.selenium.remote.RemoteWebDriver.findElements(RemoteWebDriver.java:374)
	at jdk.internal.reflect.GeneratedMethodAccessor12.invoke(Unknown Source)
	at java.base/jdk.internal.reflect.DelegatingMethodAccessorImpl.invoke(DelegatingMethodAccessorImpl.java:43)
	at org.openqa.selenium.support.decorators.WebDriverDecorator.call(WebDriverDecorator.java:315)
	at org.openqa.selenium.support.decorators.DefaultDecorated.call(DefaultDecorated.java:48)
	at org.openqa.selenium.support.decorators.WebDriverDecorator.lambda$createProxyFactory$3(WebDriverDecorator.java:405)
	at org.openqa.selenium.remote.RemoteWebDriver$ByteBuddy$GJQXCoT4.findElements(Unknown Source)
	at com.kms.katalon.core.webui.model.WebUiElementFinder.findElementByNormalMethods(WebUiElementFinder.java:185)
	at com.kms.katalon.core.webui.model.WebUiElementFinder.findElementsBySelectedMethod(WebUiElementFinder.java:86)
	at com.kms.katalon.core.webui.model.WebUiElementFinder.findElementsBySelectedMethod(WebUiElementFinder.java:74)
	at com.kms.katalon.core.webui.model.WebUiElementFinder.findElementsBySelectedMethod(WebUiElementFinder.java:69)
	at com.kms.katalon.core.webui.model.WebUiElementFinder.findElement(WebUiElementFinder.java:43)
	at com.kms.katalon.core.webui.model.WebUiElementFinderWithTimeout.basicFindElement(WebUiElementFinderWithTimeout.java:50)
	at com.kms.katalon.core.webui.model.WebUiElementFinderWithTimeout.lambda$0(WebUiElementFinderWithTimeout.java:29)
	at com.kms.katalon.core.webui.model.SeleniumActionRetryController.performAction(SeleniumActionRetryController.java:96)
	at com.kms.katalon.core.webui.model.SeleniumActionRetryController.performAction(SeleniumActionRetryController.java:83)
	at com.kms.katalon.core.webui.model.WebUiElementFinderWithTimeout.findElement(WebUiElementFinderWithTimeout.java:28)
	at com.kms.katalon.core.webui.keyword.internal.WebUIAbstractKeyword.findWebElement(WebUIAbstractKeyword.groovy:96)
	at com.kms.katalon.core.webui.keyword.builtin.EnhancedClickKeyword$_click_closure1.doCall(EnhancedClickKeyword.groovy:69)
	at java.base/jdk.internal.reflect.NativeMethodAccessorImpl.invoke0(Native Method)
	at java.base/jdk.internal.reflect.NativeMethodAccessorImpl.invoke(NativeMethodAccessorImpl.java:77)
	at java.base/jdk.internal.reflect.DelegatingMethodAccessorImpl.invoke(DelegatingMethodAccessorImpl.java:43)
	at jdk.proxy2/jdk.proxy2.$Proxy50.execute(Unknown Source)
	at com.kms.katalon.core.webui.model.SeleniumActionRetryController.performAction(SeleniumActionRetryController.java:96)
	at com.kms.katalon.core.webui.model.SeleniumActionRetryController.performAction(SeleniumActionRetryController.java:83)
	at com.kms.katalon.core.webui.keyword.internal.WebUIKeywordMain$_runKeywordUntilTimeout_closure1.doCall(WebUIKeywordMain.groovy:135)
	at com.kms.katalon.core.webui.keyword.internal.WebUIKeywordMain$_runKeywordUntilTimeout_closure1.call(WebUIKeywordMain.groovy)
	at com.kms.katalon.core.webui.keyword.internal.WebUIKeywordMain.runKeyword(WebUIKeywordMain.groovy:41)
	at com.kms.katalon.core.webui.keyword.internal.WebUIKeywordMain.runKeywordUntilTimeout(WebUIKeywordMain.groovy:133)
	at com.kms.katalon.core.webui.keyword.builtin.EnhancedClickKeyword.click(EnhancedClickKeyword.groovy:95)
	at com.kms.katalon.core.webui.keyword.builtin.EnhancedClickKeyword.execute(EnhancedClickKeyword.groovy:41)
	at com.kms.katalon.core.keyword.internal.KeywordExecutor.executeKeywordForPlatform(KeywordExecutor.groovy:90)
	at com.kms.katalon.core.webui.keyword.WebUiBuiltInKeywords.enhancedClick(WebUiBuiltInKeywords.groovy:747)
	at Script1767340478096.run(Script1767340478096.groovy:133)
	at com.kms.katalon.core.main.ScriptEngine.run(ScriptEngine.java:194)
	at com.kms.katalon.core.main.ScriptEngine.runScriptAsRawText(ScriptEngine.java:119)
	at com.kms.katalon.core.main.TestCaseExecutor.runScript(TestCaseExecutor.java:490)
	at com.kms.katalon.core.main.TestCaseExecutor.doExecute(TestCaseExecutor.java:481)
	at com.kms.katalon.core.main.TestCaseExecutor.processExecutionPhase(TestCaseExecutor.java:460)
	at com.kms.katalon.core.main.TestCaseExecutor.accessMainPhase(TestCaseExecutor.java:452)
	at com.kms.katalon.core.main.TestCaseExecutor.execute(TestCaseExecutor.java:322)
	at com.kms.katalon.core.main.TestCaseMain.runTestCase(TestCaseMain.java:151)
	at com.kms.katalon.core.keyword.builtin.CallTestCaseKeyword$_callTestCase_closure1.doCall(CallTestCaseKeyword.groovy:59)
	at com.kms.katalon.core.keyword.builtin.CallTestCaseKeyword$_callTestCase_closure1.call(CallTestCaseKeyword.groovy)
	at com.kms.katalon.core.keyword.internal.KeywordMain.runKeyword(KeywordMain.groovy:75)
	at com.kms.katalon.core.keyword.builtin.CallTestCaseKeyword.callTestCase(CallTestCaseKeyword.groovy:81)
	at com.kms.katalon.core.keyword.builtin.CallTestCaseKeyword.execute(CallTestCaseKeyword.groovy:44)
	at com.kms.katalon.core.keyword.internal.KeywordExecutor.executeKeywordForPlatform(KeywordExecutor.groovy:90)
	at com.kms.katalon.core.keyword.BuiltinKeywords.callTestCase(BuiltinKeywords.groovy:310)
	at java.base/jdk.internal.reflect.NativeMethodAccessorImpl.invoke0(Native Method)
	at java.base/jdk.internal.reflect.NativeMethodAccessorImpl.invoke(NativeMethodAccessorImpl.java:77)
	at java.base/jdk.internal.reflect.DelegatingMethodAccessorImpl.invoke(DelegatingMethodAccessorImpl.java:43)
	at Script1767663740888.run(Script1767663740888.groovy:20)
	... 16 more
)</message>
  <nestedLevel>2</nestedLevel>
  <escapedJava>false</escapedJava>
  <property name="failed.exception.class">org.openqa.selenium.NoSuchSessionException</property>
  <property name="failed.exception.stacktrace">org.openqa.selenium.NoSuchSessionException: invalid session id
Build info: version: &apos;4.34.0&apos;, revision: &apos;707dcb4246*&apos;
System info: os.name: &apos;Windows 10&apos;, os.arch: &apos;amd64&apos;, os.version: &apos;10.0&apos;, java.version: &apos;17.0.14&apos;
Driver info: com.kms.katalon.selenium.driver.CChromeDriver
Command: [c6ef577be978aaef9a7f934c65aebee9, findElements {value=//footer[contains(@class,&apos;mdc-dialog__actions&apos;)]//button[@aria-label=&apos;Ok&apos; and .//span[@class=&apos;mdc-button__label&apos; and normalize-space()=&apos;Ok&apos;]], using=xpath}]
Capabilities {acceptInsecureCerts: false, browserName: chrome, browserVersion: 143.0.7499.170, chrome: {chromedriverVersion: 142.0.7444.59 (4b8153ab58d3..., userDataDir: C:\QA\Profiles\KatalonChrome}, fedcm:accounts: true, goog:chromeOptions: {debuggerAddress: localhost:63382}, goog:processID: 16236, networkConnectionEnabled: false, pageLoadStrategy: normal, platformName: windows, proxy: Proxy(), se:cdp: ws://localhost:63382/devtoo..., se:cdpVersion: 143.0.7499.170, setWindowRect: true, strictFileInteractability: false, timeouts: {implicit: 0, pageLoad: 300000, script: 30000}, unhandledPromptBehavior: {alert: ignore, beforeUnload: ignore, confirm: ignore, default: ignore, file: ignore, prompt: ignore}, webSocketUrl: ws://localhost:31794/sessio..., webauthn:extension:credBlob: true, webauthn:extension:largeBlob: true, webauthn:extension:minPinLength: true, webauthn:extension:prf: true, webauthn:virtualAuthenticators: true}
Session ID: c6ef577be978aaef9a7f934c65aebee9
	at jdk.internal.reflect.GeneratedConstructorAccessor24.newInstance(Unknown Source)
	at java.base/jdk.internal.reflect.DelegatingConstructorAccessorImpl.newInstance(DelegatingConstructorAccessorImpl.java:45)
	at org.openqa.selenium.remote.ErrorCodec.decode(ErrorCodec.java:167)
	at org.openqa.selenium.remote.codec.w3c.W3CHttpResponseCodec.decode(W3CHttpResponseCodec.java:138)
	at org.openqa.selenium.remote.codec.w3c.W3CHttpResponseCodec.decode(W3CHttpResponseCodec.java:50)
	at org.openqa.selenium.remote.HttpCommandExecutor.execute(HttpCommandExecutor.java:215)
	at org.openqa.selenium.remote.service.DriverCommandExecutor.invokeExecute(DriverCommandExecutor.java:216)
	at org.openqa.selenium.remote.service.DriverCommandExecutor.execute(DriverCommandExecutor.java:174)
	at org.openqa.selenium.remote.RemoteWebDriver.execute(RemoteWebDriver.java:544)
	at org.openqa.selenium.remote.ElementLocation$ElementFinder$2.findElements(ElementLocation.java:182)
	at org.openqa.selenium.remote.ElementLocation.findElements(ElementLocation.java:103)
	at org.openqa.selenium.remote.RemoteWebDriver.findElements(RemoteWebDriver.java:380)
	at org.openqa.selenium.remote.RemoteWebDriver.findElements(RemoteWebDriver.java:374)
	at jdk.internal.reflect.GeneratedMethodAccessor12.invoke(Unknown Source)
	at java.base/jdk.internal.reflect.DelegatingMethodAccessorImpl.invoke(DelegatingMethodAccessorImpl.java:43)
	at org.openqa.selenium.support.decorators.WebDriverDecorator.call(WebDriverDecorator.java:315)
	at org.openqa.selenium.support.decorators.DefaultDecorated.call(DefaultDecorated.java:48)
	at org.openqa.selenium.support.decorators.WebDriverDecorator.lambda$createProxyFactory$3(WebDriverDecorator.java:405)
	at org.openqa.selenium.remote.RemoteWebDriver$ByteBuddy$GJQXCoT4.findElements(Unknown Source)
	at com.kms.katalon.core.webui.model.WebUiElementFinder.findElementByNormalMethods(WebUiElementFinder.java:185)
	at com.kms.katalon.core.webui.model.WebUiElementFinder.findElementsBySelectedMethod(WebUiElementFinder.java:86)
	at com.kms.katalon.core.webui.model.WebUiElementFinder.findElementsBySelectedMethod(WebUiElementFinder.java:74)
	at com.kms.katalon.core.webui.model.WebUiElementFinder.findElementsBySelectedMethod(WebUiElementFinder.java:69)
	at com.kms.katalon.core.webui.model.WebUiElementFinder.findElement(WebUiElementFinder.java:43)
	at com.kms.katalon.core.webui.model.WebUiElementFinderWithTimeout.basicFindElement(WebUiElementFinderWithTimeout.java:50)
	at com.kms.katalon.core.webui.model.WebUiElementFinderWithTimeout.lambda$0(WebUiElementFinderWithTimeout.java:29)
	at com.kms.katalon.core.webui.model.SeleniumActionRetryController.performAction(SeleniumActionRetryController.java:96)
	at com.kms.katalon.core.webui.model.SeleniumActionRetryController.performAction(SeleniumActionRetryController.java:83)
	at com.kms.katalon.core.webui.model.WebUiElementFinderWithTimeout.findElement(WebUiElementFinderWithTimeout.java:28)
	at com.kms.katalon.core.webui.keyword.internal.WebUIAbstractKeyword.findWebElement(WebUIAbstractKeyword.groovy:96)
	at com.kms.katalon.core.webui.keyword.builtin.EnhancedClickKeyword$_click_closure1.doCall(EnhancedClickKeyword.groovy:69)
	at java.base/jdk.internal.reflect.NativeMethodAccessorImpl.invoke0(Native Method)
	at java.base/jdk.internal.reflect.NativeMethodAccessorImpl.invoke(NativeMethodAccessorImpl.java:77)
	at java.base/jdk.internal.reflect.DelegatingMethodAccessorImpl.invoke(DelegatingMethodAccessorImpl.java:43)
	at jdk.proxy2/jdk.proxy2.$Proxy50.execute(Unknown Source)
	at com.kms.katalon.core.webui.model.SeleniumActionRetryController.performAction(SeleniumActionRetryController.java:96)
	at com.kms.katalon.core.webui.model.SeleniumActionRetryController.performAction(SeleniumActionRetryController.java:83)
	at com.kms.katalon.core.webui.keyword.internal.WebUIKeywordMain$_runKeywordUntilTimeout_closure1.doCall(WebUIKeywordMain.groovy:135)
	at com.kms.katalon.core.webui.keyword.internal.WebUIKeywordMain$_runKeywordUntilTimeout_closure1.call(WebUIKeywordMain.groovy)
	at com.kms.katalon.core.webui.keyword.internal.WebUIKeywordMain.runKeyword(WebUIKeywordMain.groovy:41)
	at com.kms.katalon.core.webui.keyword.internal.WebUIKeywordMain.runKeywordUntilTimeout(WebUIKeywordMain.groovy:133)
	at com.kms.katalon.core.webui.keyword.builtin.EnhancedClickKeyword.click(EnhancedClickKeyword.groovy:95)
	at com.kms.katalon.core.webui.keyword.builtin.EnhancedClickKeyword.execute(EnhancedClickKeyword.groovy:41)
	at com.kms.katalon.core.keyword.internal.KeywordExecutor.executeKeywordForPlatform(KeywordExecutor.groovy:90)
	at com.kms.katalon.core.webui.keyword.WebUiBuiltInKeywords.enhancedClick(WebUiBuiltInKeywords.groovy:747)
	at LG-01.run(LG-01:133)
	at com.kms.katalon.core.main.ScriptEngine.run(ScriptEngine.java:194)
	at com.kms.katalon.core.main.ScriptEngine.runScriptAsRawText(ScriptEngine.java:119)
	at com.kms.katalon.core.main.TestCaseExecutor.runScript(TestCaseExecutor.java:490)
	at com.kms.katalon.core.main.TestCaseExecutor.doExecute(TestCaseExecutor.java:481)
	at com.kms.katalon.core.main.TestCaseExecutor.processExecutionPhase(TestCaseExecutor.java:460)
	at com.kms.katalon.core.main.TestCaseExecutor.accessMainPhase(TestCaseExecutor.java:452)
	at com.kms.katalon.core.main.TestCaseExecutor.execute(TestCaseExecutor.java:322)
	at com.kms.katalon.core.main.TestCaseMain.runTestCase(TestCaseMain.java:151)
	at com.kms.katalon.core.keyword.builtin.CallTestCaseKeyword$_callTestCase_closure1.doCall(CallTestCaseKeyword.groovy:59)
	at com.kms.katalon.core.keyword.builtin.CallTestCaseKeyword$_callTestCase_closure1.call(CallTestCaseKeyword.groovy)
	at com.kms.katalon.core.keyword.internal.KeywordMain.runKeyword(KeywordMain.groovy:75)
	at com.kms.katalon.core.keyword.builtin.CallTestCaseKeyword.callTestCase(CallTestCaseKeyword.groovy:81)
	at com.kms.katalon.core.keyword.builtin.CallTestCaseKeyword.execute(CallTestCaseKeyword.groovy:44)
	at com.kms.katalon.core.keyword.internal.KeywordExecutor.executeKeywordForPlatform(KeywordExecutor.groovy:90)
	at com.kms.katalon.core.keyword.BuiltinKeywords.callTestCase(BuiltinKeywords.groovy:310)
	at java.base/jdk.internal.reflect.NativeMethodAccessorImpl.invoke0(Native Method)
	at java.base/jdk.internal.reflect.NativeMethodAccessorImpl.invoke(NativeMethodAccessorImpl.java:77)
	at java.base/jdk.internal.reflect.DelegatingMethodAccessorImpl.invoke(DelegatingMethodAccessorImpl.java:43)
	at OP1.1.run(OP1.1:20)
	at com.kms.katalon.core.main.ScriptEngine.run(ScriptEngine.java:194)
	at com.kms.katalon.core.main.ScriptEngine.runScriptAsRawText(ScriptEngine.java:119)
	at com.kms.katalon.core.main.TestCaseExecutor.runScript(TestCaseExecutor.java:490)
	at com.kms.katalon.core.main.TestCaseExecutor.doExecute(TestCaseExecutor.java:481)
	at com.kms.katalon.core.main.TestCaseExecutor.processExecutionPhase(TestCaseExecutor.java:460)
	at com.kms.katalon.core.main.TestCaseExecutor.accessMainPhase(TestCaseExecutor.java:452)
	at com.kms.katalon.core.main.TestCaseExecutor.execute(TestCaseExecutor.java:322)
	at com.kms.katalon.core.main.TestCaseExecutor.execute(TestCaseExecutor.java:410)
	at com.kms.katalon.core.common.CommonExecutor.accessTestCaseMainPhase(CommonExecutor.java:71)
	at com.kms.katalon.core.main.TestSuiteExecutor.accessTestSuiteMainPhase(TestSuiteExecutor.java:153)
	at com.kms.katalon.core.main.TestSuiteExecutor.execute(TestSuiteExecutor.java:110)
	at com.kms.katalon.core.main.TestCaseMain.startTestSuite(TestCaseMain.java:205)
	at TempTestSuite1767667621470.run(TempTestSuite1767667621470.groovy:35)
	at java.base/jdk.internal.reflect.NativeMethodAccessorImpl.invoke0(Native Method)
	at java.base/jdk.internal.reflect.NativeMethodAccessorImpl.invoke(NativeMethodAccessorImpl.java:77)
	at java.base/jdk.internal.reflect.DelegatingMethodAccessorImpl.invoke(DelegatingMethodAccessorImpl.java:43)
</property>
  <property name="failed.exception.message">invalid session id
Build info: version: &apos;4.34.0&apos;, revision: &apos;707dcb4246*&apos;
System info: os.name: &apos;Windows 10&apos;, os.arch: &apos;amd64&apos;, os.version: &apos;10.0&apos;, java.version: &apos;17.0.14&apos;
Driver info: com.kms.katalon.selenium.driver.CChromeDriver
Command: [c6ef577be978aaef9a7f934c65aebee9, findElements {value=//footer[contains(@class,&apos;mdc-dialog__actions&apos;)]//button[@aria-label=&apos;Ok&apos; and .//span[@class=&apos;mdc-button__label&apos; and normalize-space()=&apos;Ok&apos;]], using=xpath}]
Capabilities {acceptInsecureCerts: false, browserName: chrome, browserVersion: 143.0.7499.170, chrome: {chromedriverVersion: 142.0.7444.59 (4b8153ab58d3..., userDataDir: C:\QA\Profiles\KatalonChrome}, fedcm:accounts: true, goog:chromeOptions: {debuggerAddress: localhost:63382}, goog:processID: 16236, networkConnectionEnabled: false, pageLoadStrategy: normal, platformName: windows, proxy: Proxy(), se:cdp: ws://localhost:63382/devtoo..., se:cdpVersion: 143.0.7499.170, setWindowRect: true, strictFileInteractability: false, timeouts: {implicit: 0, pageLoad: 300000, script: 30000}, unhandledPromptBehavior: {alert: ignore, beforeUnload: ignore, confirm: ignore, default: ignore, file: ignore, prompt: ignore}, webSocketUrl: ws://localhost:31794/sessio..., webauthn:extension:credBlob: true, webauthn:extension:largeBlob: true, webauthn:extension:minPinLength: true, webauthn:extension:prf: true, webauthn:virtualAuthenticators: true}
Session ID: c6ef577be978aaef9a7f934c65aebee9</property>
</record>
<record>
  <date>2026-01-06T02:48:06.528767800Z</date>
  <millis>1767667686528</millis>
  <nanos>767800</nanos>
  <sequence>299</sequence>
  <level>END</level>
  <class>com.kms.katalon.core.logging.XmlKeywordLogger</class>
  <method>endKeyword</method>
  <thread>1</thread>
  <message>End action : enhancedClick(okBtn)</message>
  <nestedLevel>2</nestedLevel>
  <escapedJava>false</escapedJava>
</record>
<record>
  <date>2026-01-06T02:48:06.529768Z</date>
  <millis>1767667686529</millis>
  <nanos>768000</nanos>
  <sequence>300</sequence>
  <level>END</level>
  <class>com.kms.katalon.core.logging.XmlKeywordLogger</class>
  <method>endKeyword</method>
  <thread>1</thread>
  <message>End action : if (!(usernameVisible))</message>
  <nestedLevel>1</nestedLevel>
  <escapedJava>false</escapedJava>
</record>
<record>
  <date>2026-01-06T02:48:06.529768Z</date>
  <millis>1767667686529</millis>
  <nanos>768000</nanos>
  <sequence>303</sequence>
  <level>FAILED</level>
  <class>com.kms.katalon.core.logging.XmlKeywordLogger</class>
  <method>logMessage</method>
  <thread>1</thread>
  <message>Test Cases/Login/LG-01 FAILED.
Reason:
com.kms.katalon.core.exception.StepFailedException: Unable to click on object &amp;apos;ok_button_in_modal&amp;apos;
	at com.kms.katalon.core.webui.keyword.internal.WebUIKeywordMain.stepFailed(WebUIKeywordMain.groovy:177)
	at com.kms.katalon.core.webui.keyword.internal.WebUIKeywordMain.runKeyword(WebUIKeywordMain.groovy:49)
	at com.kms.katalon.core.webui.keyword.internal.WebUIKeywordMain.runKeywordUntilTimeout(WebUIKeywordMain.groovy:133)
	at com.kms.katalon.core.webui.keyword.builtin.EnhancedClickKeyword.click(EnhancedClickKeyword.groovy:95)
	at com.kms.katalon.core.webui.keyword.builtin.EnhancedClickKeyword.execute(EnhancedClickKeyword.groovy:41)
	at com.kms.katalon.core.keyword.internal.KeywordExecutor.executeKeywordForPlatform(KeywordExecutor.groovy:90)
	at com.kms.katalon.core.webui.keyword.WebUiBuiltInKeywords.enhancedClick(WebUiBuiltInKeywords.groovy:747)
	at LG-01.run(LG-01:133)
	at com.kms.katalon.core.main.ScriptEngine.run(ScriptEngine.java:194)
	at com.kms.katalon.core.main.ScriptEngine.runScriptAsRawText(ScriptEngine.java:119)
	at com.kms.katalon.core.main.TestCaseExecutor.runScript(TestCaseExecutor.java:490)
	at com.kms.katalon.core.main.TestCaseExecutor.doExecute(TestCaseExecutor.java:481)
	at com.kms.katalon.core.main.TestCaseExecutor.processExecutionPhase(TestCaseExecutor.java:460)
	at com.kms.katalon.core.main.TestCaseExecutor.accessMainPhase(TestCaseExecutor.java:452)
	at com.kms.katalon.core.main.TestCaseExecutor.execute(TestCaseExecutor.java:322)
	at com.kms.katalon.core.main.TestCaseMain.runTestCase(TestCaseMain.java:151)
	at com.kms.katalon.core.keyword.builtin.CallTestCaseKeyword$_callTestCase_closure1.doCall(CallTestCaseKeyword.groovy:59)
	at com.kms.katalon.core.keyword.builtin.CallTestCaseKeyword$_callTestCase_closure1.call(CallTestCaseKeyword.groovy)
	at com.kms.katalon.core.keyword.internal.KeywordMain.runKeyword(KeywordMain.groovy:75)
	at com.kms.katalon.core.keyword.builtin.CallTestCaseKeyword.callTestCase(CallTestCaseKeyword.groovy:81)
	at com.kms.katalon.core.keyword.builtin.CallTestCaseKeyword.execute(CallTestCaseKeyword.groovy:44)
	at com.kms.katalon.core.keyword.internal.KeywordExecutor.executeKeywordForPlatform(KeywordExecutor.groovy:90)
	at com.kms.katalon.core.keyword.BuiltinKeywords.callTestCase(BuiltinKeywords.groovy:310)
	at java.base/jdk.internal.reflect.NativeMethodAccessorImpl.invoke0(Native Method)
	at java.base/jdk.internal.reflect.NativeMethodAccessorImpl.invoke(NativeMethodAccessorImpl.java:77)
	at java.base/jdk.internal.reflect.DelegatingMethodAccessorImpl.invoke(DelegatingMethodAccessorImpl.java:43)
	at OP1.1.run(OP1.1:20)
	at com.kms.katalon.core.main.ScriptEngine.run(ScriptEngine.java:194)
	at com.kms.katalon.core.main.ScriptEngine.runScriptAsRawText(ScriptEngine.java:119)
	at com.kms.katalon.core.main.TestCaseExecutor.runScript(TestCaseExecutor.java:490)
	at com.kms.katalon.core.main.TestCaseExecutor.doExecute(TestCaseExecutor.java:481)
	at com.kms.katalon.core.main.TestCaseExecutor.processExecutionPhase(TestCaseExecutor.java:460)
	at com.kms.katalon.core.main.TestCaseExecutor.accessMainPhase(TestCaseExecutor.java:452)
	at com.kms.katalon.core.main.TestCaseExecutor.execute(TestCaseExecutor.java:322)
	at com.kms.katalon.core.main.TestCaseExecutor.execute(TestCaseExecutor.java:410)
	at com.kms.katalon.core.common.CommonExecutor.accessTestCaseMainPhase(CommonExecutor.java:71)
	at com.kms.katalon.core.main.TestSuiteExecutor.accessTestSuiteMainPhase(TestSuiteExecutor.java:153)
	at com.kms.katalon.core.main.TestSuiteExecutor.execute(TestSuiteExecutor.java:110)
	at com.kms.katalon.core.main.TestCaseMain.startTestSuite(TestCaseMain.java:205)
	at TempTestSuite1767667621470.run(TempTestSuite1767667621470.groovy:35)
	at java.base/jdk.internal.reflect.NativeMethodAccessorImpl.invoke0(Native Method)
	at java.base/jdk.internal.reflect.NativeMethodAccessorImpl.invoke(NativeMethodAccessorImpl.java:77)
	at java.base/jdk.internal.reflect.DelegatingMethodAccessorImpl.invoke(DelegatingMethodAccessorImpl.java:43)
Caused by: org.openqa.selenium.NoSuchSessionException: invalid session id
Build info: version: &amp;apos;4.34.0&amp;apos;, revision: &amp;apos;707dcb4246*&amp;apos;
System info: os.name: &amp;apos;Windows 10&amp;apos;, os.arch: &amp;apos;amd64&amp;apos;, os.version: &amp;apos;10.0&amp;apos;, java.version: &amp;apos;17.0.14&amp;apos;
Driver info: com.kms.katalon.selenium.driver.CChromeDriver
Command: [c6ef577be978aaef9a7f934c65aebee9, findElements {value=//footer[contains(@class,&amp;apos;mdc-dialog__actions&amp;apos;)]//button[@aria-label=&amp;apos;Ok&amp;apos; and .//span[@class=&amp;apos;mdc-button__label&amp;apos; and normalize-space()=&amp;apos;Ok&amp;apos;]], using=xpath}]
Capabilities {acceptInsecureCerts: false, browserName: chrome, browserVersion: 143.0.7499.170, chrome: {chromedriverVersion: 142.0.7444.59 (4b8153ab58d3..., userDataDir: C:\QA\Profiles\KatalonChrome}, fedcm:accounts: true, goog:chromeOptions: {debuggerAddress: localhost:63382}, goog:processID: 16236, networkConnectionEnabled: false, pageLoadStrategy: normal, platformName: windows, proxy: Proxy(), se:cdp: ws://localhost:63382/devtoo..., se:cdpVersion: 143.0.7499.170, setWindowRect: true, strictFileInteractability: false, timeouts: {implicit: 0, pageLoad: 300000, script: 30000}, unhandledPromptBehavior: {alert: ignore, beforeUnload: ignore, confirm: ignore, default: ignore, file: ignore, prompt: ignore}, webSocketUrl: ws://localhost:31794/sessio..., webauthn:extension:credBlob: true, webauthn:extension:largeBlob: true, webauthn:extension:minPinLength: true, webauthn:extension:prf: true, webauthn:virtualAuthenticators: true}
Session ID: c6ef577be978aaef9a7f934c65aebee9
	at jdk.internal.reflect.GeneratedConstructorAccessor24.newInstance(Unknown Source)
	at java.base/jdk.internal.reflect.DelegatingConstructorAccessorImpl.newInstance(DelegatingConstructorAccessorImpl.java:45)
	at org.openqa.selenium.remote.ErrorCodec.decode(ErrorCodec.java:167)
	at org.openqa.selenium.remote.codec.w3c.W3CHttpResponseCodec.decode(W3CHttpResponseCodec.java:138)
	at org.openqa.selenium.remote.codec.w3c.W3CHttpResponseCodec.decode(W3CHttpResponseCodec.java:50)
	at org.openqa.selenium.remote.HttpCommandExecutor.execute(HttpCommandExecutor.java:215)
	at org.openqa.selenium.remote.service.DriverCommandExecutor.invokeExecute(DriverCommandExecutor.java:216)
	at org.openqa.selenium.remote.service.DriverCommandExecutor.execute(DriverCommandExecutor.java:174)
	at org.openqa.selenium.remote.RemoteWebDriver.execute(RemoteWebDriver.java:544)
	at org.openqa.selenium.remote.ElementLocation$ElementFinder$2.findElements(ElementLocation.java:182)
	at org.openqa.selenium.remote.ElementLocation.findElements(ElementLocation.java:103)
	at org.openqa.selenium.remote.RemoteWebDriver.findElements(RemoteWebDriver.java:380)
	at org.openqa.selenium.remote.RemoteWebDriver.findElements(RemoteWebDriver.java:374)
	at jdk.internal.reflect.GeneratedMethodAccessor12.invoke(Unknown Source)
	at java.base/jdk.internal.reflect.DelegatingMethodAccessorImpl.invoke(DelegatingMethodAccessorImpl.java:43)
	at org.openqa.selenium.support.decorators.WebDriverDecorator.call(WebDriverDecorator.java:315)
	at org.openqa.selenium.support.decorators.DefaultDecorated.call(DefaultDecorated.java:48)
	at org.openqa.selenium.support.decorators.WebDriverDecorator.lambda$createProxyFactory$3(WebDriverDecorator.java:405)
	at org.openqa.selenium.remote.RemoteWebDriver$ByteBuddy$GJQXCoT4.findElements(Unknown Source)
	at com.kms.katalon.core.webui.model.WebUiElementFinder.findElementByNormalMethods(WebUiElementFinder.java:185)
	at com.kms.katalon.core.webui.model.WebUiElementFinder.findElementsBySelectedMethod(WebUiElementFinder.java:86)
	at com.kms.katalon.core.webui.model.WebUiElementFinder.findElementsBySelectedMethod(WebUiElementFinder.java:74)
	at com.kms.katalon.core.webui.model.WebUiElementFinder.findElementsBySelectedMethod(WebUiElementFinder.java:69)
	at com.kms.katalon.core.webui.model.WebUiElementFinder.findElement(WebUiElementFinder.java:43)
	at com.kms.katalon.core.webui.model.WebUiElementFinderWithTimeout.basicFindElement(WebUiElementFinderWithTimeout.java:50)
	at com.kms.katalon.core.webui.model.WebUiElementFinderWithTimeout.lambda$0(WebUiElementFinderWithTimeout.java:29)
	at com.kms.katalon.core.webui.model.SeleniumActionRetryController.performAction(SeleniumActionRetryController.java:96)
	at com.kms.katalon.core.webui.model.SeleniumActionRetryController.performAction(SeleniumActionRetryController.java:83)
	at com.kms.katalon.core.webui.model.WebUiElementFinderWithTimeout.findElement(WebUiElementFinderWithTimeout.java:28)
	at com.kms.katalon.core.webui.keyword.internal.WebUIAbstractKeyword.findWebElement(WebUIAbstractKeyword.groovy:96)
	at com.kms.katalon.core.webui.keyword.builtin.EnhancedClickKeyword$_click_closure1.doCall(EnhancedClickKeyword.groovy:69)
	at java.base/jdk.internal.reflect.NativeMethodAccessorImpl.invoke0(Native Method)
	at java.base/jdk.internal.reflect.NativeMethodAccessorImpl.invoke(NativeMethodAccessorImpl.java:77)
	at java.base/jdk.internal.reflect.DelegatingMethodAccessorImpl.invoke(DelegatingMethodAccessorImpl.java:43)
	at jdk.proxy2/jdk.proxy2.$Proxy50.execute(Unknown Source)
	at com.kms.katalon.core.webui.model.SeleniumActionRetryController.performAction(SeleniumActionRetryController.java:96)
	at com.kms.katalon.core.webui.model.SeleniumActionRetryController.performAction(SeleniumActionRetryController.java:83)
	at com.kms.katalon.core.webui.keyword.internal.WebUIKeywordMain$_runKeywordUntilTimeout_closure1.doCall(WebUIKeywordMain.groovy:135)
	at com.kms.katalon.core.webui.keyword.internal.WebUIKeywordMain$_runKeywordUntilTimeout_closure1.call(WebUIKeywordMain.groovy)
	at com.kms.katalon.core.webui.keyword.internal.WebUIKeywordMain.runKeyword(WebUIKeywordMain.groovy:41)
	... 41 more
</message>
  <exception>
    <message>com.kms.katalon.core.exception.StepFailedException: Unable to click on object 'ok_button_in_modal'</message>
    <frame>
      <class>com.kms.katalon.core.logging.XmlKeywordLogger</class>
      <method>logMessage</method>
      <line>512</line>
    </frame>
    <frame>
      <class>com.kms.katalon.core.logging.KeywordLogger</class>
      <method>logMessage</method>
      <line>447</line>
    </frame>
    <frame>
      <class>com.kms.katalon.core.main.TestCaseExecutor</class>
      <method>logError</method>
      <line>599</line>
    </frame>
    <frame>
      <class>com.kms.katalon.core.main.TestCaseExecutor</class>
      <method>onExecutionError</method>
      <line>187</line>
    </frame>
    <frame>
      <class>com.kms.katalon.core.main.TestCaseExecutor</class>
      <method>processExecutionPhase</method>
      <line>470</line>
    </frame>
    <frame>
      <class>com.kms.katalon.core.main.TestCaseExecutor</class>
      <method>accessMainPhase</method>
      <line>452</line>
    </frame>
    <frame>
      <class>com.kms.katalon.core.main.TestCaseExecutor</class>
      <method>execute</method>
      <line>322</line>
    </frame>
    <frame>
      <class>com.kms.katalon.core.main.TestCaseMain</class>
      <method>runTestCase</method>
      <line>151</line>
    </frame>
    <frame>
      <class>com.kms.katalon.core.keyword.builtin.CallTestCaseKeyword$_callTestCase_closure1</class>
      <method>doCall</method>
      <line>59</line>
    </frame>
    <frame>
      <class>com.kms.katalon.core.keyword.builtin.CallTestCaseKeyword$_callTestCase_closure1</class>
      <method>call</method>
    </frame>
    <frame>
      <class>com.kms.katalon.core.keyword.internal.KeywordMain</class>
      <method>runKeyword</method>
      <line>75</line>
    </frame>
    <frame>
      <class>com.kms.katalon.core.keyword.builtin.CallTestCaseKeyword</class>
      <method>callTestCase</method>
      <line>81</line>
    </frame>
    <frame>
      <class>com.kms.katalon.core.keyword.builtin.CallTestCaseKeyword</class>
      <method>execute</method>
      <line>44</line>
    </frame>
    <frame>
      <class>com.kms.katalon.core.keyword.internal.KeywordExecutor</class>
      <method>executeKeywordForPlatform</method>
      <line>90</line>
    </frame>
    <frame>
      <class>com.kms.katalon.core.keyword.BuiltinKeywords</class>
      <method>callTestCase</method>
      <line>310</line>
    </frame>
    <frame>
      <class>jdk.internal.reflect.NativeMethodAccessorImpl</class>
      <method>invoke0</method>
    </frame>
    <frame>
      <class>jdk.internal.reflect.NativeMethodAccessorImpl</class>
      <method>invoke</method>
      <line>77</line>
    </frame>
    <frame>
      <class>jdk.internal.reflect.DelegatingMethodAccessorImpl</class>
      <method>invoke</method>
      <line>43</line>
    </frame>
    <frame>
      <class>java.lang.reflect.Method</class>
      <method>invoke</method>
      <line>569</line>
    </frame>
    <frame>
      <class>org.codehaus.groovy.reflection.CachedMethod</class>
      <method>invoke</method>
      <line>107</line>
    </frame>
    <frame>
      <class>groovy.lang.MetaMethod</class>
      <method>doMethodInvoke</method>
      <line>323</line>
    </frame>
    <frame>
      <class>groovy.lang.MetaClassImpl</class>
      <method>invokeStaticMethod</method>
      <line>1536</line>
    </frame>
    <frame>
      <class>org.codehaus.groovy.vmplugin.v8.IndyInterface</class>
      <method>fromCache</method>
      <line>318</line>
    </frame>
    <frame>
      <class>Script1767663740888</class>
      <method>run</method>
      <line>20</line>
    </frame>
    <frame>
      <class>com.kms.katalon.core.main.ScriptEngine</class>
      <method>run</method>
      <line>194</line>
    </frame>
    <frame>
      <class>com.kms.katalon.core.main.ScriptEngine</class>
      <method>runScriptAsRawText</method>
      <line>119</line>
    </frame>
    <frame>
      <class>com.kms.katalon.core.main.TestCaseExecutor</class>
      <method>runScript</method>
      <line>490</line>
    </frame>
    <frame>
      <class>com.kms.katalon.core.main.TestCaseExecutor</class>
      <method>doExecute</method>
      <line>481</line>
    </frame>
    <frame>
      <class>com.kms.katalon.core.main.TestCaseExecutor</class>
      <method>processExecutionPhase</method>
      <line>460</line>
    </frame>
    <frame>
      <class>com.kms.katalon.core.main.TestCaseExecutor</class>
      <method>accessMainPhase</method>
      <line>452</line>
    </frame>
    <frame>
      <class>com.kms.katalon.core.main.TestCaseExecutor</class>
      <method>execute</method>
      <line>322</line>
    </frame>
    <frame>
      <class>com.kms.katalon.core.main.TestCaseExecutor</class>
      <method>execute</method>
      <line>410</line>
    </frame>
    <frame>
      <class>com.kms.katalon.core.common.CommonExecutor</class>
      <method>accessTestCaseMainPhase</method>
      <line>71</line>
    </frame>
    <frame>
      <class>com.kms.katalon.core.main.TestSuiteExecutor</class>
      <method>accessTestSuiteMainPhase</method>
      <line>153</line>
    </frame>
    <frame>
      <class>com.kms.katalon.core.main.TestSuiteExecutor</class>
      <method>execute</method>
      <line>110</line>
    </frame>
    <frame>
      <class>com.kms.katalon.core.main.TestCaseMain</class>
      <method>startTestSuite</method>
      <line>205</line>
    </frame>
    <frame>
      <class>org.codehaus.groovy.vmplugin.v8.IndyInterface</class>
      <method>fromCache</method>
      <line>318</line>
    </frame>
    <frame>
      <class>TempTestSuite1767667621470</class>
      <method>run</method>
      <line>35</line>
    </frame>
    <frame>
      <class>groovy.lang.GroovyShell</class>
      <method>runScriptOrMainOrTestOrRunnable</method>
      <line>254</line>
    </frame>
    <frame>
      <class>groovy.lang.GroovyShell</class>
      <method>run</method>
      <line>360</line>
    </frame>
    <frame>
      <class>groovy.lang.GroovyShell</class>
      <method>run</method>
      <line>349</line>
    </frame>
    <frame>
      <class>groovy.ui.GroovyMain</class>
      <method>processOnce</method>
      <line>652</line>
    </frame>
    <frame>
      <class>groovy.ui.GroovyMain</class>
      <method>run</method>
      <line>398</line>
    </frame>
    <frame>
      <class>groovy.ui.GroovyMain</class>
      <method>access$1400</method>
      <line>68</line>
    </frame>
    <frame>
      <class>groovy.ui.GroovyMain$GroovyCommand</class>
      <method>process</method>
      <line>322</line>
    </frame>
    <frame>
      <class>groovy.ui.GroovyMain</class>
      <method>processArgs</method>
      <line>142</line>
    </frame>
    <frame>
      <class>groovy.ui.GroovyMain</class>
      <method>main</method>
      <line>115</line>
    </frame>
    <frame>
      <class>jdk.internal.reflect.NativeMethodAccessorImpl</class>
      <method>invoke0</method>
    </frame>
    <frame>
      <class>jdk.internal.reflect.NativeMethodAccessorImpl</class>
      <method>invoke</method>
      <line>77</line>
    </frame>
    <frame>
      <class>jdk.internal.reflect.DelegatingMethodAccessorImpl</class>
      <method>invoke</method>
      <line>43</line>
    </frame>
    <frame>
      <class>java.lang.reflect.Method</class>
      <method>invoke</method>
      <line>569</line>
    </frame>
    <frame>
      <class>org.codehaus.groovy.tools.GroovyStarter</class>
      <method>rootLoader</method>
      <line>117</line>
    </frame>
    <frame>
      <class>org.codehaus.groovy.tools.GroovyStarter</class>
      <method>main</method>
      <line>39</line>
    </frame>
  </exception>
  <nestedLevel>0</nestedLevel>
  <escapedJava>false</escapedJava>
  <property name="failed.exception.stacktrace">org.openqa.selenium.NoSuchSessionException: invalid session id
Build info: version: &apos;4.34.0&apos;, revision: &apos;707dcb4246*&apos;
System info: os.name: &apos;Windows 10&apos;, os.arch: &apos;amd64&apos;, os.version: &apos;10.0&apos;, java.version: &apos;17.0.14&apos;
Driver info: com.kms.katalon.selenium.driver.CChromeDriver
Command: [c6ef577be978aaef9a7f934c65aebee9, findElements {value=//footer[contains(@class,&apos;mdc-dialog__actions&apos;)]//button[@aria-label=&apos;Ok&apos; and .//span[@class=&apos;mdc-button__label&apos; and normalize-space()=&apos;Ok&apos;]], using=xpath}]
Capabilities {acceptInsecureCerts: false, browserName: chrome, browserVersion: 143.0.7499.170, chrome: {chromedriverVersion: 142.0.7444.59 (4b8153ab58d3..., userDataDir: C:\QA\Profiles\KatalonChrome}, fedcm:accounts: true, goog:chromeOptions: {debuggerAddress: localhost:63382}, goog:processID: 16236, networkConnectionEnabled: false, pageLoadStrategy: normal, platformName: windows, proxy: Proxy(), se:cdp: ws://localhost:63382/devtoo..., se:cdpVersion: 143.0.7499.170, setWindowRect: true, strictFileInteractability: false, timeouts: {implicit: 0, pageLoad: 300000, script: 30000}, unhandledPromptBehavior: {alert: ignore, beforeUnload: ignore, confirm: ignore, default: ignore, file: ignore, prompt: ignore}, webSocketUrl: ws://localhost:31794/sessio..., webauthn:extension:credBlob: true, webauthn:extension:largeBlob: true, webauthn:extension:minPinLength: true, webauthn:extension:prf: true, webauthn:virtualAuthenticators: true}
Session ID: c6ef577be978aaef9a7f934c65aebee9
	at jdk.internal.reflect.GeneratedConstructorAccessor24.newInstance(Unknown Source)
	at java.base/jdk.internal.reflect.DelegatingConstructorAccessorImpl.newInstance(DelegatingConstructorAccessorImpl.java:45)
	at org.openqa.selenium.remote.ErrorCodec.decode(ErrorCodec.java:167)
	at org.openqa.selenium.remote.codec.w3c.W3CHttpResponseCodec.decode(W3CHttpResponseCodec.java:138)
	at org.openqa.selenium.remote.codec.w3c.W3CHttpResponseCodec.decode(W3CHttpResponseCodec.java:50)
	at org.openqa.selenium.remote.HttpCommandExecutor.execute(HttpCommandExecutor.java:215)
	at org.openqa.selenium.remote.service.DriverCommandExecutor.invokeExecute(DriverCommandExecutor.java:216)
	at org.openqa.selenium.remote.service.DriverCommandExecutor.execute(DriverCommandExecutor.java:174)
	at org.openqa.selenium.remote.RemoteWebDriver.execute(RemoteWebDriver.java:544)
	at org.openqa.selenium.remote.ElementLocation$ElementFinder$2.findElements(ElementLocation.java:182)
	at org.openqa.selenium.remote.ElementLocation.findElements(ElementLocation.java:103)
	at org.openqa.selenium.remote.RemoteWebDriver.findElements(RemoteWebDriver.java:380)
	at org.openqa.selenium.remote.RemoteWebDriver.findElements(RemoteWebDriver.java:374)
	at jdk.internal.reflect.GeneratedMethodAccessor12.invoke(Unknown Source)
	at java.base/jdk.internal.reflect.DelegatingMethodAccessorImpl.invoke(DelegatingMethodAccessorImpl.java:43)
	at org.openqa.selenium.support.decorators.WebDriverDecorator.call(WebDriverDecorator.java:315)
	at org.openqa.selenium.support.decorators.DefaultDecorated.call(DefaultDecorated.java:48)
	at org.openqa.selenium.support.decorators.WebDriverDecorator.lambda$createProxyFactory$3(WebDriverDecorator.java:405)
	at org.openqa.selenium.remote.RemoteWebDriver$ByteBuddy$GJQXCoT4.findElements(Unknown Source)
	at com.kms.katalon.core.webui.model.WebUiElementFinder.findElementByNormalMethods(WebUiElementFinder.java:185)
	at com.kms.katalon.core.webui.model.WebUiElementFinder.findElementsBySelectedMethod(WebUiElementFinder.java:86)
	at com.kms.katalon.core.webui.model.WebUiElementFinder.findElementsBySelectedMethod(WebUiElementFinder.java:74)
	at com.kms.katalon.core.webui.model.WebUiElementFinder.findElementsBySelectedMethod(WebUiElementFinder.java:69)
	at com.kms.katalon.core.webui.model.WebUiElementFinder.findElement(WebUiElementFinder.java:43)
	at com.kms.katalon.core.webui.model.WebUiElementFinderWithTimeout.basicFindElement(WebUiElementFinderWithTimeout.java:50)
	at com.kms.katalon.core.webui.model.WebUiElementFinderWithTimeout.lambda$0(WebUiElementFinderWithTimeout.java:29)
	at com.kms.katalon.core.webui.model.SeleniumActionRetryController.performAction(SeleniumActionRetryController.java:96)
	at com.kms.katalon.core.webui.model.SeleniumActionRetryController.performAction(SeleniumActionRetryController.java:83)
	at com.kms.katalon.core.webui.model.WebUiElementFinderWithTimeout.findElement(WebUiElementFinderWithTimeout.java:28)
	at com.kms.katalon.core.webui.keyword.internal.WebUIAbstractKeyword.findWebElement(WebUIAbstractKeyword.groovy:96)
	at com.kms.katalon.core.webui.keyword.builtin.EnhancedClickKeyword$_click_closure1.doCall(EnhancedClickKeyword.groovy:69)
	at java.base/jdk.internal.reflect.NativeMethodAccessorImpl.invoke0(Native Method)
	at java.base/jdk.internal.reflect.NativeMethodAccessorImpl.invoke(NativeMethodAccessorImpl.java:77)
	at java.base/jdk.internal.reflect.DelegatingMethodAccessorImpl.invoke(DelegatingMethodAccessorImpl.java:43)
	at jdk.proxy2/jdk.proxy2.$Proxy50.execute(Unknown Source)
	at com.kms.katalon.core.webui.model.SeleniumActionRetryController.performAction(SeleniumActionRetryController.java:96)
	at com.kms.katalon.core.webui.model.SeleniumActionRetryController.performAction(SeleniumActionRetryController.java:83)
	at com.kms.katalon.core.webui.keyword.internal.WebUIKeywordMain$_runKeywordUntilTimeout_closure1.doCall(WebUIKeywordMain.groovy:135)
	at com.kms.katalon.core.webui.keyword.internal.WebUIKeywordMain$_runKeywordUntilTimeout_closure1.call(WebUIKeywordMain.groovy)
	at com.kms.katalon.core.webui.keyword.internal.WebUIKeywordMain.runKeyword(WebUIKeywordMain.groovy:41)
	at com.kms.katalon.core.webui.keyword.internal.WebUIKeywordMain.runKeywordUntilTimeout(WebUIKeywordMain.groovy:133)
	at com.kms.katalon.core.webui.keyword.builtin.EnhancedClickKeyword.click(EnhancedClickKeyword.groovy:95)
	at com.kms.katalon.core.webui.keyword.builtin.EnhancedClickKeyword.execute(EnhancedClickKeyword.groovy:41)
	at com.kms.katalon.core.keyword.internal.KeywordExecutor.executeKeywordForPlatform(KeywordExecutor.groovy:90)
	at com.kms.katalon.core.webui.keyword.WebUiBuiltInKeywords.enhancedClick(WebUiBuiltInKeywords.groovy:747)
	at LG-01.run(LG-01:133)
	at com.kms.katalon.core.main.ScriptEngine.run(ScriptEngine.java:194)
	at com.kms.katalon.core.main.ScriptEngine.runScriptAsRawText(ScriptEngine.java:119)
	at com.kms.katalon.core.main.TestCaseExecutor.runScript(TestCaseExecutor.java:490)
	at com.kms.katalon.core.main.TestCaseExecutor.doExecute(TestCaseExecutor.java:481)
	at com.kms.katalon.core.main.TestCaseExecutor.processExecutionPhase(TestCaseExecutor.java:460)
	at com.kms.katalon.core.main.TestCaseExecutor.accessMainPhase(TestCaseExecutor.java:452)
	at com.kms.katalon.core.main.TestCaseExecutor.execute(TestCaseExecutor.java:322)
	at com.kms.katalon.core.main.TestCaseMain.runTestCase(TestCaseMain.java:151)
	at com.kms.katalon.core.keyword.builtin.CallTestCaseKeyword$_callTestCase_closure1.doCall(CallTestCaseKeyword.groovy:59)
	at com.kms.katalon.core.keyword.builtin.CallTestCaseKeyword$_callTestCase_closure1.call(CallTestCaseKeyword.groovy)
	at com.kms.katalon.core.keyword.internal.KeywordMain.runKeyword(KeywordMain.groovy:75)
	at com.kms.katalon.core.keyword.builtin.CallTestCaseKeyword.callTestCase(CallTestCaseKeyword.groovy:81)
	at com.kms.katalon.core.keyword.builtin.CallTestCaseKeyword.execute(CallTestCaseKeyword.groovy:44)
	at com.kms.katalon.core.keyword.internal.KeywordExecutor.executeKeywordForPlatform(KeywordExecutor.groovy:90)
	at com.kms.katalon.core.keyword.BuiltinKeywords.callTestCase(BuiltinKeywords.groovy:310)
	at java.base/jdk.internal.reflect.NativeMethodAccessorImpl.invoke0(Native Method)
	at java.base/jdk.internal.reflect.NativeMethodAccessorImpl.invoke(NativeMethodAccessorImpl.java:77)
	at java.base/jdk.internal.reflect.DelegatingMethodAccessorImpl.invoke(DelegatingMethodAccessorImpl.java:43)
	at OP1.1.run(OP1.1:20)
	at com.kms.katalon.core.main.ScriptEngine.run(ScriptEngine.java:194)
	at com.kms.katalon.core.main.ScriptEngine.runScriptAsRawText(ScriptEngine.java:119)
	at com.kms.katalon.core.main.TestCaseExecutor.runScript(TestCaseExecutor.java:490)
	at com.kms.katalon.core.main.TestCaseExecutor.doExecute(TestCaseExecutor.java:481)
	at com.kms.katalon.core.main.TestCaseExecutor.processExecutionPhase(TestCaseExecutor.java:460)
	at com.kms.katalon.core.main.TestCaseExecutor.accessMainPhase(TestCaseExecutor.java:452)
	at com.kms.katalon.core.main.TestCaseExecutor.execute(TestCaseExecutor.java:322)
	at com.kms.katalon.core.main.TestCaseExecutor.execute(TestCaseExecutor.java:410)
	at com.kms.katalon.core.common.CommonExecutor.accessTestCaseMainPhase(CommonExecutor.java:71)
	at com.kms.katalon.core.main.TestSuiteExecutor.accessTestSuiteMainPhase(TestSuiteExecutor.java:153)
	at com.kms.katalon.core.main.TestSuiteExecutor.execute(TestSuiteExecutor.java:110)
	at com.kms.katalon.core.main.TestCaseMain.startTestSuite(TestCaseMain.java:205)
	at TempTestSuite1767667621470.run(TempTestSuite1767667621470.groovy:35)
	at java.base/jdk.internal.reflect.NativeMethodAccessorImpl.invoke0(Native Method)
	at java.base/jdk.internal.reflect.NativeMethodAccessorImpl.invoke(NativeMethodAccessorImpl.java:77)
	at java.base/jdk.internal.reflect.DelegatingMethodAccessorImpl.invoke(DelegatingMethodAccessorImpl.java:43)
</property>
  <property name="failed.exception.class">org.openqa.selenium.NoSuchSessionException</property>
  <property name="failed.exception.message">invalid session id
Build info: version: &apos;4.34.0&apos;, revision: &apos;707dcb4246*&apos;
System info: os.name: &apos;Windows 10&apos;, os.arch: &apos;amd64&apos;, os.version: &apos;10.0&apos;, java.version: &apos;17.0.14&apos;
Driver info: com.kms.katalon.selenium.driver.CChromeDriver
Command: [c6ef577be978aaef9a7f934c65aebee9, findElements {value=//footer[contains(@class,&apos;mdc-dialog__actions&apos;)]//button[@aria-label=&apos;Ok&apos; and .//span[@class=&apos;mdc-button__label&apos; and normalize-space()=&apos;Ok&apos;]], using=xpath}]
Capabilities {acceptInsecureCerts: false, browserName: chrome, browserVersion: 143.0.7499.170, chrome: {chromedriverVersion: 142.0.7444.59 (4b8153ab58d3..., userDataDir: C:\QA\Profiles\KatalonChrome}, fedcm:accounts: true, goog:chromeOptions: {debuggerAddress: localhost:63382}, goog:processID: 16236, networkConnectionEnabled: false, pageLoadStrategy: normal, platformName: windows, proxy: Proxy(), se:cdp: ws://localhost:63382/devtoo..., se:cdpVersion: 143.0.7499.170, setWindowRect: true, strictFileInteractability: false, timeouts: {implicit: 0, pageLoad: 300000, script: 30000}, unhandledPromptBehavior: {alert: ignore, beforeUnload: ignore, confirm: ignore, default: ignore, file: ignore, prompt: ignore}, webSocketUrl: ws://localhost:31794/sessio..., webauthn:extension:credBlob: true, webauthn:extension:largeBlob: true, webauthn:extension:minPinLength: true, webauthn:extension:prf: true, webauthn:virtualAuthenticators: true}
Session ID: c6ef577be978aaef9a7f934c65aebee9</property>
</record>
<record>
  <date>2026-01-06T02:48:06.532766500Z</date>
  <millis>1767667686532</millis>
  <nanos>766500</nanos>
  <sequence>305</sequence>
  <level>END</level>
  <class>com.kms.katalon.core.logging.XmlKeywordLogger</class>
  <method>endTest</method>
  <thread>1</thread>
  <message>End Test Case : Test Cases/Login/LG-01</message>
  <nestedLevel>1</nestedLevel>
  <escapedJava>false</escapedJava>
</record>
<record>
  <date>2026-01-06T02:48:06.533772200Z</date>
  <millis>1767667686533</millis>
  <nanos>772200</nanos>
  <sequence>310</sequence>
  <level>FAILED</level>
  <class>com.kms.katalon.core.logging.XmlKeywordLogger</class>
  <method>logMessage</method>
  <thread>1</thread>
  <message>Unable to call Test Case &amp;apos;Test Cases/Login/LG-01&amp;apos; (Root cause: com.kms.katalon.core.exception.StepFailedException: Call Test Case &amp;apos;Test Cases/Login/LG-01&amp;apos; failed
	at com.kms.katalon.core.keyword.builtin.CallTestCaseKeyword$_callTestCase_closure1.doCall(CallTestCaseKeyword.groovy:63)
	at com.kms.katalon.core.keyword.builtin.CallTestCaseKeyword$_callTestCase_closure1.call(CallTestCaseKeyword.groovy)
	at com.kms.katalon.core.keyword.internal.KeywordMain.runKeyword(KeywordMain.groovy:75)
	at com.kms.katalon.core.keyword.builtin.CallTestCaseKeyword.callTestCase(CallTestCaseKeyword.groovy:81)
	at com.kms.katalon.core.keyword.builtin.CallTestCaseKeyword.execute(CallTestCaseKeyword.groovy:44)
	at com.kms.katalon.core.keyword.internal.KeywordExecutor.executeKeywordForPlatform(KeywordExecutor.groovy:90)
	at com.kms.katalon.core.keyword.BuiltinKeywords.callTestCase(BuiltinKeywords.groovy:310)
	at java.base/jdk.internal.reflect.NativeMethodAccessorImpl.invoke0(Native Method)
	at java.base/jdk.internal.reflect.NativeMethodAccessorImpl.invoke(NativeMethodAccessorImpl.java:77)
	at java.base/jdk.internal.reflect.DelegatingMethodAccessorImpl.invoke(DelegatingMethodAccessorImpl.java:43)
	at OP1.1.run(OP1.1:20)
	at com.kms.katalon.core.main.ScriptEngine.run(ScriptEngine.java:194)
	at com.kms.katalon.core.main.ScriptEngine.runScriptAsRawText(ScriptEngine.java:119)
	at com.kms.katalon.core.main.TestCaseExecutor.runScript(TestCaseExecutor.java:490)
	at com.kms.katalon.core.main.TestCaseExecutor.doExecute(TestCaseExecutor.java:481)
	at com.kms.katalon.core.main.TestCaseExecutor.processExecutionPhase(TestCaseExecutor.java:460)
	at com.kms.katalon.core.main.TestCaseExecutor.accessMainPhase(TestCaseExecutor.java:452)
	at com.kms.katalon.core.main.TestCaseExecutor.execute(TestCaseExecutor.java:322)
	at com.kms.katalon.core.main.TestCaseExecutor.execute(TestCaseExecutor.java:410)
	at com.kms.katalon.core.common.CommonExecutor.accessTestCaseMainPhase(CommonExecutor.java:71)
	at com.kms.katalon.core.main.TestSuiteExecutor.accessTestSuiteMainPhase(TestSuiteExecutor.java:153)
	at com.kms.katalon.core.main.TestSuiteExecutor.execute(TestSuiteExecutor.java:110)
	at com.kms.katalon.core.main.TestCaseMain.startTestSuite(TestCaseMain.java:205)
	at TempTestSuite1767667621470.run(TempTestSuite1767667621470.groovy:35)
	at java.base/jdk.internal.reflect.NativeMethodAccessorImpl.invoke0(Native Method)
	at java.base/jdk.internal.reflect.NativeMethodAccessorImpl.invoke(NativeMethodAccessorImpl.java:77)
	at java.base/jdk.internal.reflect.DelegatingMethodAccessorImpl.invoke(DelegatingMethodAccessorImpl.java:43)
Caused by: com.kms.katalon.core.exception.StepFailedException: Unable to click on object &amp;apos;ok_button_in_modal&amp;apos;
	at com.kms.katalon.core.webui.keyword.internal.WebUIKeywordMain.stepFailed(WebUIKeywordMain.groovy:177)
	at com.kms.katalon.core.webui.keyword.internal.WebUIKeywordMain.runKeyword(WebUIKeywordMain.groovy:49)
	at com.kms.katalon.core.webui.keyword.internal.WebUIKeywordMain.runKeywordUntilTimeout(WebUIKeywordMain.groovy:133)
	at com.kms.katalon.core.webui.keyword.builtin.EnhancedClickKeyword.click(EnhancedClickKeyword.groovy:95)
	at com.kms.katalon.core.webui.keyword.builtin.EnhancedClickKeyword.execute(EnhancedClickKeyword.groovy:41)
	at com.kms.katalon.core.keyword.internal.KeywordExecutor.executeKeywordForPlatform(KeywordExecutor.groovy:90)
	at com.kms.katalon.core.webui.keyword.WebUiBuiltInKeywords.enhancedClick(WebUiBuiltInKeywords.groovy:747)
	at LG-01.run(LG-01:133)
	at com.kms.katalon.core.main.ScriptEngine.run(ScriptEngine.java:194)
	at com.kms.katalon.core.main.ScriptEngine.runScriptAsRawText(ScriptEngine.java:119)
	at com.kms.katalon.core.main.TestCaseExecutor.runScript(TestCaseExecutor.java:490)
	at com.kms.katalon.core.main.TestCaseExecutor.doExecute(TestCaseExecutor.java:481)
	at com.kms.katalon.core.main.TestCaseExecutor.processExecutionPhase(TestCaseExecutor.java:460)
	at com.kms.katalon.core.main.TestCaseExecutor.accessMainPhase(TestCaseExecutor.java:452)
	at com.kms.katalon.core.main.TestCaseExecutor.execute(TestCaseExecutor.java:322)
	at com.kms.katalon.core.main.TestCaseMain.runTestCase(TestCaseMain.java:151)
	at com.kms.katalon.core.keyword.builtin.CallTestCaseKeyword$_callTestCase_closure1.doCall(CallTestCaseKeyword.groovy:59)
	... 26 more
Caused by: org.openqa.selenium.NoSuchSessionException: invalid session id
Build info: version: &amp;apos;4.34.0&amp;apos;, revision: &amp;apos;707dcb4246*&amp;apos;
System info: os.name: &amp;apos;Windows 10&amp;apos;, os.arch: &amp;apos;amd64&amp;apos;, os.version: &amp;apos;10.0&amp;apos;, java.version: &amp;apos;17.0.14&amp;apos;
Driver info: com.kms.katalon.selenium.driver.CChromeDriver
Command: [c6ef577be978aaef9a7f934c65aebee9, findElements {value=//footer[contains(@class,&amp;apos;mdc-dialog__actions&amp;apos;)]//button[@aria-label=&amp;apos;Ok&amp;apos; and .//span[@class=&amp;apos;mdc-button__label&amp;apos; and normalize-space()=&amp;apos;Ok&amp;apos;]], using=xpath}]
Capabilities {acceptInsecureCerts: false, browserName: chrome, browserVersion: 143.0.7499.170, chrome: {chromedriverVersion: 142.0.7444.59 (4b8153ab58d3..., userDataDir: C:\QA\Profiles\KatalonChrome}, fedcm:accounts: true, goog:chromeOptions: {debuggerAddress: localhost:63382}, goog:processID: 16236, networkConnectionEnabled: false, pageLoadStrategy: normal, platformName: windows, proxy: Proxy(), se:cdp: ws://localhost:63382/devtoo..., se:cdpVersion: 143.0.7499.170, setWindowRect: true, strictFileInteractability: false, timeouts: {implicit: 0, pageLoad: 300000, script: 30000}, unhandledPromptBehavior: {alert: ignore, beforeUnload: ignore, confirm: ignore, default: ignore, file: ignore, prompt: ignore}, webSocketUrl: ws://localhost:31794/sessio..., webauthn:extension:credBlob: true, webauthn:extension:largeBlob: true, webauthn:extension:minPinLength: true, webauthn:extension:prf: true, webauthn:virtualAuthenticators: true}
Session ID: c6ef577be978aaef9a7f934c65aebee9
	at jdk.internal.reflect.GeneratedConstructorAccessor24.newInstance(Unknown Source)
	at java.base/jdk.internal.reflect.DelegatingConstructorAccessorImpl.newInstance(DelegatingConstructorAccessorImpl.java:45)
	at org.openqa.selenium.remote.ErrorCodec.decode(ErrorCodec.java:167)
	at org.openqa.selenium.remote.codec.w3c.W3CHttpResponseCodec.decode(W3CHttpResponseCodec.java:138)
	at org.openqa.selenium.remote.codec.w3c.W3CHttpResponseCodec.decode(W3CHttpResponseCodec.java:50)
	at org.openqa.selenium.remote.HttpCommandExecutor.execute(HttpCommandExecutor.java:215)
	at org.openqa.selenium.remote.service.DriverCommandExecutor.invokeExecute(DriverCommandExecutor.java:216)
	at org.openqa.selenium.remote.service.DriverCommandExecutor.execute(DriverCommandExecutor.java:174)
	at org.openqa.selenium.remote.RemoteWebDriver.execute(RemoteWebDriver.java:544)
	at org.openqa.selenium.remote.ElementLocation$ElementFinder$2.findElements(ElementLocation.java:182)
	at org.openqa.selenium.remote.ElementLocation.findElements(ElementLocation.java:103)
	at org.openqa.selenium.remote.RemoteWebDriver.findElements(RemoteWebDriver.java:380)
	at org.openqa.selenium.remote.RemoteWebDriver.findElements(RemoteWebDriver.java:374)
	at jdk.internal.reflect.GeneratedMethodAccessor12.invoke(Unknown Source)
	at java.base/jdk.internal.reflect.DelegatingMethodAccessorImpl.invoke(DelegatingMethodAccessorImpl.java:43)
	at org.openqa.selenium.support.decorators.WebDriverDecorator.call(WebDriverDecorator.java:315)
	at org.openqa.selenium.support.decorators.DefaultDecorated.call(DefaultDecorated.java:48)
	at org.openqa.selenium.support.decorators.WebDriverDecorator.lambda$createProxyFactory$3(WebDriverDecorator.java:405)
	at org.openqa.selenium.remote.RemoteWebDriver$ByteBuddy$GJQXCoT4.findElements(Unknown Source)
	at com.kms.katalon.core.webui.model.WebUiElementFinder.findElementByNormalMethods(WebUiElementFinder.java:185)
	at com.kms.katalon.core.webui.model.WebUiElementFinder.findElementsBySelectedMethod(WebUiElementFinder.java:86)
	at com.kms.katalon.core.webui.model.WebUiElementFinder.findElementsBySelectedMethod(WebUiElementFinder.java:74)
	at com.kms.katalon.core.webui.model.WebUiElementFinder.findElementsBySelectedMethod(WebUiElementFinder.java:69)
	at com.kms.katalon.core.webui.model.WebUiElementFinder.findElement(WebUiElementFinder.java:43)
	at com.kms.katalon.core.webui.model.WebUiElementFinderWithTimeout.basicFindElement(WebUiElementFinderWithTimeout.java:50)
	at com.kms.katalon.core.webui.model.WebUiElementFinderWithTimeout.lambda$0(WebUiElementFinderWithTimeout.java:29)
	at com.kms.katalon.core.webui.model.SeleniumActionRetryController.performAction(SeleniumActionRetryController.java:96)
	at com.kms.katalon.core.webui.model.SeleniumActionRetryController.performAction(SeleniumActionRetryController.java:83)
	at com.kms.katalon.core.webui.model.WebUiElementFinderWithTimeout.findElement(WebUiElementFinderWithTimeout.java:28)
	at com.kms.katalon.core.webui.keyword.internal.WebUIAbstractKeyword.findWebElement(WebUIAbstractKeyword.groovy:96)
	at com.kms.katalon.core.webui.keyword.builtin.EnhancedClickKeyword$_click_closure1.doCall(EnhancedClickKeyword.groovy:69)
	at java.base/jdk.internal.reflect.NativeMethodAccessorImpl.invoke0(Native Method)
	at java.base/jdk.internal.reflect.NativeMethodAccessorImpl.invoke(NativeMethodAccessorImpl.java:77)
	at java.base/jdk.internal.reflect.DelegatingMethodAccessorImpl.invoke(DelegatingMethodAccessorImpl.java:43)
	at jdk.proxy2/jdk.proxy2.$Proxy50.execute(Unknown Source)
	at com.kms.katalon.core.webui.model.SeleniumActionRetryController.performAction(SeleniumActionRetryController.java:96)
	at com.kms.katalon.core.webui.model.SeleniumActionRetryController.performAction(SeleniumActionRetryController.java:83)
	at com.kms.katalon.core.webui.keyword.internal.WebUIKeywordMain$_runKeywordUntilTimeout_closure1.doCall(WebUIKeywordMain.groovy:135)
	at com.kms.katalon.core.webui.keyword.internal.WebUIKeywordMain$_runKeywordUntilTimeout_closure1.call(WebUIKeywordMain.groovy)
	at com.kms.katalon.core.webui.keyword.internal.WebUIKeywordMain.runKeyword(WebUIKeywordMain.groovy:41)
	... 41 more
)</message>
  <nestedLevel>1</nestedLevel>
  <escapedJava>false</escapedJava>
  <property name="failed.exception.class">org.openqa.selenium.NoSuchSessionException</property>
  <property name="failed.exception.stacktrace">org.openqa.selenium.NoSuchSessionException: invalid session id
Build info: version: &apos;4.34.0&apos;, revision: &apos;707dcb4246*&apos;
System info: os.name: &apos;Windows 10&apos;, os.arch: &apos;amd64&apos;, os.version: &apos;10.0&apos;, java.version: &apos;17.0.14&apos;
Driver info: com.kms.katalon.selenium.driver.CChromeDriver
Command: [c6ef577be978aaef9a7f934c65aebee9, findElements {value=//footer[contains(@class,&apos;mdc-dialog__actions&apos;)]//button[@aria-label=&apos;Ok&apos; and .//span[@class=&apos;mdc-button__label&apos; and normalize-space()=&apos;Ok&apos;]], using=xpath}]
Capabilities {acceptInsecureCerts: false, browserName: chrome, browserVersion: 143.0.7499.170, chrome: {chromedriverVersion: 142.0.7444.59 (4b8153ab58d3..., userDataDir: C:\QA\Profiles\KatalonChrome}, fedcm:accounts: true, goog:chromeOptions: {debuggerAddress: localhost:63382}, goog:processID: 16236, networkConnectionEnabled: false, pageLoadStrategy: normal, platformName: windows, proxy: Proxy(), se:cdp: ws://localhost:63382/devtoo..., se:cdpVersion: 143.0.7499.170, setWindowRect: true, strictFileInteractability: false, timeouts: {implicit: 0, pageLoad: 300000, script: 30000}, unhandledPromptBehavior: {alert: ignore, beforeUnload: ignore, confirm: ignore, default: ignore, file: ignore, prompt: ignore}, webSocketUrl: ws://localhost:31794/sessio..., webauthn:extension:credBlob: true, webauthn:extension:largeBlob: true, webauthn:extension:minPinLength: true, webauthn:extension:prf: true, webauthn:virtualAuthenticators: true}
Session ID: c6ef577be978aaef9a7f934c65aebee9
	at jdk.internal.reflect.GeneratedConstructorAccessor24.newInstance(Unknown Source)
	at java.base/jdk.internal.reflect.DelegatingConstructorAccessorImpl.newInstance(DelegatingConstructorAccessorImpl.java:45)
	at org.openqa.selenium.remote.ErrorCodec.decode(ErrorCodec.java:167)
	at org.openqa.selenium.remote.codec.w3c.W3CHttpResponseCodec.decode(W3CHttpResponseCodec.java:138)
	at org.openqa.selenium.remote.codec.w3c.W3CHttpResponseCodec.decode(W3CHttpResponseCodec.java:50)
	at org.openqa.selenium.remote.HttpCommandExecutor.execute(HttpCommandExecutor.java:215)
	at org.openqa.selenium.remote.service.DriverCommandExecutor.invokeExecute(DriverCommandExecutor.java:216)
	at org.openqa.selenium.remote.service.DriverCommandExecutor.execute(DriverCommandExecutor.java:174)
	at org.openqa.selenium.remote.RemoteWebDriver.execute(RemoteWebDriver.java:544)
	at org.openqa.selenium.remote.ElementLocation$ElementFinder$2.findElements(ElementLocation.java:182)
	at org.openqa.selenium.remote.ElementLocation.findElements(ElementLocation.java:103)
	at org.openqa.selenium.remote.RemoteWebDriver.findElements(RemoteWebDriver.java:380)
	at org.openqa.selenium.remote.RemoteWebDriver.findElements(RemoteWebDriver.java:374)
	at jdk.internal.reflect.GeneratedMethodAccessor12.invoke(Unknown Source)
	at java.base/jdk.internal.reflect.DelegatingMethodAccessorImpl.invoke(DelegatingMethodAccessorImpl.java:43)
	at org.openqa.selenium.support.decorators.WebDriverDecorator.call(WebDriverDecorator.java:315)
	at org.openqa.selenium.support.decorators.DefaultDecorated.call(DefaultDecorated.java:48)
	at org.openqa.selenium.support.decorators.WebDriverDecorator.lambda$createProxyFactory$3(WebDriverDecorator.java:405)
	at org.openqa.selenium.remote.RemoteWebDriver$ByteBuddy$GJQXCoT4.findElements(Unknown Source)
	at com.kms.katalon.core.webui.model.WebUiElementFinder.findElementByNormalMethods(WebUiElementFinder.java:185)
	at com.kms.katalon.core.webui.model.WebUiElementFinder.findElementsBySelectedMethod(WebUiElementFinder.java:86)
	at com.kms.katalon.core.webui.model.WebUiElementFinder.findElementsBySelectedMethod(WebUiElementFinder.java:74)
	at com.kms.katalon.core.webui.model.WebUiElementFinder.findElementsBySelectedMethod(WebUiElementFinder.java:69)
	at com.kms.katalon.core.webui.model.WebUiElementFinder.findElement(WebUiElementFinder.java:43)
	at com.kms.katalon.core.webui.model.WebUiElementFinderWithTimeout.basicFindElement(WebUiElementFinderWithTimeout.java:50)
	at com.kms.katalon.core.webui.model.WebUiElementFinderWithTimeout.lambda$0(WebUiElementFinderWithTimeout.java:29)
	at com.kms.katalon.core.webui.model.SeleniumActionRetryController.performAction(SeleniumActionRetryController.java:96)
	at com.kms.katalon.core.webui.model.SeleniumActionRetryController.performAction(SeleniumActionRetryController.java:83)
	at com.kms.katalon.core.webui.model.WebUiElementFinderWithTimeout.findElement(WebUiElementFinderWithTimeout.java:28)
	at com.kms.katalon.core.webui.keyword.internal.WebUIAbstractKeyword.findWebElement(WebUIAbstractKeyword.groovy:96)
	at com.kms.katalon.core.webui.keyword.builtin.EnhancedClickKeyword$_click_closure1.doCall(EnhancedClickKeyword.groovy:69)
	at java.base/jdk.internal.reflect.NativeMethodAccessorImpl.invoke0(Native Method)
	at java.base/jdk.internal.reflect.NativeMethodAccessorImpl.invoke(NativeMethodAccessorImpl.java:77)
	at java.base/jdk.internal.reflect.DelegatingMethodAccessorImpl.invoke(DelegatingMethodAccessorImpl.java:43)
	at jdk.proxy2/jdk.proxy2.$Proxy50.execute(Unknown Source)
	at com.kms.katalon.core.webui.model.SeleniumActionRetryController.performAction(SeleniumActionRetryController.java:96)
	at com.kms.katalon.core.webui.model.SeleniumActionRetryController.performAction(SeleniumActionRetryController.java:83)
	at com.kms.katalon.core.webui.keyword.internal.WebUIKeywordMain$_runKeywordUntilTimeout_closure1.doCall(WebUIKeywordMain.groovy:135)
	at com.kms.katalon.core.webui.keyword.internal.WebUIKeywordMain$_runKeywordUntilTimeout_closure1.call(WebUIKeywordMain.groovy)
	at com.kms.katalon.core.webui.keyword.internal.WebUIKeywordMain.runKeyword(WebUIKeywordMain.groovy:41)
	at com.kms.katalon.core.webui.keyword.internal.WebUIKeywordMain.runKeywordUntilTimeout(WebUIKeywordMain.groovy:133)
	at com.kms.katalon.core.webui.keyword.builtin.EnhancedClickKeyword.click(EnhancedClickKeyword.groovy:95)
	at com.kms.katalon.core.webui.keyword.builtin.EnhancedClickKeyword.execute(EnhancedClickKeyword.groovy:41)
	at com.kms.katalon.core.keyword.internal.KeywordExecutor.executeKeywordForPlatform(KeywordExecutor.groovy:90)
	at com.kms.katalon.core.webui.keyword.WebUiBuiltInKeywords.enhancedClick(WebUiBuiltInKeywords.groovy:747)
	at LG-01.run(LG-01:133)
	at com.kms.katalon.core.main.ScriptEngine.run(ScriptEngine.java:194)
	at com.kms.katalon.core.main.ScriptEngine.runScriptAsRawText(ScriptEngine.java:119)
	at com.kms.katalon.core.main.TestCaseExecutor.runScript(TestCaseExecutor.java:490)
	at com.kms.katalon.core.main.TestCaseExecutor.doExecute(TestCaseExecutor.java:481)
	at com.kms.katalon.core.main.TestCaseExecutor.processExecutionPhase(TestCaseExecutor.java:460)
	at com.kms.katalon.core.main.TestCaseExecutor.accessMainPhase(TestCaseExecutor.java:452)
	at com.kms.katalon.core.main.TestCaseExecutor.execute(TestCaseExecutor.java:322)
	at com.kms.katalon.core.main.TestCaseMain.runTestCase(TestCaseMain.java:151)
	at com.kms.katalon.core.keyword.builtin.CallTestCaseKeyword$_callTestCase_closure1.doCall(CallTestCaseKeyword.groovy:59)
	at com.kms.katalon.core.keyword.builtin.CallTestCaseKeyword$_callTestCase_closure1.call(CallTestCaseKeyword.groovy)
	at com.kms.katalon.core.keyword.internal.KeywordMain.runKeyword(KeywordMain.groovy:75)
	at com.kms.katalon.core.keyword.builtin.CallTestCaseKeyword.callTestCase(CallTestCaseKeyword.groovy:81)
	at com.kms.katalon.core.keyword.builtin.CallTestCaseKeyword.execute(CallTestCaseKeyword.groovy:44)
	at com.kms.katalon.core.keyword.internal.KeywordExecutor.executeKeywordForPlatform(KeywordExecutor.groovy:90)
	at com.kms.katalon.core.keyword.BuiltinKeywords.callTestCase(BuiltinKeywords.groovy:310)
	at java.base/jdk.internal.reflect.NativeMethodAccessorImpl.invoke0(Native Method)
	at java.base/jdk.internal.reflect.NativeMethodAccessorImpl.invoke(NativeMethodAccessorImpl.java:77)
	at java.base/jdk.internal.reflect.DelegatingMethodAccessorImpl.invoke(DelegatingMethodAccessorImpl.java:43)
	at OP1.1.run(OP1.1:20)
	at com.kms.katalon.core.main.ScriptEngine.run(ScriptEngine.java:194)
	at com.kms.katalon.core.main.ScriptEngine.runScriptAsRawText(ScriptEngine.java:119)
	at com.kms.katalon.core.main.TestCaseExecutor.runScript(TestCaseExecutor.java:490)
	at com.kms.katalon.core.main.TestCaseExecutor.doExecute(TestCaseExecutor.java:481)
	at com.kms.katalon.core.main.TestCaseExecutor.processExecutionPhase(TestCaseExecutor.java:460)
	at com.kms.katalon.core.main.TestCaseExecutor.accessMainPhase(TestCaseExecutor.java:452)
	at com.kms.katalon.core.main.TestCaseExecutor.execute(TestCaseExecutor.java:322)
	at com.kms.katalon.core.main.TestCaseExecutor.execute(TestCaseExecutor.java:410)
	at com.kms.katalon.core.common.CommonExecutor.accessTestCaseMainPhase(CommonExecutor.java:71)
	at com.kms.katalon.core.main.TestSuiteExecutor.accessTestSuiteMainPhase(TestSuiteExecutor.java:153)
	at com.kms.katalon.core.main.TestSuiteExecutor.execute(TestSuiteExecutor.java:110)
	at com.kms.katalon.core.main.TestCaseMain.startTestSuite(TestCaseMain.java:205)
	at TempTestSuite1767667621470.run(TempTestSuite1767667621470.groovy:35)
	at java.base/jdk.internal.reflect.NativeMethodAccessorImpl.invoke0(Native Method)
	at java.base/jdk.internal.reflect.NativeMethodAccessorImpl.invoke(NativeMethodAccessorImpl.java:77)
	at java.base/jdk.internal.reflect.DelegatingMethodAccessorImpl.invoke(DelegatingMethodAccessorImpl.java:43)
</property>
  <property name="failed.exception.message">invalid session id
Build info: version: &apos;4.34.0&apos;, revision: &apos;707dcb4246*&apos;
System info: os.name: &apos;Windows 10&apos;, os.arch: &apos;amd64&apos;, os.version: &apos;10.0&apos;, java.version: &apos;17.0.14&apos;
Driver info: com.kms.katalon.selenium.driver.CChromeDriver
Command: [c6ef577be978aaef9a7f934c65aebee9, findElements {value=//footer[contains(@class,&apos;mdc-dialog__actions&apos;)]//button[@aria-label=&apos;Ok&apos; and .//span[@class=&apos;mdc-button__label&apos; and normalize-space()=&apos;Ok&apos;]], using=xpath}]
Capabilities {acceptInsecureCerts: false, browserName: chrome, browserVersion: 143.0.7499.170, chrome: {chromedriverVersion: 142.0.7444.59 (4b8153ab58d3..., userDataDir: C:\QA\Profiles\KatalonChrome}, fedcm:accounts: true, goog:chromeOptions: {debuggerAddress: localhost:63382}, goog:processID: 16236, networkConnectionEnabled: false, pageLoadStrategy: normal, platformName: windows, proxy: Proxy(), se:cdp: ws://localhost:63382/devtoo..., se:cdpVersion: 143.0.7499.170, setWindowRect: true, strictFileInteractability: false, timeouts: {implicit: 0, pageLoad: 300000, script: 30000}, unhandledPromptBehavior: {alert: ignore, beforeUnload: ignore, confirm: ignore, default: ignore, file: ignore, prompt: ignore}, webSocketUrl: ws://localhost:31794/sessio..., webauthn:extension:credBlob: true, webauthn:extension:largeBlob: true, webauthn:extension:minPinLength: true, webauthn:extension:prf: true, webauthn:virtualAuthenticators: true}
Session ID: c6ef577be978aaef9a7f934c65aebee9</property>
</record>
<record>
  <date>2026-01-06T02:48:06.536767800Z</date>
  <millis>1767667686536</millis>
  <nanos>767800</nanos>
  <sequence>314</sequence>
  <level>END</level>
  <class>com.kms.katalon.core.logging.XmlKeywordLogger</class>
  <method>endKeyword</method>
  <thread>1</thread>
  <message>End action : callTestCase(findTestCase(&amp;quot;Login/LG-01&amp;quot;), [:], STOP_ON_FAILURE)</message>
  <nestedLevel>1</nestedLevel>
  <escapedJava>false</escapedJava>
</record>
<record>
  <date>2026-01-06T02:48:06.537767900Z</date>
  <millis>1767667686537</millis>
  <nanos>767900</nanos>
  <sequence>318</sequence>
  <level>FAILED</level>
  <class>com.kms.katalon.core.logging.XmlKeywordLogger</class>
  <method>logMessage</method>
  <thread>1</thread>
  <message>Test Cases/OP/OP1.1 FAILED.
Reason:
com.kms.katalon.core.exception.StepFailedException: Call Test Case &amp;apos;Test Cases/Login/LG-01&amp;apos; failed
	at com.kms.katalon.core.keyword.builtin.CallTestCaseKeyword$_callTestCase_closure1.doCall(CallTestCaseKeyword.groovy:63)
	at com.kms.katalon.core.keyword.builtin.CallTestCaseKeyword$_callTestCase_closure1.call(CallTestCaseKeyword.groovy)
	at com.kms.katalon.core.keyword.internal.KeywordMain.runKeyword(KeywordMain.groovy:75)
	at com.kms.katalon.core.keyword.builtin.CallTestCaseKeyword.callTestCase(CallTestCaseKeyword.groovy:81)
	at com.kms.katalon.core.keyword.builtin.CallTestCaseKeyword.execute(CallTestCaseKeyword.groovy:44)
	at com.kms.katalon.core.keyword.internal.KeywordExecutor.executeKeywordForPlatform(KeywordExecutor.groovy:90)
	at com.kms.katalon.core.keyword.BuiltinKeywords.callTestCase(BuiltinKeywords.groovy:310)
	at java.base/jdk.internal.reflect.NativeMethodAccessorImpl.invoke0(Native Method)
	at java.base/jdk.internal.reflect.NativeMethodAccessorImpl.invoke(NativeMethodAccessorImpl.java:77)
	at java.base/jdk.internal.reflect.DelegatingMethodAccessorImpl.invoke(DelegatingMethodAccessorImpl.java:43)
	at OP1.1.run(OP1.1:20)
	at com.kms.katalon.core.main.ScriptEngine.run(ScriptEngine.java:194)
	at com.kms.katalon.core.main.ScriptEngine.runScriptAsRawText(ScriptEngine.java:119)
	at com.kms.katalon.core.main.TestCaseExecutor.runScript(TestCaseExecutor.java:490)
	at com.kms.katalon.core.main.TestCaseExecutor.doExecute(TestCaseExecutor.java:481)
	at com.kms.katalon.core.main.TestCaseExecutor.processExecutionPhase(TestCaseExecutor.java:460)
	at com.kms.katalon.core.main.TestCaseExecutor.accessMainPhase(TestCaseExecutor.java:452)
	at com.kms.katalon.core.main.TestCaseExecutor.execute(TestCaseExecutor.java:322)
	at com.kms.katalon.core.main.TestCaseExecutor.execute(TestCaseExecutor.java:410)
	at com.kms.katalon.core.common.CommonExecutor.accessTestCaseMainPhase(CommonExecutor.java:71)
	at com.kms.katalon.core.main.TestSuiteExecutor.accessTestSuiteMainPhase(TestSuiteExecutor.java:153)
	at com.kms.katalon.core.main.TestSuiteExecutor.execute(TestSuiteExecutor.java:110)
	at com.kms.katalon.core.main.TestCaseMain.startTestSuite(TestCaseMain.java:205)
	at TempTestSuite1767667621470.run(TempTestSuite1767667621470.groovy:35)
	at java.base/jdk.internal.reflect.NativeMethodAccessorImpl.invoke0(Native Method)
	at java.base/jdk.internal.reflect.NativeMethodAccessorImpl.invoke(NativeMethodAccessorImpl.java:77)
	at java.base/jdk.internal.reflect.DelegatingMethodAccessorImpl.invoke(DelegatingMethodAccessorImpl.java:43)
Caused by: com.kms.katalon.core.exception.StepFailedException: Unable to click on object &amp;apos;ok_button_in_modal&amp;apos;
	at com.kms.katalon.core.webui.keyword.internal.WebUIKeywordMain.stepFailed(WebUIKeywordMain.groovy:177)
	at com.kms.katalon.core.webui.keyword.internal.WebUIKeywordMain.runKeyword(WebUIKeywordMain.groovy:49)
	at com.kms.katalon.core.webui.keyword.internal.WebUIKeywordMain.runKeywordUntilTimeout(WebUIKeywordMain.groovy:133)
	at com.kms.katalon.core.webui.keyword.builtin.EnhancedClickKeyword.click(EnhancedClickKeyword.groovy:95)
	at com.kms.katalon.core.webui.keyword.builtin.EnhancedClickKeyword.execute(EnhancedClickKeyword.groovy:41)
	at com.kms.katalon.core.keyword.internal.KeywordExecutor.executeKeywordForPlatform(KeywordExecutor.groovy:90)
	at com.kms.katalon.core.webui.keyword.WebUiBuiltInKeywords.enhancedClick(WebUiBuiltInKeywords.groovy:747)
	at LG-01.run(LG-01:133)
	at com.kms.katalon.core.main.ScriptEngine.run(ScriptEngine.java:194)
	at com.kms.katalon.core.main.ScriptEngine.runScriptAsRawText(ScriptEngine.java:119)
	at com.kms.katalon.core.main.TestCaseExecutor.runScript(TestCaseExecutor.java:490)
	at com.kms.katalon.core.main.TestCaseExecutor.doExecute(TestCaseExecutor.java:481)
	at com.kms.katalon.core.main.TestCaseExecutor.processExecutionPhase(TestCaseExecutor.java:460)
	at com.kms.katalon.core.main.TestCaseExecutor.accessMainPhase(TestCaseExecutor.java:452)
	at com.kms.katalon.core.main.TestCaseExecutor.execute(TestCaseExecutor.java:322)
	at com.kms.katalon.core.main.TestCaseMain.runTestCase(TestCaseMain.java:151)
	at com.kms.katalon.core.keyword.builtin.CallTestCaseKeyword$_callTestCase_closure1.doCall(CallTestCaseKeyword.groovy:59)
	... 26 more
Caused by: org.openqa.selenium.NoSuchSessionException: invalid session id
Build info: version: &amp;apos;4.34.0&amp;apos;, revision: &amp;apos;707dcb4246*&amp;apos;
System info: os.name: &amp;apos;Windows 10&amp;apos;, os.arch: &amp;apos;amd64&amp;apos;, os.version: &amp;apos;10.0&amp;apos;, java.version: &amp;apos;17.0.14&amp;apos;
Driver info: com.kms.katalon.selenium.driver.CChromeDriver
Command: [c6ef577be978aaef9a7f934c65aebee9, findElements {value=//footer[contains(@class,&amp;apos;mdc-dialog__actions&amp;apos;)]//button[@aria-label=&amp;apos;Ok&amp;apos; and .//span[@class=&amp;apos;mdc-button__label&amp;apos; and normalize-space()=&amp;apos;Ok&amp;apos;]], using=xpath}]
Capabilities {acceptInsecureCerts: false, browserName: chrome, browserVersion: 143.0.7499.170, chrome: {chromedriverVersion: 142.0.7444.59 (4b8153ab58d3..., userDataDir: C:\QA\Profiles\KatalonChrome}, fedcm:accounts: true, goog:chromeOptions: {debuggerAddress: localhost:63382}, goog:processID: 16236, networkConnectionEnabled: false, pageLoadStrategy: normal, platformName: windows, proxy: Proxy(), se:cdp: ws://localhost:63382/devtoo..., se:cdpVersion: 143.0.7499.170, setWindowRect: true, strictFileInteractability: false, timeouts: {implicit: 0, pageLoad: 300000, script: 30000}, unhandledPromptBehavior: {alert: ignore, beforeUnload: ignore, confirm: ignore, default: ignore, file: ignore, prompt: ignore}, webSocketUrl: ws://localhost:31794/sessio..., webauthn:extension:credBlob: true, webauthn:extension:largeBlob: true, webauthn:extension:minPinLength: true, webauthn:extension:prf: true, webauthn:virtualAuthenticators: true}
Session ID: c6ef577be978aaef9a7f934c65aebee9
	at jdk.internal.reflect.GeneratedConstructorAccessor24.newInstance(Unknown Source)
	at java.base/jdk.internal.reflect.DelegatingConstructorAccessorImpl.newInstance(DelegatingConstructorAccessorImpl.java:45)
	at org.openqa.selenium.remote.ErrorCodec.decode(ErrorCodec.java:167)
	at org.openqa.selenium.remote.codec.w3c.W3CHttpResponseCodec.decode(W3CHttpResponseCodec.java:138)
	at org.openqa.selenium.remote.codec.w3c.W3CHttpResponseCodec.decode(W3CHttpResponseCodec.java:50)
	at org.openqa.selenium.remote.HttpCommandExecutor.execute(HttpCommandExecutor.java:215)
	at org.openqa.selenium.remote.service.DriverCommandExecutor.invokeExecute(DriverCommandExecutor.java:216)
	at org.openqa.selenium.remote.service.DriverCommandExecutor.execute(DriverCommandExecutor.java:174)
	at org.openqa.selenium.remote.RemoteWebDriver.execute(RemoteWebDriver.java:544)
	at org.openqa.selenium.remote.ElementLocation$ElementFinder$2.findElements(ElementLocation.java:182)
	at org.openqa.selenium.remote.ElementLocation.findElements(ElementLocation.java:103)
	at org.openqa.selenium.remote.RemoteWebDriver.findElements(RemoteWebDriver.java:380)
	at org.openqa.selenium.remote.RemoteWebDriver.findElements(RemoteWebDriver.java:374)
	at jdk.internal.reflect.GeneratedMethodAccessor12.invoke(Unknown Source)
	at java.base/jdk.internal.reflect.DelegatingMethodAccessorImpl.invoke(DelegatingMethodAccessorImpl.java:43)
	at org.openqa.selenium.support.decorators.WebDriverDecorator.call(WebDriverDecorator.java:315)
	at org.openqa.selenium.support.decorators.DefaultDecorated.call(DefaultDecorated.java:48)
	at org.openqa.selenium.support.decorators.WebDriverDecorator.lambda$createProxyFactory$3(WebDriverDecorator.java:405)
	at org.openqa.selenium.remote.RemoteWebDriver$ByteBuddy$GJQXCoT4.findElements(Unknown Source)
	at com.kms.katalon.core.webui.model.WebUiElementFinder.findElementByNormalMethods(WebUiElementFinder.java:185)
	at com.kms.katalon.core.webui.model.WebUiElementFinder.findElementsBySelectedMethod(WebUiElementFinder.java:86)
	at com.kms.katalon.core.webui.model.WebUiElementFinder.findElementsBySelectedMethod(WebUiElementFinder.java:74)
	at com.kms.katalon.core.webui.model.WebUiElementFinder.findElementsBySelectedMethod(WebUiElementFinder.java:69)
	at com.kms.katalon.core.webui.model.WebUiElementFinder.findElement(WebUiElementFinder.java:43)
	at com.kms.katalon.core.webui.model.WebUiElementFinderWithTimeout.basicFindElement(WebUiElementFinderWithTimeout.java:50)
	at com.kms.katalon.core.webui.model.WebUiElementFinderWithTimeout.lambda$0(WebUiElementFinderWithTimeout.java:29)
	at com.kms.katalon.core.webui.model.SeleniumActionRetryController.performAction(SeleniumActionRetryController.java:96)
	at com.kms.katalon.core.webui.model.SeleniumActionRetryController.performAction(SeleniumActionRetryController.java:83)
	at com.kms.katalon.core.webui.model.WebUiElementFinderWithTimeout.findElement(WebUiElementFinderWithTimeout.java:28)
	at com.kms.katalon.core.webui.keyword.internal.WebUIAbstractKeyword.findWebElement(WebUIAbstractKeyword.groovy:96)
	at com.kms.katalon.core.webui.keyword.builtin.EnhancedClickKeyword$_click_closure1.doCall(EnhancedClickKeyword.groovy:69)
	at java.base/jdk.internal.reflect.NativeMethodAccessorImpl.invoke0(Native Method)
	at java.base/jdk.internal.reflect.NativeMethodAccessorImpl.invoke(NativeMethodAccessorImpl.java:77)
	at java.base/jdk.internal.reflect.DelegatingMethodAccessorImpl.invoke(DelegatingMethodAccessorImpl.java:43)
	at jdk.proxy2/jdk.proxy2.$Proxy50.execute(Unknown Source)
	at com.kms.katalon.core.webui.model.SeleniumActionRetryController.performAction(SeleniumActionRetryController.java:96)
	at com.kms.katalon.core.webui.model.SeleniumActionRetryController.performAction(SeleniumActionRetryController.java:83)
	at com.kms.katalon.core.webui.keyword.internal.WebUIKeywordMain$_runKeywordUntilTimeout_closure1.doCall(WebUIKeywordMain.groovy:135)
	at com.kms.katalon.core.webui.keyword.internal.WebUIKeywordMain$_runKeywordUntilTimeout_closure1.call(WebUIKeywordMain.groovy)
	at com.kms.katalon.core.webui.keyword.internal.WebUIKeywordMain.runKeyword(WebUIKeywordMain.groovy:41)
	... 41 more
</message>
  <exception>
    <message>com.kms.katalon.core.exception.StepFailedException: Call Test Case 'Test Cases/Login/LG-01' failed</message>
    <frame>
      <class>com.kms.katalon.core.logging.XmlKeywordLogger</class>
      <method>logMessage</method>
      <line>512</line>
    </frame>
    <frame>
      <class>com.kms.katalon.core.logging.KeywordLogger</class>
      <method>logMessage</method>
      <line>447</line>
    </frame>
    <frame>
      <class>com.kms.katalon.core.main.TestCaseExecutor</class>
      <method>logError</method>
      <line>599</line>
    </frame>
    <frame>
      <class>com.kms.katalon.core.main.TestCaseExecutor</class>
      <method>onExecutionError</method>
      <line>187</line>
    </frame>
    <frame>
      <class>com.kms.katalon.core.main.TestCaseExecutor</class>
      <method>processExecutionPhase</method>
      <line>470</line>
    </frame>
    <frame>
      <class>com.kms.katalon.core.main.TestCaseExecutor</class>
      <method>accessMainPhase</method>
      <line>452</line>
    </frame>
    <frame>
      <class>com.kms.katalon.core.main.TestCaseExecutor</class>
      <method>execute</method>
      <line>322</line>
    </frame>
    <frame>
      <class>com.kms.katalon.core.main.TestCaseExecutor</class>
      <method>execute</method>
      <line>410</line>
    </frame>
    <frame>
      <class>com.kms.katalon.core.common.CommonExecutor</class>
      <method>accessTestCaseMainPhase</method>
      <line>71</line>
    </frame>
    <frame>
      <class>com.kms.katalon.core.main.TestSuiteExecutor</class>
      <method>accessTestSuiteMainPhase</method>
      <line>153</line>
    </frame>
    <frame>
      <class>com.kms.katalon.core.main.TestSuiteExecutor</class>
      <method>execute</method>
      <line>110</line>
    </frame>
    <frame>
      <class>com.kms.katalon.core.main.TestCaseMain</class>
      <method>startTestSuite</method>
      <line>205</line>
    </frame>
    <frame>
      <class>org.codehaus.groovy.vmplugin.v8.IndyInterface</class>
      <method>fromCache</method>
      <line>318</line>
    </frame>
    <frame>
      <class>TempTestSuite1767667621470</class>
      <method>run</method>
      <line>35</line>
    </frame>
    <frame>
      <class>groovy.lang.GroovyShell</class>
      <method>runScriptOrMainOrTestOrRunnable</method>
      <line>254</line>
    </frame>
    <frame>
      <class>groovy.lang.GroovyShell</class>
      <method>run</method>
      <line>360</line>
    </frame>
    <frame>
      <class>groovy.lang.GroovyShell</class>
      <method>run</method>
      <line>349</line>
    </frame>
    <frame>
      <class>groovy.ui.GroovyMain</class>
      <method>processOnce</method>
      <line>652</line>
    </frame>
    <frame>
      <class>groovy.ui.GroovyMain</class>
      <method>run</method>
      <line>398</line>
    </frame>
    <frame>
      <class>groovy.ui.GroovyMain</class>
      <method>access$1400</method>
      <line>68</line>
    </frame>
    <frame>
      <class>groovy.ui.GroovyMain$GroovyCommand</class>
      <method>process</method>
      <line>322</line>
    </frame>
    <frame>
      <class>groovy.ui.GroovyMain</class>
      <method>processArgs</method>
      <line>142</line>
    </frame>
    <frame>
      <class>groovy.ui.GroovyMain</class>
      <method>main</method>
      <line>115</line>
    </frame>
    <frame>
      <class>jdk.internal.reflect.NativeMethodAccessorImpl</class>
      <method>invoke0</method>
    </frame>
    <frame>
      <class>jdk.internal.reflect.NativeMethodAccessorImpl</class>
      <method>invoke</method>
      <line>77</line>
    </frame>
    <frame>
      <class>jdk.internal.reflect.DelegatingMethodAccessorImpl</class>
      <method>invoke</method>
      <line>43</line>
    </frame>
    <frame>
      <class>java.lang.reflect.Method</class>
      <method>invoke</method>
      <line>569</line>
    </frame>
    <frame>
      <class>org.codehaus.groovy.tools.GroovyStarter</class>
      <method>rootLoader</method>
      <line>117</line>
    </frame>
    <frame>
      <class>org.codehaus.groovy.tools.GroovyStarter</class>
      <method>main</method>
      <line>39</line>
    </frame>
  </exception>
  <nestedLevel>0</nestedLevel>
  <escapedJava>false</escapedJava>
  <property name="failed.exception.stacktrace">org.openqa.selenium.NoSuchSessionException: invalid session id
Build info: version: &apos;4.34.0&apos;, revision: &apos;707dcb4246*&apos;
System info: os.name: &apos;Windows 10&apos;, os.arch: &apos;amd64&apos;, os.version: &apos;10.0&apos;, java.version: &apos;17.0.14&apos;
Driver info: com.kms.katalon.selenium.driver.CChromeDriver
Command: [c6ef577be978aaef9a7f934c65aebee9, findElements {value=//footer[contains(@class,&apos;mdc-dialog__actions&apos;)]//button[@aria-label=&apos;Ok&apos; and .//span[@class=&apos;mdc-button__label&apos; and normalize-space()=&apos;Ok&apos;]], using=xpath}]
Capabilities {acceptInsecureCerts: false, browserName: chrome, browserVersion: 143.0.7499.170, chrome: {chromedriverVersion: 142.0.7444.59 (4b8153ab58d3..., userDataDir: C:\QA\Profiles\KatalonChrome}, fedcm:accounts: true, goog:chromeOptions: {debuggerAddress: localhost:63382}, goog:processID: 16236, networkConnectionEnabled: false, pageLoadStrategy: normal, platformName: windows, proxy: Proxy(), se:cdp: ws://localhost:63382/devtoo..., se:cdpVersion: 143.0.7499.170, setWindowRect: true, strictFileInteractability: false, timeouts: {implicit: 0, pageLoad: 300000, script: 30000}, unhandledPromptBehavior: {alert: ignore, beforeUnload: ignore, confirm: ignore, default: ignore, file: ignore, prompt: ignore}, webSocketUrl: ws://localhost:31794/sessio..., webauthn:extension:credBlob: true, webauthn:extension:largeBlob: true, webauthn:extension:minPinLength: true, webauthn:extension:prf: true, webauthn:virtualAuthenticators: true}
Session ID: c6ef577be978aaef9a7f934c65aebee9
	at jdk.internal.reflect.GeneratedConstructorAccessor24.newInstance(Unknown Source)
	at java.base/jdk.internal.reflect.DelegatingConstructorAccessorImpl.newInstance(DelegatingConstructorAccessorImpl.java:45)
	at org.openqa.selenium.remote.ErrorCodec.decode(ErrorCodec.java:167)
	at org.openqa.selenium.remote.codec.w3c.W3CHttpResponseCodec.decode(W3CHttpResponseCodec.java:138)
	at org.openqa.selenium.remote.codec.w3c.W3CHttpResponseCodec.decode(W3CHttpResponseCodec.java:50)
	at org.openqa.selenium.remote.HttpCommandExecutor.execute(HttpCommandExecutor.java:215)
	at org.openqa.selenium.remote.service.DriverCommandExecutor.invokeExecute(DriverCommandExecutor.java:216)
	at org.openqa.selenium.remote.service.DriverCommandExecutor.execute(DriverCommandExecutor.java:174)
	at org.openqa.selenium.remote.RemoteWebDriver.execute(RemoteWebDriver.java:544)
	at org.openqa.selenium.remote.ElementLocation$ElementFinder$2.findElements(ElementLocation.java:182)
	at org.openqa.selenium.remote.ElementLocation.findElements(ElementLocation.java:103)
	at org.openqa.selenium.remote.RemoteWebDriver.findElements(RemoteWebDriver.java:380)
	at org.openqa.selenium.remote.RemoteWebDriver.findElements(RemoteWebDriver.java:374)
	at jdk.internal.reflect.GeneratedMethodAccessor12.invoke(Unknown Source)
	at java.base/jdk.internal.reflect.DelegatingMethodAccessorImpl.invoke(DelegatingMethodAccessorImpl.java:43)
	at org.openqa.selenium.support.decorators.WebDriverDecorator.call(WebDriverDecorator.java:315)
	at org.openqa.selenium.support.decorators.DefaultDecorated.call(DefaultDecorated.java:48)
	at org.openqa.selenium.support.decorators.WebDriverDecorator.lambda$createProxyFactory$3(WebDriverDecorator.java:405)
	at org.openqa.selenium.remote.RemoteWebDriver$ByteBuddy$GJQXCoT4.findElements(Unknown Source)
	at com.kms.katalon.core.webui.model.WebUiElementFinder.findElementByNormalMethods(WebUiElementFinder.java:185)
	at com.kms.katalon.core.webui.model.WebUiElementFinder.findElementsBySelectedMethod(WebUiElementFinder.java:86)
	at com.kms.katalon.core.webui.model.WebUiElementFinder.findElementsBySelectedMethod(WebUiElementFinder.java:74)
	at com.kms.katalon.core.webui.model.WebUiElementFinder.findElementsBySelectedMethod(WebUiElementFinder.java:69)
	at com.kms.katalon.core.webui.model.WebUiElementFinder.findElement(WebUiElementFinder.java:43)
	at com.kms.katalon.core.webui.model.WebUiElementFinderWithTimeout.basicFindElement(WebUiElementFinderWithTimeout.java:50)
	at com.kms.katalon.core.webui.model.WebUiElementFinderWithTimeout.lambda$0(WebUiElementFinderWithTimeout.java:29)
	at com.kms.katalon.core.webui.model.SeleniumActionRetryController.performAction(SeleniumActionRetryController.java:96)
	at com.kms.katalon.core.webui.model.SeleniumActionRetryController.performAction(SeleniumActionRetryController.java:83)
	at com.kms.katalon.core.webui.model.WebUiElementFinderWithTimeout.findElement(WebUiElementFinderWithTimeout.java:28)
	at com.kms.katalon.core.webui.keyword.internal.WebUIAbstractKeyword.findWebElement(WebUIAbstractKeyword.groovy:96)
	at com.kms.katalon.core.webui.keyword.builtin.EnhancedClickKeyword$_click_closure1.doCall(EnhancedClickKeyword.groovy:69)
	at java.base/jdk.internal.reflect.NativeMethodAccessorImpl.invoke0(Native Method)
	at java.base/jdk.internal.reflect.NativeMethodAccessorImpl.invoke(NativeMethodAccessorImpl.java:77)
	at java.base/jdk.internal.reflect.DelegatingMethodAccessorImpl.invoke(DelegatingMethodAccessorImpl.java:43)
	at jdk.proxy2/jdk.proxy2.$Proxy50.execute(Unknown Source)
	at com.kms.katalon.core.webui.model.SeleniumActionRetryController.performAction(SeleniumActionRetryController.java:96)
	at com.kms.katalon.core.webui.model.SeleniumActionRetryController.performAction(SeleniumActionRetryController.java:83)
	at com.kms.katalon.core.webui.keyword.internal.WebUIKeywordMain$_runKeywordUntilTimeout_closure1.doCall(WebUIKeywordMain.groovy:135)
	at com.kms.katalon.core.webui.keyword.internal.WebUIKeywordMain$_runKeywordUntilTimeout_closure1.call(WebUIKeywordMain.groovy)
	at com.kms.katalon.core.webui.keyword.internal.WebUIKeywordMain.runKeyword(WebUIKeywordMain.groovy:41)
	at com.kms.katalon.core.webui.keyword.internal.WebUIKeywordMain.runKeywordUntilTimeout(WebUIKeywordMain.groovy:133)
	at com.kms.katalon.core.webui.keyword.builtin.EnhancedClickKeyword.click(EnhancedClickKeyword.groovy:95)
	at com.kms.katalon.core.webui.keyword.builtin.EnhancedClickKeyword.execute(EnhancedClickKeyword.groovy:41)
	at com.kms.katalon.core.keyword.internal.KeywordExecutor.executeKeywordForPlatform(KeywordExecutor.groovy:90)
	at com.kms.katalon.core.webui.keyword.WebUiBuiltInKeywords.enhancedClick(WebUiBuiltInKeywords.groovy:747)
	at LG-01.run(LG-01:133)
	at com.kms.katalon.core.main.ScriptEngine.run(ScriptEngine.java:194)
	at com.kms.katalon.core.main.ScriptEngine.runScriptAsRawText(ScriptEngine.java:119)
	at com.kms.katalon.core.main.TestCaseExecutor.runScript(TestCaseExecutor.java:490)
	at com.kms.katalon.core.main.TestCaseExecutor.doExecute(TestCaseExecutor.java:481)
	at com.kms.katalon.core.main.TestCaseExecutor.processExecutionPhase(TestCaseExecutor.java:460)
	at com.kms.katalon.core.main.TestCaseExecutor.accessMainPhase(TestCaseExecutor.java:452)
	at com.kms.katalon.core.main.TestCaseExecutor.execute(TestCaseExecutor.java:322)
	at com.kms.katalon.core.main.TestCaseMain.runTestCase(TestCaseMain.java:151)
	at com.kms.katalon.core.keyword.builtin.CallTestCaseKeyword$_callTestCase_closure1.doCall(CallTestCaseKeyword.groovy:59)
	at com.kms.katalon.core.keyword.builtin.CallTestCaseKeyword$_callTestCase_closure1.call(CallTestCaseKeyword.groovy)
	at com.kms.katalon.core.keyword.internal.KeywordMain.runKeyword(KeywordMain.groovy:75)
	at com.kms.katalon.core.keyword.builtin.CallTestCaseKeyword.callTestCase(CallTestCaseKeyword.groovy:81)
	at com.kms.katalon.core.keyword.builtin.CallTestCaseKeyword.execute(CallTestCaseKeyword.groovy:44)
	at com.kms.katalon.core.keyword.internal.KeywordExecutor.executeKeywordForPlatform(KeywordExecutor.groovy:90)
	at com.kms.katalon.core.keyword.BuiltinKeywords.callTestCase(BuiltinKeywords.groovy:310)
	at java.base/jdk.internal.reflect.NativeMethodAccessorImpl.invoke0(Native Method)
	at java.base/jdk.internal.reflect.NativeMethodAccessorImpl.invoke(NativeMethodAccessorImpl.java:77)
	at java.base/jdk.internal.reflect.DelegatingMethodAccessorImpl.invoke(DelegatingMethodAccessorImpl.java:43)
	at OP1.1.run(OP1.1:20)
	at com.kms.katalon.core.main.ScriptEngine.run(ScriptEngine.java:194)
	at com.kms.katalon.core.main.ScriptEngine.runScriptAsRawText(ScriptEngine.java:119)
	at com.kms.katalon.core.main.TestCaseExecutor.runScript(TestCaseExecutor.java:490)
	at com.kms.katalon.core.main.TestCaseExecutor.doExecute(TestCaseExecutor.java:481)
	at com.kms.katalon.core.main.TestCaseExecutor.processExecutionPhase(TestCaseExecutor.java:460)
	at com.kms.katalon.core.main.TestCaseExecutor.accessMainPhase(TestCaseExecutor.java:452)
	at com.kms.katalon.core.main.TestCaseExecutor.execute(TestCaseExecutor.java:322)
	at com.kms.katalon.core.main.TestCaseExecutor.execute(TestCaseExecutor.java:410)
	at com.kms.katalon.core.common.CommonExecutor.accessTestCaseMainPhase(CommonExecutor.java:71)
	at com.kms.katalon.core.main.TestSuiteExecutor.accessTestSuiteMainPhase(TestSuiteExecutor.java:153)
	at com.kms.katalon.core.main.TestSuiteExecutor.execute(TestSuiteExecutor.java:110)
	at com.kms.katalon.core.main.TestCaseMain.startTestSuite(TestCaseMain.java:205)
	at TempTestSuite1767667621470.run(TempTestSuite1767667621470.groovy:35)
	at java.base/jdk.internal.reflect.NativeMethodAccessorImpl.invoke0(Native Method)
	at java.base/jdk.internal.reflect.NativeMethodAccessorImpl.invoke(NativeMethodAccessorImpl.java:77)
	at java.base/jdk.internal.reflect.DelegatingMethodAccessorImpl.invoke(DelegatingMethodAccessorImpl.java:43)
</property>
  <property name="failed.exception.class">org.openqa.selenium.NoSuchSessionException</property>
  <property name="failed.exception.message">invalid session id
Build info: version: &apos;4.34.0&apos;, revision: &apos;707dcb4246*&apos;
System info: os.name: &apos;Windows 10&apos;, os.arch: &apos;amd64&apos;, os.version: &apos;10.0&apos;, java.version: &apos;17.0.14&apos;
Driver info: com.kms.katalon.selenium.driver.CChromeDriver
Command: [c6ef577be978aaef9a7f934c65aebee9, findElements {value=//footer[contains(@class,&apos;mdc-dialog__actions&apos;)]//button[@aria-label=&apos;Ok&apos; and .//span[@class=&apos;mdc-button__label&apos; and normalize-space()=&apos;Ok&apos;]], using=xpath}]
Capabilities {acceptInsecureCerts: false, browserName: chrome, browserVersion: 143.0.7499.170, chrome: {chromedriverVersion: 142.0.7444.59 (4b8153ab58d3..., userDataDir: C:\QA\Profiles\KatalonChrome}, fedcm:accounts: true, goog:chromeOptions: {debuggerAddress: localhost:63382}, goog:processID: 16236, networkConnectionEnabled: false, pageLoadStrategy: normal, platformName: windows, proxy: Proxy(), se:cdp: ws://localhost:63382/devtoo..., se:cdpVersion: 143.0.7499.170, setWindowRect: true, strictFileInteractability: false, timeouts: {implicit: 0, pageLoad: 300000, script: 30000}, unhandledPromptBehavior: {alert: ignore, beforeUnload: ignore, confirm: ignore, default: ignore, file: ignore, prompt: ignore}, webSocketUrl: ws://localhost:31794/sessio..., webauthn:extension:credBlob: true, webauthn:extension:largeBlob: true, webauthn:extension:minPinLength: true, webauthn:extension:prf: true, webauthn:virtualAuthenticators: true}
Session ID: c6ef577be978aaef9a7f934c65aebee9</property>
</record>
<record>
  <date>2026-01-06T02:48:06.541769700Z</date>
  <millis>1767667686541</millis>
  <nanos>769700</nanos>
  <sequence>320</sequence>
  <level>END</level>
  <class>com.kms.katalon.core.logging.XmlKeywordLogger</class>
  <method>endTest</method>
  <thread>1</thread>
  <message>End Test Case : Test Cases/OP/OP1.1</message>
  <nestedLevel>0</nestedLevel>
  <escapedJava>false</escapedJava>
  <property name="executionBindingVariables">[]</property>
  <property name="applitools">false</property>
  <property name="remainingRetryCount">2</property>
  <property name="executedKeywords">{
  &quot;WebUI.maximizeWindow&quot;: 1,
  &quot;WebUI.getUrl&quot;: 1,
  &quot;WebUI.waitForElementVisible&quot;: 1,
  &quot;WebUI.waitForPageLoad&quot;: 1,
  &quot;WebUI.navigateToUrl&quot;: 1,
  &quot;BuiltIn.callTestCase&quot;: 1,
  &quot;WebUI.openBrowser&quot;: 1,
  &quot;WebUI.enhancedClick&quot;: 1,
  &quot;WebUI.waitForElementClickable&quot;: 1
}</property>
  <property name="currentRetryCount">1</property>
  <property name="keywordsUsage">{
  &quot;web_ui&quot;: true,
  &quot;web_service&quot;: false,
  &quot;cucumber&quot;: false,
  &quot;builtin&quot;: true,
  &quot;mobile&quot;: false,
  &quot;windows&quot;: false,
  &quot;testng&quot;: false
}</property>
</record>
<record>
  <date>2026-01-06T02:48:06.545771100Z</date>
  <millis>1767667686545</millis>
  <nanos>771100</nanos>
  <sequence>321</sequence>
  <level>START</level>
  <class>com.kms.katalon.core.logging.XmlKeywordLogger</class>
  <method>startTest</method>
  <thread>1</thread>
  <message>Start Test Case : Test Cases/OP/OP1.1</message>
  <nestedLevel>1</nestedLevel>
  <escapedJava>false</escapedJava>
  <property name="remainingRetryCount">1</property>
  <property name="origin"></property>
  <property name="name">Test Cases/OP/OP1.1</property>
  <property name="description"></property>
  <property name="iteration"></property>
  <property name="id">Test Cases/OP/OP1.1</property>
  <property name="source">C:\Users\Administrator\git\magiq\Test Cases\OP\OP1.1.tc</property>
  <property name="tag"></property>
  <property name="isOptional">false</property>
  <property name="currentRetryCount">2</property>
</record>
<record>
  <date>2026-01-06T02:48:06.573770800Z</date>
  <millis>1767667686573</millis>
  <nanos>770800</nanos>
  <sequence>323</sequence>
  <level>START</level>
  <class>com.kms.katalon.core.logging.XmlKeywordLogger</class>
  <method>startKeyword</method>
  <thread>1</thread>
  <message>Start action : callTestCase(findTestCase(&amp;quot;Login/LG-01&amp;quot;), [:], STOP_ON_FAILURE)</message>
  <nestedLevel>1</nestedLevel>
  <escapedJava>false</escapedJava>
  <property name="startLine">20</property>
  <property name="stepIndex">1</property>
</record>
<record>
  <date>2026-01-06T02:48:06.658767600Z</date>
  <millis>1767667686658</millis>
  <nanos>767600</nanos>
  <sequence>327</sequence>
  <level>START</level>
  <class>com.kms.katalon.core.logging.XmlKeywordLogger</class>
  <method>startTest</method>
  <thread>1</thread>
  <message>Start Test Case : Test Cases/Login/LG-01</message>
  <nestedLevel>2</nestedLevel>
  <escapedJava>false</escapedJava>
  <property name="origin"></property>
  <property name="name">Test Cases/Login/LG-01</property>
  <property name="description"></property>
  <property name="iteration"></property>
  <property name="id">Test Cases/Login/LG-01</property>
  <property name="source">C:\Users\Administrator\git\magiq\Test Cases\Login\LG-01.tc</property>
  <property name="tag"></property>
  <property name="isOptional">false</property>
</record>
<record>
  <date>2026-01-06T02:48:06.688767600Z</date>
  <millis>1767667686688</millis>
  <nanos>767600</nanos>
  <sequence>329</sequence>
  <level>START</level>
  <class>com.kms.katalon.core.logging.XmlKeywordLogger</class>
  <method>startKeyword</method>
  <thread>1</thread>
  <message>Start action : LOCAL_PAGELOAD = 300</message>
  <nestedLevel>1</nestedLevel>
  <escapedJava>false</escapedJava>
  <property name="startLine">10</property>
  <property name="stepIndex">1</property>
</record>
<record>
  <date>2026-01-06T02:48:06.689767200Z</date>
  <millis>1767667686689</millis>
  <nanos>767200</nanos>
  <sequence>330</sequence>
  <level>END</level>
  <class>com.kms.katalon.core.logging.XmlKeywordLogger</class>
  <method>endKeyword</method>
  <thread>1</thread>
  <message>End action : LOCAL_PAGELOAD = 300</message>
  <nestedLevel>1</nestedLevel>
  <escapedJava>false</escapedJava>
</record>
<record>
  <date>2026-01-06T02:48:06.689767200Z</date>
  <millis>1767667686689</millis>
  <nanos>767200</nanos>
  <sequence>331</sequence>
  <level>START</level>
  <class>com.kms.katalon.core.logging.XmlKeywordLogger</class>
  <method>startKeyword</method>
  <thread>1</thread>
  <message>Start action : WAIT_ELEMENT_BEFORE_RELOAD = 120</message>
  <nestedLevel>1</nestedLevel>
  <escapedJava>false</escapedJava>
  <property name="startLine">11</property>
  <property name="stepIndex">2</property>
</record>
<record>
  <date>2026-01-06T02:48:06.689767200Z</date>
  <millis>1767667686689</millis>
  <nanos>767200</nanos>
  <sequence>332</sequence>
  <level>END</level>
  <class>com.kms.katalon.core.logging.XmlKeywordLogger</class>
  <method>endKeyword</method>
  <thread>1</thread>
  <message>End action : WAIT_ELEMENT_BEFORE_RELOAD = 120</message>
  <nestedLevel>1</nestedLevel>
  <escapedJava>false</escapedJava>
</record>
<record>
  <date>2026-01-06T02:48:06.689767200Z</date>
  <millis>1767667686689</millis>
  <nanos>767200</nanos>
  <sequence>333</sequence>
  <level>START</level>
  <class>com.kms.katalon.core.logging.XmlKeywordLogger</class>
  <method>startKeyword</method>
  <thread>1</thread>
  <message>Start action : MAX_RELOAD_ATTEMPTS = 5</message>
  <nestedLevel>1</nestedLevel>
  <escapedJava>false</escapedJava>
  <property name="startLine">12</property>
  <property name="stepIndex">3</property>
</record>
<record>
  <date>2026-01-06T02:48:06.690767400Z</date>
  <millis>1767667686690</millis>
  <nanos>767400</nanos>
  <sequence>334</sequence>
  <level>END</level>
  <class>com.kms.katalon.core.logging.XmlKeywordLogger</class>
  <method>endKeyword</method>
  <thread>1</thread>
  <message>End action : MAX_RELOAD_ATTEMPTS = 5</message>
  <nestedLevel>1</nestedLevel>
  <escapedJava>false</escapedJava>
</record>
<record>
  <date>2026-01-06T02:48:06.690767400Z</date>
  <millis>1767667686690</millis>
  <nanos>767400</nanos>
  <sequence>335</sequence>
  <level>START</level>
  <class>com.kms.katalon.core.logging.XmlKeywordLogger</class>
  <method>startKeyword</method>
  <thread>1</thread>
  <message>Start action : AFTER_LOGIN_WAIT = 120</message>
  <nestedLevel>1</nestedLevel>
  <escapedJava>false</escapedJava>
  <property name="startLine">13</property>
  <property name="stepIndex">4</property>
</record>
<record>
  <date>2026-01-06T02:48:06.690767400Z</date>
  <millis>1767667686690</millis>
  <nanos>767400</nanos>
  <sequence>336</sequence>
  <level>END</level>
  <class>com.kms.katalon.core.logging.XmlKeywordLogger</class>
  <method>endKeyword</method>
  <thread>1</thread>
  <message>End action : AFTER_LOGIN_WAIT = 120</message>
  <nestedLevel>1</nestedLevel>
  <escapedJava>false</escapedJava>
</record>
<record>
  <date>2026-01-06T02:48:06.690767400Z</date>
  <millis>1767667686690</millis>
  <nanos>767400</nanos>
  <sequence>337</sequence>
  <level>START</level>
  <class>com.kms.katalon.core.logging.XmlKeywordLogger</class>
  <method>startKeyword</method>
  <thread>1</thread>
  <message>Start action : SHORT = 5</message>
  <nestedLevel>1</nestedLevel>
  <escapedJava>false</escapedJava>
  <property name="startLine">14</property>
  <property name="stepIndex">5</property>
</record>
<record>
  <date>2026-01-06T02:48:06.691768Z</date>
  <millis>1767667686691</millis>
  <nanos>768000</nanos>
  <sequence>338</sequence>
  <level>END</level>
  <class>com.kms.katalon.core.logging.XmlKeywordLogger</class>
  <method>endKeyword</method>
  <thread>1</thread>
  <message>End action : SHORT = 5</message>
  <nestedLevel>1</nestedLevel>
  <escapedJava>false</escapedJava>
</record>
<record>
  <date>2026-01-06T02:48:06.691768Z</date>
  <millis>1767667686691</millis>
  <nanos>768000</nanos>
  <sequence>339</sequence>
  <level>START</level>
  <class>com.kms.katalon.core.logging.XmlKeywordLogger</class>
  <method>startKeyword</method>
  <thread>1</thread>
  <message>Start action : MEDIUM = 15</message>
  <nestedLevel>1</nestedLevel>
  <escapedJava>false</escapedJava>
  <property name="startLine">15</property>
  <property name="stepIndex">6</property>
</record>
<record>
  <date>2026-01-06T02:48:06.691768Z</date>
  <millis>1767667686691</millis>
  <nanos>768000</nanos>
  <sequence>340</sequence>
  <level>END</level>
  <class>com.kms.katalon.core.logging.XmlKeywordLogger</class>
  <method>endKeyword</method>
  <thread>1</thread>
  <message>End action : MEDIUM = 15</message>
  <nestedLevel>1</nestedLevel>
  <escapedJava>false</escapedJava>
</record>
<record>
  <date>2026-01-06T02:48:06.691768Z</date>
  <millis>1767667686691</millis>
  <nanos>768000</nanos>
  <sequence>341</sequence>
  <level>START</level>
  <class>com.kms.katalon.core.logging.XmlKeywordLogger</class>
  <method>startKeyword</method>
  <thread>1</thread>
  <message>Start action : LONG = 30</message>
  <nestedLevel>1</nestedLevel>
  <escapedJava>false</escapedJava>
  <property name="startLine">16</property>
  <property name="stepIndex">7</property>
</record>
<record>
  <date>2026-01-06T02:48:06.692769200Z</date>
  <millis>1767667686692</millis>
  <nanos>769200</nanos>
  <sequence>342</sequence>
  <level>END</level>
  <class>com.kms.katalon.core.logging.XmlKeywordLogger</class>
  <method>endKeyword</method>
  <thread>1</thread>
  <message>End action : LONG = 30</message>
  <nestedLevel>1</nestedLevel>
  <escapedJava>false</escapedJava>
</record>
<record>
  <date>2026-01-06T02:48:06.692769200Z</date>
  <millis>1767667686692</millis>
  <nanos>769200</nanos>
  <sequence>343</sequence>
  <level>START</level>
  <class>com.kms.katalon.core.logging.XmlKeywordLogger</class>
  <method>startKeyword</method>
  <thread>1</thread>
  <message>Start action : openBrowser(&amp;quot;&amp;quot;)</message>
  <nestedLevel>1</nestedLevel>
  <escapedJava>false</escapedJava>
  <property name="startLine">19</property>
  <property name="stepIndex">8</property>
</record>
<record>
  <date>2026-01-06T02:48:06.695767300Z</date>
  <millis>1767667686695</millis>
  <nanos>767300</nanos>
  <sequence>346</sequence>
  <level>WARNING</level>
  <class>com.kms.katalon.core.logging.XmlKeywordLogger</class>
  <method>logMessage</method>
  <thread>1</thread>
  <message>A browser is already opened. Closing browser and opening a new one</message>
  <nestedLevel>2</nestedLevel>
  <escapedJava>false</escapedJava>
</record>
<record>
  <date>2026-01-06T02:48:06.716773300Z</date>
  <millis>1767667686716</millis>
  <nanos>773300</nanos>
  <sequence>347</sequence>
  <level>INFO</level>
  <class>com.kms.katalon.core.logging.XmlKeywordLogger</class>
  <method>logMessage</method>
  <thread>1</thread>
  <message>Starting &amp;apos;Chrome&amp;apos; driver</message>
  <nestedLevel>2</nestedLevel>
  <escapedJava>false</escapedJava>
</record>
<record>
  <date>2026-01-06T02:48:06.717766200Z</date>
  <millis>1767667686717</millis>
  <nanos>766200</nanos>
  <sequence>348</sequence>
  <level>INFO</level>
  <class>com.kms.katalon.core.logging.XmlKeywordLogger</class>
  <method>logMessage</method>
  <thread>1</thread>
  <message>User set preference: [&amp;apos;args&amp;apos;, &amp;apos;[--user-data-dir=C:\QA\Profiles\KatalonChrome, --profile-directory=Default]&amp;apos;]</message>
  <nestedLevel>2</nestedLevel>
  <escapedJava>false</escapedJava>
</record>
<record>
  <date>2026-01-06T02:48:06.718764900Z</date>
  <millis>1767667686718</millis>
  <nanos>764900</nanos>
  <sequence>349</sequence>
  <level>INFO</level>
  <class>com.kms.katalon.core.logging.XmlKeywordLogger</class>
  <method>logMessage</method>
  <thread>1</thread>
  <message>Action delay is set to 0 milliseconds</message>
  <nestedLevel>2</nestedLevel>
  <escapedJava>false</escapedJava>
</record>
<record>
  <date>2026-01-06T02:48:07.783445900Z</date>
  <millis>1767667687783</millis>
  <nanos>445900</nanos>
  <sequence>352</sequence>
  <level>RUN_DATA</level>
  <class>com.kms.katalon.core.logging.XmlKeywordLogger</class>
  <method>logMessage</method>
  <thread>1</thread>
  <message>sessionId = a301aef697170138dd55b45babe6fa80</message>
  <nestedLevel>2</nestedLevel>
  <escapedJava>false</escapedJava>
  <property name="sessionId">a301aef697170138dd55b45babe6fa80</property>
</record>
<record>
  <date>2026-01-06T02:48:07.783445900Z</date>
  <millis>1767667687783</millis>
  <nanos>445900</nanos>
  <sequence>353</sequence>
  <level>RUN_DATA</level>
  <class>com.kms.katalon.core.logging.XmlKeywordLogger</class>
  <method>logMessage</method>
  <thread>1</thread>
  <message>browser = Chrome 143.0.7499.170</message>
  <nestedLevel>2</nestedLevel>
  <escapedJava>false</escapedJava>
  <property name="browser">Chrome 143.0.7499.170</property>
</record>
<record>
  <date>2026-01-06T02:48:07.784449500Z</date>
  <millis>1767667687784</millis>
  <nanos>449500</nanos>
  <sequence>354</sequence>
  <level>RUN_DATA</level>
  <class>com.kms.katalon.core.logging.XmlKeywordLogger</class>
  <method>logMessage</method>
  <thread>1</thread>
  <message>platform = Windows 10</message>
  <nestedLevel>2</nestedLevel>
  <escapedJava>false</escapedJava>
  <property name="platform">Windows 10</property>
</record>
<record>
  <date>2026-01-06T02:48:07.784449500Z</date>
  <millis>1767667687784</millis>
  <nanos>449500</nanos>
  <sequence>355</sequence>
  <level>RUN_DATA</level>
  <class>com.kms.katalon.core.logging.XmlKeywordLogger</class>
  <method>logMessage</method>
  <thread>1</thread>
  <message>seleniumVersion = 4.34.0</message>
  <nestedLevel>2</nestedLevel>
  <escapedJava>false</escapedJava>
  <property name="seleniumVersion">4.34.0</property>
</record>
<record>
  <date>2026-01-06T02:48:07.785447300Z</date>
  <millis>1767667687785</millis>
  <nanos>447300</nanos>
  <sequence>356</sequence>
  <level>RUN_DATA</level>
  <class>com.kms.katalon.core.logging.XmlKeywordLogger</class>
  <method>logMessage</method>
  <thread>1</thread>
  <message>proxyInformation = ProxyInformation { proxyOption=NO_PROXY, proxyServerType=HTTP, username=, password=********, proxyServerAddress=, proxyServerPort=0, executionList=&amp;quot;&amp;quot;, isApplyToDesiredCapabilities=true }</message>
  <nestedLevel>2</nestedLevel>
  <escapedJava>false</escapedJava>
  <property name="proxyInformation">ProxyInformation { proxyOption=NO_PROXY, proxyServerType=HTTP, username=, password=********, proxyServerAddress=, proxyServerPort=0, executionList=&quot;&quot;, isApplyToDesiredCapabilities=true }</property>
</record>
<record>
  <date>2026-01-06T02:48:07.803450Z</date>
  <millis>1767667687803</millis>
  <nanos>450000</nanos>
  <sequence>357</sequence>
  <level>PASSED</level>
  <class>com.kms.katalon.core.logging.XmlKeywordLogger</class>
  <method>logMessage</method>
  <thread>1</thread>
  <message>Browser is opened with url: &amp;apos;&amp;apos;</message>
  <nestedLevel>2</nestedLevel>
  <escapedJava>false</escapedJava>
  <property name="testops-method-name">com.kms.katalon.core.webui.keyword.builtin.OpenBrowserKeyword.openBrowser</property>
  <property name="testops-execution-stacktrace"></property>
</record>
<record>
  <date>2026-01-06T02:48:07.803450Z</date>
  <millis>1767667687803</millis>
  <nanos>450000</nanos>
  <sequence>358</sequence>
  <level>END</level>
  <class>com.kms.katalon.core.logging.XmlKeywordLogger</class>
  <method>endKeyword</method>
  <thread>1</thread>
  <message>End action : openBrowser(&amp;quot;&amp;quot;)</message>
  <nestedLevel>1</nestedLevel>
  <escapedJava>false</escapedJava>
</record>
<record>
  <date>2026-01-06T02:48:07.804449Z</date>
  <millis>1767667687804</millis>
  <nanos>449000</nanos>
  <sequence>359</sequence>
  <level>START</level>
  <class>com.kms.katalon.core.logging.XmlKeywordLogger</class>
  <method>startKeyword</method>
  <thread>1</thread>
  <message>Start action : maximizeWindow()</message>
  <nestedLevel>1</nestedLevel>
  <escapedJava>false</escapedJava>
  <property name="startLine">20</property>
  <property name="stepIndex">9</property>
</record>
<record>
  <date>2026-01-06T02:48:07.818457200Z</date>
  <millis>1767667687818</millis>
  <nanos>457200</nanos>
  <sequence>362</sequence>
  <level>PASSED</level>
  <class>com.kms.katalon.core.logging.XmlKeywordLogger</class>
  <method>logMessage</method>
  <thread>1</thread>
  <message>Current window maximized</message>
  <nestedLevel>2</nestedLevel>
  <escapedJava>false</escapedJava>
  <property name="testops-method-name">com.kms.katalon.core.webui.keyword.builtin.MaximizeWindowKeyword.maximizeWindow</property>
  <property name="testops-execution-stacktrace"></property>
</record>
<record>
  <date>2026-01-06T02:48:07.818457200Z</date>
  <millis>1767667687818</millis>
  <nanos>457200</nanos>
  <sequence>363</sequence>
  <level>END</level>
  <class>com.kms.katalon.core.logging.XmlKeywordLogger</class>
  <method>endKeyword</method>
  <thread>1</thread>
  <message>End action : maximizeWindow()</message>
  <nestedLevel>1</nestedLevel>
  <escapedJava>false</escapedJava>
</record>
<record>
  <date>2026-01-06T02:48:07.819451700Z</date>
  <millis>1767667687819</millis>
  <nanos>451700</nanos>
  <sequence>364</sequence>
  <level>START</level>
  <class>com.kms.katalon.core.logging.XmlKeywordLogger</class>
  <method>startKeyword</method>
  <thread>1</thread>
  <message>Start action : navigateToUrl(&amp;quot;https://qa.engagement.magiqdev.cloud/login&amp;quot;)</message>
  <nestedLevel>1</nestedLevel>
  <escapedJava>false</escapedJava>
  <property name="startLine">22</property>
  <property name="stepIndex">10</property>
</record>
<record>
  <date>2026-01-06T02:48:08.425456300Z</date>
  <millis>1767667688425</millis>
  <nanos>456300</nanos>
  <sequence>368</sequence>
  <level>PASSED</level>
  <class>com.kms.katalon.core.logging.XmlKeywordLogger</class>
  <method>logMessage</method>
  <thread>1</thread>
  <message>Navigate to &amp;apos;https://qa.engagement.magiqdev.cloud/login&amp;apos; successfully</message>
  <nestedLevel>2</nestedLevel>
  <escapedJava>false</escapedJava>
  <property name="testops-method-name">com.kms.katalon.core.webui.keyword.builtin.NavigateToUrlKeyword.navigateToUrl</property>
  <property name="testops-execution-stacktrace"></property>
</record>
<record>
  <date>2026-01-06T02:48:08.427448900Z</date>
  <millis>1767667688427</millis>
  <nanos>448900</nanos>
  <sequence>369</sequence>
  <level>END</level>
  <class>com.kms.katalon.core.logging.XmlKeywordLogger</class>
  <method>endKeyword</method>
  <thread>1</thread>
  <message>End action : navigateToUrl(&amp;quot;https://qa.engagement.magiqdev.cloud/login&amp;quot;)</message>
  <nestedLevel>1</nestedLevel>
  <escapedJava>false</escapedJava>
</record>
<record>
  <date>2026-01-06T02:48:08.432450100Z</date>
  <millis>1767667688432</millis>
  <nanos>450100</nanos>
  <sequence>370</sequence>
  <level>START</level>
  <class>com.kms.katalon.core.logging.XmlKeywordLogger</class>
  <method>startKeyword</method>
  <thread>1</thread>
  <message>Start action : waitForPageLoad(LOCAL_PAGELOAD)</message>
  <nestedLevel>1</nestedLevel>
  <escapedJava>false</escapedJava>
  <property name="startLine">23</property>
  <property name="stepIndex">11</property>
</record>
<record>
  <date>2026-01-06T02:48:08.464465400Z</date>
  <millis>1767667688464</millis>
  <nanos>465400</nanos>
  <sequence>374</sequence>
  <level>PASSED</level>
  <class>com.kms.katalon.core.logging.XmlKeywordLogger</class>
  <method>logMessage</method>
  <thread>1</thread>
  <message>Wait for page load successfully</message>
  <nestedLevel>2</nestedLevel>
  <escapedJava>false</escapedJava>
  <property name="testops-method-name">com.kms.katalon.core.webui.keyword.internal.WebUIKeywordMain$runKeyword.call</property>
  <property name="testops-execution-stacktrace">com.kms.katalon.core.logging.KeywordLogger.logPassed(KeywordLogger.java:332)
com.kms.katalon.core.logging.KeywordLogger.logPassed(KeywordLogger.java:327)
com.kms.katalon.core.logging.KeywordLogger$logPassed$0.call(Unknown Source)
com.kms.katalon.core.webui.keyword.builtin.WaitForPageLoadKeyword$_waitForPageLoad_closure1.doCall(WaitForPageLoadKeyword.groovy:94)
com.kms.katalon.core.webui.keyword.builtin.WaitForPageLoadKeyword$_waitForPageLoad_closure1.doCall(WaitForPageLoadKeyword.groovy)
java.base/jdk.internal.reflect.NativeMethodAccessorImpl.invoke0(Native Method)
java.base/jdk.internal.reflect.NativeMethodAccessorImpl.invoke(NativeMethodAccessorImpl.java:77)
java.base/jdk.internal.reflect.DelegatingMethodAccessorImpl.invoke(DelegatingMethodAccessorImpl.java:43)
com.kms.katalon.core.webui.keyword.internal.WebUIKeywordMain.runKeyword(WebUIKeywordMain.groovy:41)
com.kms.katalon.core.webui.keyword.internal.WebUIKeywordMain$runKeyword.call(Unknown Source)
com.kms.katalon.core.webui.keyword.builtin.WaitForPageLoadKeyword.waitForPageLoad(WaitForPageLoadKeyword.groovy:95)
com.kms.katalon.core.webui.keyword.builtin.WaitForPageLoadKeyword.execute(WaitForPageLoadKeyword.groovy:68)
com.kms.katalon.core.keyword.internal.KeywordExecutor.executeKeywordForPlatform(KeywordExecutor.groovy:90)
com.kms.katalon.core.webui.keyword.WebUiBuiltInKeywords.waitForPageLoad(WebUiBuiltInKeywords.groovy:2558)
LG-01.run(LG-01:23)
</property>
</record>
<record>
  <date>2026-01-06T02:48:08.466449100Z</date>
  <millis>1767667688466</millis>
  <nanos>449100</nanos>
  <sequence>375</sequence>
  <level>END</level>
  <class>com.kms.katalon.core.logging.XmlKeywordLogger</class>
  <method>endKeyword</method>
  <thread>1</thread>
  <message>End action : waitForPageLoad(LOCAL_PAGELOAD)</message>
  <nestedLevel>1</nestedLevel>
  <escapedJava>false</escapedJava>
</record>
<record>
  <date>2026-01-06T02:48:08.466449100Z</date>
  <millis>1767667688466</millis>
  <nanos>449100</nanos>
  <sequence>376</sequence>
  <level>START</level>
  <class>com.kms.katalon.core.logging.XmlKeywordLogger</class>
  <method>startKeyword</method>
  <thread>1</thread>
  <message>Start action : spanAdmin = new com.kms.katalon.core.testobject.TestObject(obj_span_admin_test_1)</message>
  <nestedLevel>1</nestedLevel>
  <escapedJava>false</escapedJava>
  <property name="startLine">29</property>
  <property name="stepIndex">12</property>
</record>
<record>
  <date>2026-01-06T02:48:08.466449100Z</date>
  <millis>1767667688466</millis>
  <nanos>449100</nanos>
  <sequence>377</sequence>
  <level>END</level>
  <class>com.kms.katalon.core.logging.XmlKeywordLogger</class>
  <method>endKeyword</method>
  <thread>1</thread>
  <message>End action : spanAdmin = new com.kms.katalon.core.testobject.TestObject(obj_span_admin_test_1)</message>
  <nestedLevel>1</nestedLevel>
  <escapedJava>false</escapedJava>
</record>
<record>
  <date>2026-01-06T02:48:08.467447300Z</date>
  <millis>1767667688467</millis>
  <nanos>447300</nanos>
  <sequence>378</sequence>
  <level>START</level>
  <class>com.kms.katalon.core.logging.XmlKeywordLogger</class>
  <method>startKeyword</method>
  <thread>1</thread>
  <message>Start action : spanAdmin.addProperty(&amp;quot;xpath&amp;quot;, EQUALS, &amp;quot;//button[.//span[contains(normalize-space(), &amp;apos;test&amp;apos;)]]&amp;quot;)</message>
  <nestedLevel>1</nestedLevel>
  <escapedJava>false</escapedJava>
  <property name="startLine">30</property>
  <property name="stepIndex">13</property>
</record>
<record>
  <date>2026-01-06T02:48:08.467447300Z</date>
  <millis>1767667688467</millis>
  <nanos>447300</nanos>
  <sequence>379</sequence>
  <level>END</level>
  <class>com.kms.katalon.core.logging.XmlKeywordLogger</class>
  <method>endKeyword</method>
  <thread>1</thread>
  <message>End action : spanAdmin.addProperty(&amp;quot;xpath&amp;quot;, EQUALS, &amp;quot;//button[.//span[contains(normalize-space(), &amp;apos;test&amp;apos;)]]&amp;quot;)</message>
  <nestedLevel>1</nestedLevel>
  <escapedJava>false</escapedJava>
</record>
<record>
  <date>2026-01-06T02:48:08.467447300Z</date>
  <millis>1767667688467</millis>
  <nanos>447300</nanos>
  <sequence>380</sequence>
  <level>START</level>
  <class>com.kms.katalon.core.logging.XmlKeywordLogger</class>
  <method>startKeyword</method>
  <thread>1</thread>
  <message>Start action : iExitToApp = new com.kms.katalon.core.testobject.TestObject(obj_i_exit_to_app)</message>
  <nestedLevel>1</nestedLevel>
  <escapedJava>false</escapedJava>
  <property name="startLine">36</property>
  <property name="stepIndex">14</property>
</record>
<record>
  <date>2026-01-06T02:48:08.468450800Z</date>
  <millis>1767667688468</millis>
  <nanos>450800</nanos>
  <sequence>381</sequence>
  <level>END</level>
  <class>com.kms.katalon.core.logging.XmlKeywordLogger</class>
  <method>endKeyword</method>
  <thread>1</thread>
  <message>End action : iExitToApp = new com.kms.katalon.core.testobject.TestObject(obj_i_exit_to_app)</message>
  <nestedLevel>1</nestedLevel>
  <escapedJava>false</escapedJava>
</record>
<record>
  <date>2026-01-06T02:48:08.468450800Z</date>
  <millis>1767667688468</millis>
  <nanos>450800</nanos>
  <sequence>382</sequence>
  <level>START</level>
  <class>com.kms.katalon.core.logging.XmlKeywordLogger</class>
  <method>startKeyword</method>
  <thread>1</thread>
  <message>Start action : iExitToApp.addProperty(&amp;quot;xpath&amp;quot;, EQUALS, &amp;quot;//i[normalize-space(text())=&amp;apos;exit_to_app&amp;apos;]&amp;quot;)</message>
  <nestedLevel>1</nestedLevel>
  <escapedJava>false</escapedJava>
  <property name="startLine">37</property>
  <property name="stepIndex">15</property>
</record>
<record>
  <date>2026-01-06T02:48:08.469449900Z</date>
  <millis>1767667688469</millis>
  <nanos>449900</nanos>
  <sequence>383</sequence>
  <level>END</level>
  <class>com.kms.katalon.core.logging.XmlKeywordLogger</class>
  <method>endKeyword</method>
  <thread>1</thread>
  <message>End action : iExitToApp.addProperty(&amp;quot;xpath&amp;quot;, EQUALS, &amp;quot;//i[normalize-space(text())=&amp;apos;exit_to_app&amp;apos;]&amp;quot;)</message>
  <nestedLevel>1</nestedLevel>
  <escapedJava>false</escapedJava>
</record>
<record>
  <date>2026-01-06T02:48:08.469449900Z</date>
  <millis>1767667688469</millis>
  <nanos>449900</nanos>
  <sequence>384</sequence>
  <level>START</level>
  <class>com.kms.katalon.core.logging.XmlKeywordLogger</class>
  <method>startKeyword</method>
  <thread>1</thread>
  <message>Start action : userNameInput = new com.kms.katalon.core.testobject.TestObject(obj_input_userName)</message>
  <nestedLevel>1</nestedLevel>
  <escapedJava>false</escapedJava>
  <property name="startLine">43</property>
  <property name="stepIndex">16</property>
</record>
<record>
  <date>2026-01-06T02:48:08.469449900Z</date>
  <millis>1767667688469</millis>
  <nanos>449900</nanos>
  <sequence>385</sequence>
  <level>END</level>
  <class>com.kms.katalon.core.logging.XmlKeywordLogger</class>
  <method>endKeyword</method>
  <thread>1</thread>
  <message>End action : userNameInput = new com.kms.katalon.core.testobject.TestObject(obj_input_userName)</message>
  <nestedLevel>1</nestedLevel>
  <escapedJava>false</escapedJava>
</record>
<record>
  <date>2026-01-06T02:48:08.470456100Z</date>
  <millis>1767667688470</millis>
  <nanos>456100</nanos>
  <sequence>386</sequence>
  <level>START</level>
  <class>com.kms.katalon.core.logging.XmlKeywordLogger</class>
  <method>startKeyword</method>
  <thread>1</thread>
  <message>Start action : userNameInput.addProperty(&amp;quot;id&amp;quot;, EQUALS, &amp;quot;userName&amp;quot;)</message>
  <nestedLevel>1</nestedLevel>
  <escapedJava>false</escapedJava>
  <property name="startLine">44</property>
  <property name="stepIndex">17</property>
</record>
<record>
  <date>2026-01-06T02:48:08.470456100Z</date>
  <millis>1767667688470</millis>
  <nanos>456100</nanos>
  <sequence>387</sequence>
  <level>END</level>
  <class>com.kms.katalon.core.logging.XmlKeywordLogger</class>
  <method>endKeyword</method>
  <thread>1</thread>
  <message>End action : userNameInput.addProperty(&amp;quot;id&amp;quot;, EQUALS, &amp;quot;userName&amp;quot;)</message>
  <nestedLevel>1</nestedLevel>
  <escapedJava>false</escapedJava>
</record>
<record>
  <date>2026-01-06T02:48:08.471450Z</date>
  <millis>1767667688471</millis>
  <nanos>450000</nanos>
  <sequence>388</sequence>
  <level>START</level>
  <class>com.kms.katalon.core.logging.XmlKeywordLogger</class>
  <method>startKeyword</method>
  <thread>1</thread>
  <message>Start action : currentUrl = getUrl()</message>
  <nestedLevel>1</nestedLevel>
  <escapedJava>false</escapedJava>
  <property name="startLine">62</property>
  <property name="stepIndex">18</property>
</record>
<record>
  <date>2026-01-06T02:48:08.482451300Z</date>
  <millis>1767667688482</millis>
  <nanos>451300</nanos>
  <sequence>391</sequence>
  <level>PASSED</level>
  <class>com.kms.katalon.core.logging.XmlKeywordLogger</class>
  <method>logMessage</method>
  <thread>1</thread>
  <message>Current window&amp;apos;s url is: &amp;apos;https://qa.engagement.magiqdev.cloud/login&amp;apos;</message>
  <nestedLevel>2</nestedLevel>
  <escapedJava>false</escapedJava>
  <property name="testops-method-name">com.kms.katalon.core.webui.keyword.builtin.GetUrlKeyword.getUrl</property>
  <property name="testops-execution-stacktrace"></property>
</record>
<record>
  <date>2026-01-06T02:48:08.483448700Z</date>
  <millis>1767667688483</millis>
  <nanos>448700</nanos>
  <sequence>392</sequence>
  <level>END</level>
  <class>com.kms.katalon.core.logging.XmlKeywordLogger</class>
  <method>endKeyword</method>
  <thread>1</thread>
  <message>End action : currentUrl = getUrl()</message>
  <nestedLevel>1</nestedLevel>
  <escapedJava>false</escapedJava>
</record>
<record>
  <date>2026-01-06T02:48:08.483448700Z</date>
  <millis>1767667688483</millis>
  <nanos>448700</nanos>
  <sequence>393</sequence>
  <level>START</level>
  <class>com.kms.katalon.core.logging.XmlKeywordLogger</class>
  <method>startKeyword</method>
  <thread>1</thread>
  <message>Start action : if (currentUrl == &amp;quot;https://qa.engagement.magiqdev.cloud/news&amp;quot;)</message>
  <nestedLevel>1</nestedLevel>
  <escapedJava>false</escapedJava>
  <property name="startLine">64</property>
  <property name="stepIndex">19</property>
</record>
<record>
  <date>2026-01-06T02:48:08.484448400Z</date>
  <millis>1767667688484</millis>
  <nanos>448400</nanos>
  <sequence>394</sequence>
  <level>END</level>
  <class>com.kms.katalon.core.logging.XmlKeywordLogger</class>
  <method>endKeyword</method>
  <thread>1</thread>
  <message>End action : if (currentUrl == &amp;quot;https://qa.engagement.magiqdev.cloud/news&amp;quot;)</message>
  <nestedLevel>1</nestedLevel>
  <escapedJava>false</escapedJava>
</record>
<record>
  <date>2026-01-06T02:48:08.484448400Z</date>
  <millis>1767667688484</millis>
  <nanos>448400</nanos>
  <sequence>395</sequence>
  <level>START</level>
  <class>com.kms.katalon.core.logging.XmlKeywordLogger</class>
  <method>startKeyword</method>
  <thread>1</thread>
  <message>Start action : userNameField = new com.kms.katalon.core.testobject.TestObject(userName)</message>
  <nestedLevel>1</nestedLevel>
  <escapedJava>false</escapedJava>
  <property name="startLine">100</property>
  <property name="stepIndex">20</property>
</record>
<record>
  <date>2026-01-06T02:48:08.485449700Z</date>
  <millis>1767667688485</millis>
  <nanos>449700</nanos>
  <sequence>396</sequence>
  <level>END</level>
  <class>com.kms.katalon.core.logging.XmlKeywordLogger</class>
  <method>endKeyword</method>
  <thread>1</thread>
  <message>End action : userNameField = new com.kms.katalon.core.testobject.TestObject(userName)</message>
  <nestedLevel>1</nestedLevel>
  <escapedJava>false</escapedJava>
</record>
<record>
  <date>2026-01-06T02:48:08.485449700Z</date>
  <millis>1767667688485</millis>
  <nanos>449700</nanos>
  <sequence>397</sequence>
  <level>START</level>
  <class>com.kms.katalon.core.logging.XmlKeywordLogger</class>
  <method>startKeyword</method>
  <thread>1</thread>
  <message>Start action : userNameField.addProperty(&amp;quot;id&amp;quot;, EQUALS, &amp;quot;userName&amp;quot;)</message>
  <nestedLevel>1</nestedLevel>
  <escapedJava>false</escapedJava>
  <property name="startLine">101</property>
  <property name="stepIndex">21</property>
</record>
<record>
  <date>2026-01-06T02:48:08.485449700Z</date>
  <millis>1767667688485</millis>
  <nanos>449700</nanos>
  <sequence>398</sequence>
  <level>END</level>
  <class>com.kms.katalon.core.logging.XmlKeywordLogger</class>
  <method>endKeyword</method>
  <thread>1</thread>
  <message>End action : userNameField.addProperty(&amp;quot;id&amp;quot;, EQUALS, &amp;quot;userName&amp;quot;)</message>
  <nestedLevel>1</nestedLevel>
  <escapedJava>false</escapedJava>
</record>
<record>
  <date>2026-01-06T02:48:08.486448600Z</date>
  <millis>1767667688486</millis>
  <nanos>448600</nanos>
  <sequence>399</sequence>
  <level>START</level>
  <class>com.kms.katalon.core.logging.XmlKeywordLogger</class>
  <method>startKeyword</method>
  <thread>1</thread>
  <message>Start action : passwordField = new com.kms.katalon.core.testobject.TestObject(password)</message>
  <nestedLevel>1</nestedLevel>
  <escapedJava>false</escapedJava>
  <property name="startLine">103</property>
  <property name="stepIndex">22</property>
</record>
<record>
  <date>2026-01-06T02:48:08.486448600Z</date>
  <millis>1767667688486</millis>
  <nanos>448600</nanos>
  <sequence>400</sequence>
  <level>END</level>
  <class>com.kms.katalon.core.logging.XmlKeywordLogger</class>
  <method>endKeyword</method>
  <thread>1</thread>
  <message>End action : passwordField = new com.kms.katalon.core.testobject.TestObject(password)</message>
  <nestedLevel>1</nestedLevel>
  <escapedJava>false</escapedJava>
</record>
<record>
  <date>2026-01-06T02:48:08.486448600Z</date>
  <millis>1767667688486</millis>
  <nanos>448600</nanos>
  <sequence>401</sequence>
  <level>START</level>
  <class>com.kms.katalon.core.logging.XmlKeywordLogger</class>
  <method>startKeyword</method>
  <thread>1</thread>
  <message>Start action : passwordField.addProperty(&amp;quot;xpath&amp;quot;, EQUALS, &amp;quot;//input[@type=&amp;apos;password&amp;apos; or contains(@aria-label,&amp;apos;password&amp;apos;) or contains(@placeholder,&amp;apos;Password&amp;apos;)]&amp;quot;)</message>
  <nestedLevel>1</nestedLevel>
  <escapedJava>false</escapedJava>
  <property name="startLine">104</property>
  <property name="stepIndex">23</property>
</record>
<record>
  <date>2026-01-06T02:48:08.487450Z</date>
  <millis>1767667688487</millis>
  <nanos>450000</nanos>
  <sequence>402</sequence>
  <level>END</level>
  <class>com.kms.katalon.core.logging.XmlKeywordLogger</class>
  <method>endKeyword</method>
  <thread>1</thread>
  <message>End action : passwordField.addProperty(&amp;quot;xpath&amp;quot;, EQUALS, &amp;quot;//input[@type=&amp;apos;password&amp;apos; or contains(@aria-label,&amp;apos;password&amp;apos;) or contains(@placeholder,&amp;apos;Password&amp;apos;)]&amp;quot;)</message>
  <nestedLevel>1</nestedLevel>
  <escapedJava>false</escapedJava>
</record>
<record>
  <date>2026-01-06T02:48:08.487450Z</date>
  <millis>1767667688487</millis>
  <nanos>450000</nanos>
  <sequence>403</sequence>
  <level>START</level>
  <class>com.kms.katalon.core.logging.XmlKeywordLogger</class>
  <method>startKeyword</method>
  <thread>1</thread>
  <message>Start action : loginBtn = new com.kms.katalon.core.testobject.TestObject(loginBtn)</message>
  <nestedLevel>1</nestedLevel>
  <escapedJava>false</escapedJava>
  <property name="startLine">108</property>
  <property name="stepIndex">24</property>
</record>
<record>
  <date>2026-01-06T02:48:08.487450Z</date>
  <millis>1767667688487</millis>
  <nanos>450000</nanos>
  <sequence>404</sequence>
  <level>END</level>
  <class>com.kms.katalon.core.logging.XmlKeywordLogger</class>
  <method>endKeyword</method>
  <thread>1</thread>
  <message>End action : loginBtn = new com.kms.katalon.core.testobject.TestObject(loginBtn)</message>
  <nestedLevel>1</nestedLevel>
  <escapedJava>false</escapedJava>
</record>
<record>
  <date>2026-01-06T02:48:08.487450Z</date>
  <millis>1767667688487</millis>
  <nanos>450000</nanos>
  <sequence>405</sequence>
  <level>START</level>
  <class>com.kms.katalon.core.logging.XmlKeywordLogger</class>
  <method>startKeyword</method>
  <thread>1</thread>
  <message>Start action : loginBtn.addProperty(&amp;quot;css&amp;quot;, EQUALS, &amp;quot;button.btn-login&amp;quot;)</message>
  <nestedLevel>1</nestedLevel>
  <escapedJava>false</escapedJava>
  <property name="startLine">109</property>
  <property name="stepIndex">25</property>
</record>
<record>
  <date>2026-01-06T02:48:08.488459800Z</date>
  <millis>1767667688488</millis>
  <nanos>459800</nanos>
  <sequence>406</sequence>
  <level>END</level>
  <class>com.kms.katalon.core.logging.XmlKeywordLogger</class>
  <method>endKeyword</method>
  <thread>1</thread>
  <message>End action : loginBtn.addProperty(&amp;quot;css&amp;quot;, EQUALS, &amp;quot;button.btn-login&amp;quot;)</message>
  <nestedLevel>1</nestedLevel>
  <escapedJava>false</escapedJava>
</record>
<record>
  <date>2026-01-06T02:48:08.488459800Z</date>
  <millis>1767667688488</millis>
  <nanos>459800</nanos>
  <sequence>407</sequence>
  <level>START</level>
  <class>com.kms.katalon.core.logging.XmlKeywordLogger</class>
  <method>startKeyword</method>
  <thread>1</thread>
  <message>Start action : loginBtn.addProperty(&amp;quot;xpath&amp;quot;, EQUALS, &amp;quot;//button[contains(@class,&amp;apos;btn-login&amp;apos;) or normalize-space(.)=&amp;apos;Login&amp;apos; or .//span[normalize-space(.)=&amp;apos;Login&amp;apos;]]&amp;quot;)</message>
  <nestedLevel>1</nestedLevel>
  <escapedJava>false</escapedJava>
  <property name="startLine">110</property>
  <property name="stepIndex">26</property>
</record>
<record>
  <date>2026-01-06T02:48:08.489471400Z</date>
  <millis>1767667688489</millis>
  <nanos>471400</nanos>
  <sequence>408</sequence>
  <level>END</level>
  <class>com.kms.katalon.core.logging.XmlKeywordLogger</class>
  <method>endKeyword</method>
  <thread>1</thread>
  <message>End action : loginBtn.addProperty(&amp;quot;xpath&amp;quot;, EQUALS, &amp;quot;//button[contains(@class,&amp;apos;btn-login&amp;apos;) or normalize-space(.)=&amp;apos;Login&amp;apos; or .//span[normalize-space(.)=&amp;apos;Login&amp;apos;]]&amp;quot;)</message>
  <nestedLevel>1</nestedLevel>
  <escapedJava>false</escapedJava>
</record>
<record>
  <date>2026-01-06T02:48:08.490447800Z</date>
  <millis>1767667688490</millis>
  <nanos>447800</nanos>
  <sequence>409</sequence>
  <level>START</level>
  <class>com.kms.katalon.core.logging.XmlKeywordLogger</class>
  <method>startKeyword</method>
  <thread>1</thread>
  <message>Start action : appBar = new com.kms.katalon.core.testobject.TestObject(appBar)</message>
  <nestedLevel>1</nestedLevel>
  <escapedJava>false</escapedJava>
  <property name="startLine">114</property>
  <property name="stepIndex">27</property>
</record>
<record>
  <date>2026-01-06T02:48:08.492487500Z</date>
  <millis>1767667688492</millis>
  <nanos>487500</nanos>
  <sequence>410</sequence>
  <level>END</level>
  <class>com.kms.katalon.core.logging.XmlKeywordLogger</class>
  <method>endKeyword</method>
  <thread>1</thread>
  <message>End action : appBar = new com.kms.katalon.core.testobject.TestObject(appBar)</message>
  <nestedLevel>1</nestedLevel>
  <escapedJava>false</escapedJava>
</record>
<record>
  <date>2026-01-06T02:48:08.492487500Z</date>
  <millis>1767667688492</millis>
  <nanos>487500</nanos>
  <sequence>411</sequence>
  <level>START</level>
  <class>com.kms.katalon.core.logging.XmlKeywordLogger</class>
  <method>startKeyword</method>
  <thread>1</thread>
  <message>Start action : appBar.addProperty(&amp;quot;css&amp;quot;, EQUALS, &amp;quot;.mat-app-bar&amp;quot;)</message>
  <nestedLevel>1</nestedLevel>
  <escapedJava>false</escapedJava>
  <property name="startLine">115</property>
  <property name="stepIndex">28</property>
</record>
<record>
  <date>2026-01-06T02:48:08.493450900Z</date>
  <millis>1767667688493</millis>
  <nanos>450900</nanos>
  <sequence>412</sequence>
  <level>END</level>
  <class>com.kms.katalon.core.logging.XmlKeywordLogger</class>
  <method>endKeyword</method>
  <thread>1</thread>
  <message>End action : appBar.addProperty(&amp;quot;css&amp;quot;, EQUALS, &amp;quot;.mat-app-bar&amp;quot;)</message>
  <nestedLevel>1</nestedLevel>
  <escapedJava>false</escapedJava>
</record>
<record>
  <date>2026-01-06T02:48:08.493450900Z</date>
  <millis>1767667688493</millis>
  <nanos>450900</nanos>
  <sequence>413</sequence>
  <level>START</level>
  <class>com.kms.katalon.core.logging.XmlKeywordLogger</class>
  <method>startKeyword</method>
  <thread>1</thread>
  <message>Start action : appBar.addProperty(&amp;quot;xpath&amp;quot;, EQUALS, &amp;quot;//*[contains(@class,&amp;apos;mat-app-bar&amp;apos;)]&amp;quot;)</message>
  <nestedLevel>1</nestedLevel>
  <escapedJava>false</escapedJava>
  <property name="startLine">116</property>
  <property name="stepIndex">29</property>
</record>
<record>
  <date>2026-01-06T02:48:08.494449500Z</date>
  <millis>1767667688494</millis>
  <nanos>449500</nanos>
  <sequence>414</sequence>
  <level>END</level>
  <class>com.kms.katalon.core.logging.XmlKeywordLogger</class>
  <method>endKeyword</method>
  <thread>1</thread>
  <message>End action : appBar.addProperty(&amp;quot;xpath&amp;quot;, EQUALS, &amp;quot;//*[contains(@class,&amp;apos;mat-app-bar&amp;apos;)]&amp;quot;)</message>
  <nestedLevel>1</nestedLevel>
  <escapedJava>false</escapedJava>
</record>
<record>
  <date>2026-01-06T02:48:08.495451200Z</date>
  <millis>1767667688495</millis>
  <nanos>451200</nanos>
  <sequence>415</sequence>
  <level>START</level>
  <class>com.kms.katalon.core.logging.XmlKeywordLogger</class>
  <method>startKeyword</method>
  <thread>1</thread>
  <message>Start action : usernameVisible = false</message>
  <nestedLevel>1</nestedLevel>
  <escapedJava>false</escapedJava>
  <property name="startLine">119</property>
  <property name="stepIndex">30</property>
</record>
<record>
  <date>2026-01-06T02:48:08.495451200Z</date>
  <millis>1767667688495</millis>
  <nanos>451200</nanos>
  <sequence>416</sequence>
  <level>END</level>
  <class>com.kms.katalon.core.logging.XmlKeywordLogger</class>
  <method>endKeyword</method>
  <thread>1</thread>
  <message>End action : usernameVisible = false</message>
  <nestedLevel>1</nestedLevel>
  <escapedJava>false</escapedJava>
</record>
<record>
  <date>2026-01-06T02:48:08.497465900Z</date>
  <millis>1767667688497</millis>
  <nanos>465900</nanos>
  <sequence>417</sequence>
  <level>START</level>
  <class>com.kms.katalon.core.logging.XmlKeywordLogger</class>
  <method>startKeyword</method>
  <thread>1</thread>
  <message>Start action : attempts = 0</message>
  <nestedLevel>1</nestedLevel>
  <escapedJava>false</escapedJava>
  <property name="startLine">120</property>
  <property name="stepIndex">31</property>
</record>
<record>
  <date>2026-01-06T02:48:08.500457500Z</date>
  <millis>1767667688500</millis>
  <nanos>457500</nanos>
  <sequence>418</sequence>
  <level>END</level>
  <class>com.kms.katalon.core.logging.XmlKeywordLogger</class>
  <method>endKeyword</method>
  <thread>1</thread>
  <message>End action : attempts = 0</message>
  <nestedLevel>1</nestedLevel>
  <escapedJava>false</escapedJava>
</record>
<record>
  <date>2026-01-06T02:48:08.500457500Z</date>
  <millis>1767667688500</millis>
  <nanos>457500</nanos>
  <sequence>419</sequence>
  <level>START</level>
  <class>com.kms.katalon.core.logging.XmlKeywordLogger</class>
  <method>startKeyword</method>
  <thread>1</thread>
  <message>Start action : usernameVisible = waitForElementVisible(userNameField, 3, OPTIONAL)</message>
  <nestedLevel>1</nestedLevel>
  <escapedJava>false</escapedJava>
  <property name="startLine">123</property>
  <property name="stepIndex">32</property>
</record>
<record>
  <date>2026-01-06T02:48:11.529884900Z</date>
  <millis>1767667691529</millis>
  <nanos>884900</nanos>
  <sequence>425</sequence>
  <level>PASSED</level>
  <class>com.kms.katalon.core.logging.XmlKeywordLogger</class>
  <method>logMessage</method>
  <thread>1</thread>
  <message>Object &amp;apos;userName&amp;apos; is visible</message>
  <nestedLevel>2</nestedLevel>
  <escapedJava>false</escapedJava>
  <property name="testops-method-name">com.kms.katalon.core.webui.keyword.internal.WebUIKeywordMain.runKeywordUntilTimeout</property>
  <property name="testops-execution-stacktrace">com.kms.katalon.core.logging.KeywordLogger.logPassed(KeywordLogger.java:332)
com.kms.katalon.core.logging.KeywordLogger.logPassed(KeywordLogger.java:327)
com.kms.katalon.core.logging.KeywordLogger$logPassed$0.call(Unknown Source)
com.kms.katalon.core.webui.keyword.builtin.WaitForElementVisibleKeyword$_waitForElementVisible_closure1.doCall(WaitForElementVisibleKeyword.groovy:86)
java.base/jdk.internal.reflect.NativeMethodAccessorImpl.invoke0(Native Method)
java.base/jdk.internal.reflect.NativeMethodAccessorImpl.invoke(NativeMethodAccessorImpl.java:77)
java.base/jdk.internal.reflect.DelegatingMethodAccessorImpl.invoke(DelegatingMethodAccessorImpl.java:43)
jdk.proxy2/jdk.proxy2.$Proxy50.execute(Unknown Source)
com.kms.katalon.core.webui.model.SeleniumActionRetryController.performAction(SeleniumActionRetryController.java:96)
com.kms.katalon.core.webui.model.SeleniumActionRetryController.performAction(SeleniumActionRetryController.java:83)
com.kms.katalon.core.webui.keyword.internal.WebUIKeywordMain$_runKeywordUntilTimeout_closure2.doCall(WebUIKeywordMain.groovy:155)
com.kms.katalon.core.webui.keyword.internal.WebUIKeywordMain$_runKeywordUntilTimeout_closure2.call(WebUIKeywordMain.groovy)
com.kms.katalon.core.webui.keyword.internal.WebUIKeywordMain.runKeyword(WebUIKeywordMain.groovy:41)
com.kms.katalon.core.webui.keyword.internal.WebUIKeywordMain.runKeywordUntilTimeout(WebUIKeywordMain.groovy:152)
com.kms.katalon.core.webui.keyword.internal.WebUIKeywordMain$runKeywordUntilTimeout$0.call(Unknown Source)
com.kms.katalon.core.webui.keyword.builtin.WaitForElementVisibleKeyword.waitForElementVisible(WaitForElementVisibleKeyword.groovy:101)
com.kms.katalon.core.webui.keyword.builtin.WaitForElementVisibleKeyword.execute(WaitForElementVisibleKeyword.groovy:69)
com.kms.katalon.core.keyword.internal.KeywordExecutor.executeKeywordForPlatform(KeywordExecutor.groovy:90)
com.kms.katalon.core.webui.keyword.WebUiBuiltInKeywords.waitForElementVisible(WebUiBuiltInKeywords.groovy:498)
LG-01.run(LG-01:123)
</property>
</record>
<record>
  <date>2026-01-06T02:48:11.530888100Z</date>
  <millis>1767667691530</millis>
  <nanos>888100</nanos>
  <sequence>426</sequence>
  <level>END</level>
  <class>com.kms.katalon.core.logging.XmlKeywordLogger</class>
  <method>endKeyword</method>
  <thread>1</thread>
  <message>End action : usernameVisible = waitForElementVisible(userNameField, 3, OPTIONAL)</message>
  <nestedLevel>1</nestedLevel>
  <escapedJava>false</escapedJava>
</record>
<record>
  <date>2026-01-06T02:48:11.530888100Z</date>
  <millis>1767667691530</millis>
  <nanos>888100</nanos>
  <sequence>427</sequence>
  <level>START</level>
  <class>com.kms.katalon.core.logging.XmlKeywordLogger</class>
  <method>startKeyword</method>
  <thread>1</thread>
  <message>Start action : if (!(usernameVisible))</message>
  <nestedLevel>1</nestedLevel>
  <escapedJava>false</escapedJava>
  <property name="startLine">126</property>
  <property name="stepIndex">33</property>
</record>
<record>
  <date>2026-01-06T02:48:11.531886500Z</date>
  <millis>1767667691531</millis>
  <nanos>886500</nanos>
  <sequence>428</sequence>
  <level>END</level>
  <class>com.kms.katalon.core.logging.XmlKeywordLogger</class>
  <method>endKeyword</method>
  <thread>1</thread>
  <message>End action : if (!(usernameVisible))</message>
  <nestedLevel>1</nestedLevel>
  <escapedJava>false</escapedJava>
</record>
<record>
  <date>2026-01-06T02:48:11.531886500Z</date>
  <millis>1767667691531</millis>
  <nanos>886500</nanos>
  <sequence>429</sequence>
  <level>START</level>
  <class>com.kms.katalon.core.logging.XmlKeywordLogger</class>
  <method>startKeyword</method>
  <thread>1</thread>
  <message>Start action : if (!(usernameVisible))</message>
  <nestedLevel>1</nestedLevel>
  <escapedJava>false</escapedJava>
  <property name="startLine">138</property>
  <property name="stepIndex">34</property>
</record>
<record>
  <date>2026-01-06T02:48:11.533885900Z</date>
  <millis>1767667691533</millis>
  <nanos>885900</nanos>
  <sequence>430</sequence>
  <level>END</level>
  <class>com.kms.katalon.core.logging.XmlKeywordLogger</class>
  <method>endKeyword</method>
  <thread>1</thread>
  <message>End action : if (!(usernameVisible))</message>
  <nestedLevel>1</nestedLevel>
  <escapedJava>false</escapedJava>
</record>
<record>
  <date>2026-01-06T02:48:11.533885900Z</date>
  <millis>1767667691533</millis>
  <nanos>885900</nanos>
  <sequence>431</sequence>
  <level>START</level>
  <class>com.kms.katalon.core.logging.XmlKeywordLogger</class>
  <method>startKeyword</method>
  <thread>1</thread>
  <message>Start action : setText(userNameField, &amp;quot;admin1test@gmail.com&amp;quot;)</message>
  <nestedLevel>1</nestedLevel>
  <escapedJava>false</escapedJava>
  <property name="startLine">145</property>
  <property name="stepIndex">35</property>
</record>
<record>
  <date>2026-01-06T02:48:12.173088Z</date>
  <millis>1767667692173</millis>
  <nanos>88000</nanos>
  <sequence>444</sequence>
  <level>PASSED</level>
  <class>com.kms.katalon.core.logging.XmlKeywordLogger</class>
  <method>logMessage</method>
  <thread>1</thread>
  <message>Text &amp;apos;admin1test@gmail.com&amp;apos; is set on object &amp;apos;userName&amp;apos;</message>
  <nestedLevel>2</nestedLevel>
  <escapedJava>false</escapedJava>
  <property name="testops-method-name">com.kms.katalon.core.webui.keyword.internal.WebUIKeywordMain.runKeywordUntilTimeout</property>
  <property name="testops-execution-stacktrace">com.kms.katalon.core.logging.KeywordLogger.logPassed(KeywordLogger.java:332)
com.kms.katalon.core.logging.KeywordLogger.logPassed(KeywordLogger.java:327)
com.kms.katalon.core.webui.keyword.builtin.SetTextKeyword$_setText_closure1.doCall(SetTextKeyword.groovy:99)
java.base/jdk.internal.reflect.NativeMethodAccessorImpl.invoke0(Native Method)
java.base/jdk.internal.reflect.NativeMethodAccessorImpl.invoke(NativeMethodAccessorImpl.java:77)
java.base/jdk.internal.reflect.DelegatingMethodAccessorImpl.invoke(DelegatingMethodAccessorImpl.java:43)
jdk.proxy2/jdk.proxy2.$Proxy50.execute(Unknown Source)
com.kms.katalon.core.webui.model.SeleniumActionRetryController.performAction(SeleniumActionRetryController.java:96)
com.kms.katalon.core.webui.model.SeleniumActionRetryController.performAction(SeleniumActionRetryController.java:83)
com.kms.katalon.core.webui.keyword.internal.WebUIKeywordMain$_runKeywordUntilTimeout_closure1.doCall(WebUIKeywordMain.groovy:135)
com.kms.katalon.core.webui.keyword.internal.WebUIKeywordMain$_runKeywordUntilTimeout_closure1.call(WebUIKeywordMain.groovy)
com.kms.katalon.core.webui.keyword.internal.WebUIKeywordMain.runKeyword(WebUIKeywordMain.groovy:41)
com.kms.katalon.core.webui.keyword.internal.WebUIKeywordMain.runKeywordUntilTimeout(WebUIKeywordMain.groovy:133)
com.kms.katalon.core.webui.keyword.builtin.SetTextKeyword.setText(SetTextKeyword.groovy:106)
com.kms.katalon.core.webui.keyword.builtin.SetTextKeyword.execute(SetTextKeyword.groovy:49)
com.kms.katalon.core.keyword.internal.KeywordExecutor.executeKeywordForPlatform(KeywordExecutor.groovy:90)
com.kms.katalon.core.webui.keyword.WebUiBuiltInKeywords.setText(WebUiBuiltInKeywords.groovy:1081)
LG-01.run(LG-01:145)
</property>
</record>
<record>
  <date>2026-01-06T02:48:12.175105Z</date>
  <millis>1767667692175</millis>
  <nanos>105000</nanos>
  <sequence>445</sequence>
  <level>END</level>
  <class>com.kms.katalon.core.logging.XmlKeywordLogger</class>
  <method>endKeyword</method>
  <thread>1</thread>
  <message>End action : setText(userNameField, &amp;quot;admin1test@gmail.com&amp;quot;)</message>
  <nestedLevel>1</nestedLevel>
  <escapedJava>false</escapedJava>
</record>
<record>
  <date>2026-01-06T02:48:12.175105Z</date>
  <millis>1767667692175</millis>
  <nanos>105000</nanos>
  <sequence>446</sequence>
  <level>START</level>
  <class>com.kms.katalon.core.logging.XmlKeywordLogger</class>
  <method>startKeyword</method>
  <thread>1</thread>
  <message>Start action : passwordVisible = waitForElementVisible(passwordField, WAIT_ELEMENT_BEFORE_RELOAD, OPTIONAL)</message>
  <nestedLevel>1</nestedLevel>
  <escapedJava>false</escapedJava>
  <property name="startLine">148</property>
  <property name="stepIndex">36</property>
</record>
<record>
  <date>2026-01-06T02:48:12.422149600Z</date>
  <millis>1767667692422</millis>
  <nanos>149600</nanos>
  <sequence>452</sequence>
  <level>PASSED</level>
  <class>com.kms.katalon.core.logging.XmlKeywordLogger</class>
  <method>logMessage</method>
  <thread>1</thread>
  <message>Object &amp;apos;password&amp;apos; is visible</message>
  <nestedLevel>2</nestedLevel>
  <escapedJava>false</escapedJava>
  <property name="testops-method-name">com.kms.katalon.core.webui.keyword.internal.WebUIKeywordMain.runKeywordUntilTimeout</property>
  <property name="testops-execution-stacktrace">com.kms.katalon.core.logging.KeywordLogger.logPassed(KeywordLogger.java:332)
com.kms.katalon.core.logging.KeywordLogger.logPassed(KeywordLogger.java:327)
com.kms.katalon.core.logging.KeywordLogger$logPassed$0.call(Unknown Source)
com.kms.katalon.core.webui.keyword.builtin.WaitForElementVisibleKeyword$_waitForElementVisible_closure1.doCall(WaitForElementVisibleKeyword.groovy:86)
java.base/jdk.internal.reflect.NativeMethodAccessorImpl.invoke0(Native Method)
java.base/jdk.internal.reflect.NativeMethodAccessorImpl.invoke(NativeMethodAccessorImpl.java:77)
java.base/jdk.internal.reflect.DelegatingMethodAccessorImpl.invoke(DelegatingMethodAccessorImpl.java:43)
jdk.proxy2/jdk.proxy2.$Proxy50.execute(Unknown Source)
com.kms.katalon.core.webui.model.SeleniumActionRetryController.performAction(SeleniumActionRetryController.java:96)
com.kms.katalon.core.webui.model.SeleniumActionRetryController.performAction(SeleniumActionRetryController.java:83)
com.kms.katalon.core.webui.keyword.internal.WebUIKeywordMain$_runKeywordUntilTimeout_closure2.doCall(WebUIKeywordMain.groovy:155)
com.kms.katalon.core.webui.keyword.internal.WebUIKeywordMain$_runKeywordUntilTimeout_closure2.call(WebUIKeywordMain.groovy)
com.kms.katalon.core.webui.keyword.internal.WebUIKeywordMain.runKeyword(WebUIKeywordMain.groovy:41)
com.kms.katalon.core.webui.keyword.internal.WebUIKeywordMain.runKeywordUntilTimeout(WebUIKeywordMain.groovy:152)
com.kms.katalon.core.webui.keyword.internal.WebUIKeywordMain$runKeywordUntilTimeout$0.call(Unknown Source)
com.kms.katalon.core.webui.keyword.builtin.WaitForElementVisibleKeyword.waitForElementVisible(WaitForElementVisibleKeyword.groovy:101)
com.kms.katalon.core.webui.keyword.builtin.WaitForElementVisibleKeyword.execute(WaitForElementVisibleKeyword.groovy:69)
com.kms.katalon.core.keyword.internal.KeywordExecutor.executeKeywordForPlatform(KeywordExecutor.groovy:90)
com.kms.katalon.core.webui.keyword.WebUiBuiltInKeywords.waitForElementVisible(WebUiBuiltInKeywords.groovy:498)
LG-01.run(LG-01:148)
</property>
</record>
<record>
  <date>2026-01-06T02:48:12.423148800Z</date>
  <millis>1767667692423</millis>
  <nanos>148800</nanos>
  <sequence>453</sequence>
  <level>END</level>
  <class>com.kms.katalon.core.logging.XmlKeywordLogger</class>
  <method>endKeyword</method>
  <thread>1</thread>
  <message>End action : passwordVisible = waitForElementVisible(passwordField, WAIT_ELEMENT_BEFORE_RELOAD, OPTIONAL)</message>
  <nestedLevel>1</nestedLevel>
  <escapedJava>false</escapedJava>
</record>
<record>
  <date>2026-01-06T02:48:12.423148800Z</date>
  <millis>1767667692423</millis>
  <nanos>148800</nanos>
  <sequence>454</sequence>
  <level>START</level>
  <class>com.kms.katalon.core.logging.XmlKeywordLogger</class>
  <method>startKeyword</method>
  <thread>1</thread>
  <message>Start action : if (!(passwordVisible))</message>
  <nestedLevel>1</nestedLevel>
  <escapedJava>false</escapedJava>
  <property name="startLine">149</property>
  <property name="stepIndex">37</property>
</record>
<record>
  <date>2026-01-06T02:48:12.424152200Z</date>
  <millis>1767667692424</millis>
  <nanos>152200</nanos>
  <sequence>455</sequence>
  <level>END</level>
  <class>com.kms.katalon.core.logging.XmlKeywordLogger</class>
  <method>endKeyword</method>
  <thread>1</thread>
  <message>End action : if (!(passwordVisible))</message>
  <nestedLevel>1</nestedLevel>
  <escapedJava>false</escapedJava>
</record>
<record>
  <date>2026-01-06T02:48:12.425150300Z</date>
  <millis>1767667692425</millis>
  <nanos>150300</nanos>
  <sequence>456</sequence>
  <level>START</level>
  <class>com.kms.katalon.core.logging.XmlKeywordLogger</class>
  <method>startKeyword</method>
  <thread>1</thread>
  <message>Start action : if (!(passwordVisible))</message>
  <nestedLevel>1</nestedLevel>
  <escapedJava>false</escapedJava>
  <property name="startLine">155</property>
  <property name="stepIndex">38</property>
</record>
<record>
  <date>2026-01-06T02:48:12.426154400Z</date>
  <millis>1767667692426</millis>
  <nanos>154400</nanos>
  <sequence>457</sequence>
  <level>END</level>
  <class>com.kms.katalon.core.logging.XmlKeywordLogger</class>
  <method>endKeyword</method>
  <thread>1</thread>
  <message>End action : if (!(passwordVisible))</message>
  <nestedLevel>1</nestedLevel>
  <escapedJava>false</escapedJava>
</record>
<record>
  <date>2026-01-06T02:48:12.426154400Z</date>
  <millis>1767667692426</millis>
  <nanos>154400</nanos>
  <sequence>458</sequence>
  <level>START</level>
  <class>com.kms.katalon.core.logging.XmlKeywordLogger</class>
  <method>startKeyword</method>
  <thread>1</thread>
  <message>Start action : setEncryptedText(passwordField, &amp;quot;vckfKYHQ/X5a0LrHpsIEKA==&amp;quot;)</message>
  <nestedLevel>1</nestedLevel>
  <escapedJava>false</escapedJava>
  <property name="startLine">161</property>
  <property name="stepIndex">39</property>
</record>
<record>
  <date>2026-01-06T02:48:12.782431200Z</date>
  <millis>1767667692782</millis>
  <nanos>431200</nanos>
  <sequence>470</sequence>
  <level>PASSED</level>
  <class>com.kms.katalon.core.logging.XmlKeywordLogger</class>
  <method>logMessage</method>
  <thread>1</thread>
  <message>Text ****** has been set on object &amp;apos;password&amp;apos;</message>
  <nestedLevel>2</nestedLevel>
  <escapedJava>false</escapedJava>
  <property name="testops-method-name">com.kms.katalon.core.webui.keyword.internal.WebUIKeywordMain.runKeywordUntilTimeout</property>
  <property name="testops-execution-stacktrace">com.kms.katalon.core.logging.KeywordLogger.logPassed(KeywordLogger.java:332)
com.kms.katalon.core.logging.KeywordLogger.logPassed(KeywordLogger.java:327)
com.kms.katalon.core.webui.keyword.builtin.SetEncryptedTextKeyword$_setEncryptedText_closure1.doCall(SetEncryptedTextKeyword.groovy:82)
java.base/jdk.internal.reflect.NativeMethodAccessorImpl.invoke0(Native Method)
java.base/jdk.internal.reflect.NativeMethodAccessorImpl.invoke(NativeMethodAccessorImpl.java:77)
java.base/jdk.internal.reflect.DelegatingMethodAccessorImpl.invoke(DelegatingMethodAccessorImpl.java:43)
jdk.proxy2/jdk.proxy2.$Proxy50.execute(Unknown Source)
com.kms.katalon.core.webui.model.SeleniumActionRetryController.performAction(SeleniumActionRetryController.java:96)
com.kms.katalon.core.webui.model.SeleniumActionRetryController.performAction(SeleniumActionRetryController.java:83)
com.kms.katalon.core.webui.keyword.internal.WebUIKeywordMain$_runKeywordUntilTimeout_closure1.doCall(WebUIKeywordMain.groovy:135)
com.kms.katalon.core.webui.keyword.internal.WebUIKeywordMain$_runKeywordUntilTimeout_closure1.call(WebUIKeywordMain.groovy)
com.kms.katalon.core.webui.keyword.internal.WebUIKeywordMain.runKeyword(WebUIKeywordMain.groovy:41)
com.kms.katalon.core.webui.keyword.internal.WebUIKeywordMain.runKeywordUntilTimeout(WebUIKeywordMain.groovy:133)
com.kms.katalon.core.webui.keyword.builtin.SetEncryptedTextKeyword.setEncryptedText(SetEncryptedTextKeyword.groovy:88)
com.kms.katalon.core.webui.keyword.builtin.SetEncryptedTextKeyword.execute(SetEncryptedTextKeyword.groovy:48)
com.kms.katalon.core.keyword.internal.KeywordExecutor.executeKeywordForPlatform(KeywordExecutor.groovy:90)
com.kms.katalon.core.webui.keyword.WebUiBuiltInKeywords.setEncryptedText(WebUiBuiltInKeywords.groovy:1112)
LG-01.run(LG-01:161)
</property>
</record>
<record>
  <date>2026-01-06T02:48:12.783430600Z</date>
  <millis>1767667692783</millis>
  <nanos>430600</nanos>
  <sequence>471</sequence>
  <level>END</level>
  <class>com.kms.katalon.core.logging.XmlKeywordLogger</class>
  <method>endKeyword</method>
  <thread>1</thread>
  <message>End action : setEncryptedText(passwordField, &amp;quot;vckfKYHQ/X5a0LrHpsIEKA==&amp;quot;)</message>
  <nestedLevel>1</nestedLevel>
  <escapedJava>false</escapedJava>
</record>
<record>
  <date>2026-01-06T02:48:12.784433500Z</date>
  <millis>1767667692784</millis>
  <nanos>433500</nanos>
  <sequence>472</sequence>
  <level>START</level>
  <class>com.kms.katalon.core.logging.XmlKeywordLogger</class>
  <method>startKeyword</method>
  <thread>1</thread>
  <message>Start action : loginClickable = waitForElementClickable(loginBtn, WAIT_ELEMENT_BEFORE_RELOAD, OPTIONAL)</message>
  <nestedLevel>1</nestedLevel>
  <escapedJava>false</escapedJava>
  <property name="startLine">164</property>
  <property name="stepIndex">40</property>
</record>
<record>
  <date>2026-01-06T02:48:13.031587600Z</date>
  <millis>1767667693031</millis>
  <nanos>587600</nanos>
  <sequence>478</sequence>
  <level>PASSED</level>
  <class>com.kms.katalon.core.logging.XmlKeywordLogger</class>
  <method>logMessage</method>
  <thread>1</thread>
  <message>Object &amp;apos;loginBtn&amp;apos; is NOT clickable</message>
  <nestedLevel>2</nestedLevel>
  <escapedJava>false</escapedJava>
  <property name="testops-method-name">com.kms.katalon.core.webui.keyword.internal.WebUIKeywordMain.runKeywordUntilTimeout</property>
  <property name="testops-execution-stacktrace">com.kms.katalon.core.logging.KeywordLogger.logPassed(KeywordLogger.java:332)
com.kms.katalon.core.logging.KeywordLogger.logPassed(KeywordLogger.java:327)
com.kms.katalon.core.logging.KeywordLogger$logPassed$0.call(Unknown Source)
com.kms.katalon.core.webui.keyword.builtin.WaitForElementClickableKeyword$_waitForElementClickable_closure1.doCall(WaitForElementClickableKeyword.groovy:58)
java.base/jdk.internal.reflect.NativeMethodAccessorImpl.invoke0(Native Method)
java.base/jdk.internal.reflect.NativeMethodAccessorImpl.invoke(NativeMethodAccessorImpl.java:77)
java.base/jdk.internal.reflect.DelegatingMethodAccessorImpl.invoke(DelegatingMethodAccessorImpl.java:43)
jdk.proxy2/jdk.proxy2.$Proxy50.execute(Unknown Source)
com.kms.katalon.core.webui.model.SeleniumActionRetryController.performAction(SeleniumActionRetryController.java:96)
com.kms.katalon.core.webui.model.SeleniumActionRetryController.performAction(SeleniumActionRetryController.java:83)
com.kms.katalon.core.webui.keyword.internal.WebUIKeywordMain$_runKeywordUntilTimeout_closure2.doCall(WebUIKeywordMain.groovy:155)
com.kms.katalon.core.webui.keyword.internal.WebUIKeywordMain$_runKeywordUntilTimeout_closure2.call(WebUIKeywordMain.groovy)
com.kms.katalon.core.webui.keyword.internal.WebUIKeywordMain.runKeyword(WebUIKeywordMain.groovy:41)
com.kms.katalon.core.webui.keyword.internal.WebUIKeywordMain.runKeywordUntilTimeout(WebUIKeywordMain.groovy:152)
com.kms.katalon.core.webui.keyword.internal.WebUIKeywordMain$runKeywordUntilTimeout$0.call(Unknown Source)
com.kms.katalon.core.webui.keyword.builtin.WaitForElementClickableKeyword.waitForElementClickable(WaitForElementClickableKeyword.groovy:74)
com.kms.katalon.core.webui.keyword.builtin.WaitForElementClickableKeyword.execute(WaitForElementClickableKeyword.groovy:42)
com.kms.katalon.core.keyword.internal.KeywordExecutor.executeKeywordForPlatform(KeywordExecutor.groovy:90)
com.kms.katalon.core.webui.keyword.WebUiBuiltInKeywords.waitForElementClickable(WebUiBuiltInKeywords.groovy:564)
LG-01.run(LG-01:164)
</property>
</record>
<record>
  <date>2026-01-06T02:48:13.032590500Z</date>
  <millis>1767667693032</millis>
  <nanos>590500</nanos>
  <sequence>479</sequence>
  <level>END</level>
  <class>com.kms.katalon.core.logging.XmlKeywordLogger</class>
  <method>endKeyword</method>
  <thread>1</thread>
  <message>End action : loginClickable = waitForElementClickable(loginBtn, WAIT_ELEMENT_BEFORE_RELOAD, OPTIONAL)</message>
  <nestedLevel>1</nestedLevel>
  <escapedJava>false</escapedJava>
</record>
<record>
  <date>2026-01-06T02:48:13.032590500Z</date>
  <millis>1767667693032</millis>
  <nanos>590500</nanos>
  <sequence>480</sequence>
  <level>START</level>
  <class>com.kms.katalon.core.logging.XmlKeywordLogger</class>
  <method>startKeyword</method>
  <thread>1</thread>
  <message>Start action : if (!(loginClickable))</message>
  <nestedLevel>1</nestedLevel>
  <escapedJava>false</escapedJava>
  <property name="startLine">165</property>
  <property name="stepIndex">41</property>
</record>
<record>
  <date>2026-01-06T02:48:13.033592100Z</date>
  <millis>1767667693033</millis>
  <nanos>592100</nanos>
  <sequence>481</sequence>
  <level>END</level>
  <class>com.kms.katalon.core.logging.XmlKeywordLogger</class>
  <method>endKeyword</method>
  <thread>1</thread>
  <message>End action : if (!(loginClickable))</message>
  <nestedLevel>1</nestedLevel>
  <escapedJava>false</escapedJava>
</record>
<record>
  <date>2026-01-06T02:48:13.034592600Z</date>
  <millis>1767667693034</millis>
  <nanos>592600</nanos>
  <sequence>482</sequence>
  <level>START</level>
  <class>com.kms.katalon.core.logging.XmlKeywordLogger</class>
  <method>startKeyword</method>
  <thread>1</thread>
  <message>Start action : if (!(loginClickable))</message>
  <nestedLevel>1</nestedLevel>
  <escapedJava>false</escapedJava>
  <property name="startLine">171</property>
  <property name="stepIndex">42</property>
</record>
<record>
  <date>2026-01-06T02:48:13.035589900Z</date>
  <millis>1767667693035</millis>
  <nanos>589900</nanos>
  <sequence>483</sequence>
  <level>END</level>
  <class>com.kms.katalon.core.logging.XmlKeywordLogger</class>
  <method>endKeyword</method>
  <thread>1</thread>
  <message>End action : if (!(loginClickable))</message>
  <nestedLevel>1</nestedLevel>
  <escapedJava>false</escapedJava>
</record>
<record>
  <date>2026-01-06T02:48:13.035589900Z</date>
  <millis>1767667693035</millis>
  <nanos>589900</nanos>
  <sequence>484</sequence>
  <level>START</level>
  <class>com.kms.katalon.core.logging.XmlKeywordLogger</class>
  <method>startKeyword</method>
  <thread>1</thread>
  <message>Start action : click(loginBtn)</message>
  <nestedLevel>1</nestedLevel>
  <escapedJava>false</escapedJava>
  <property name="startLine">177</property>
  <property name="stepIndex">43</property>
</record>
<record>
  <date>2026-01-06T02:48:13.368588400Z</date>
  <millis>1767667693368</millis>
  <nanos>588400</nanos>
  <sequence>494</sequence>
  <level>PASSED</level>
  <class>com.kms.katalon.core.logging.XmlKeywordLogger</class>
  <method>logMessage</method>
  <thread>1</thread>
  <message>Object: &amp;apos;loginBtn&amp;apos; is clicked on</message>
  <nestedLevel>2</nestedLevel>
  <escapedJava>false</escapedJava>
  <property name="testops-method-name">com.kms.katalon.core.webui.keyword.internal.WebUIKeywordMain.runKeywordUntilTimeout</property>
  <property name="testops-execution-stacktrace">com.kms.katalon.core.logging.KeywordLogger.logPassed(KeywordLogger.java:332)
com.kms.katalon.core.logging.KeywordLogger.logPassed(KeywordLogger.java:327)
com.kms.katalon.core.webui.keyword.builtin.ClickKeyword$_click_closure1.doCall(ClickKeyword.groovy:66)
java.base/jdk.internal.reflect.NativeMethodAccessorImpl.invoke0(Native Method)
java.base/jdk.internal.reflect.NativeMethodAccessorImpl.invoke(NativeMethodAccessorImpl.java:77)
java.base/jdk.internal.reflect.DelegatingMethodAccessorImpl.invoke(DelegatingMethodAccessorImpl.java:43)
jdk.proxy2/jdk.proxy2.$Proxy50.execute(Unknown Source)
com.kms.katalon.core.webui.model.SeleniumActionRetryController.performAction(SeleniumActionRetryController.java:96)
com.kms.katalon.core.webui.model.SeleniumActionRetryController.performAction(SeleniumActionRetryController.java:83)
com.kms.katalon.core.webui.keyword.internal.WebUIKeywordMain$_runKeywordUntilTimeout_closure1.doCall(WebUIKeywordMain.groovy:135)
com.kms.katalon.core.webui.keyword.internal.WebUIKeywordMain$_runKeywordUntilTimeout_closure1.call(WebUIKeywordMain.groovy)
com.kms.katalon.core.webui.keyword.internal.WebUIKeywordMain.runKeyword(WebUIKeywordMain.groovy:41)
com.kms.katalon.core.webui.keyword.internal.WebUIKeywordMain.runKeywordUntilTimeout(WebUIKeywordMain.groovy:133)
com.kms.katalon.core.webui.keyword.builtin.ClickKeyword.click(ClickKeyword.groovy:72)
com.kms.katalon.core.webui.keyword.builtin.ClickKeyword.execute(ClickKeyword.groovy:38)
com.kms.katalon.core.keyword.internal.KeywordExecutor.executeKeywordForPlatform(KeywordExecutor.groovy:90)
com.kms.katalon.core.webui.keyword.WebUiBuiltInKeywords.click(WebUiBuiltInKeywords.groovy:721)
LG-01.run(LG-01:177)
</property>
</record>
<record>
  <date>2026-01-06T02:48:13.369588400Z</date>
  <millis>1767667693369</millis>
  <nanos>588400</nanos>
  <sequence>495</sequence>
  <level>END</level>
  <class>com.kms.katalon.core.logging.XmlKeywordLogger</class>
  <method>endKeyword</method>
  <thread>1</thread>
  <message>End action : click(loginBtn)</message>
  <nestedLevel>1</nestedLevel>
  <escapedJava>false</escapedJava>
</record>
<record>
  <date>2026-01-06T02:48:13.370590400Z</date>
  <millis>1767667693370</millis>
  <nanos>590400</nanos>
  <sequence>496</sequence>
  <level>START</level>
  <class>com.kms.katalon.core.logging.XmlKeywordLogger</class>
  <method>startKeyword</method>
  <thread>1</thread>
  <message>Start action : appBarVisible = false</message>
  <nestedLevel>1</nestedLevel>
  <escapedJava>false</escapedJava>
  <property name="startLine">180</property>
  <property name="stepIndex">44</property>
</record>
<record>
  <date>2026-01-06T02:48:13.371591400Z</date>
  <millis>1767667693371</millis>
  <nanos>591400</nanos>
  <sequence>497</sequence>
  <level>END</level>
  <class>com.kms.katalon.core.logging.XmlKeywordLogger</class>
  <method>endKeyword</method>
  <thread>1</thread>
  <message>End action : appBarVisible = false</message>
  <nestedLevel>1</nestedLevel>
  <escapedJava>false</escapedJava>
</record>
<record>
  <date>2026-01-06T02:48:13.371591400Z</date>
  <millis>1767667693371</millis>
  <nanos>591400</nanos>
  <sequence>498</sequence>
  <level>START</level>
  <class>com.kms.katalon.core.logging.XmlKeywordLogger</class>
  <method>startKeyword</method>
  <thread>1</thread>
  <message>Start action : waited = 0</message>
  <nestedLevel>1</nestedLevel>
  <escapedJava>false</escapedJava>
  <property name="startLine">181</property>
  <property name="stepIndex">45</property>
</record>
<record>
  <date>2026-01-06T02:48:13.372590500Z</date>
  <millis>1767667693372</millis>
  <nanos>590500</nanos>
  <sequence>499</sequence>
  <level>END</level>
  <class>com.kms.katalon.core.logging.XmlKeywordLogger</class>
  <method>endKeyword</method>
  <thread>1</thread>
  <message>End action : waited = 0</message>
  <nestedLevel>1</nestedLevel>
  <escapedJava>false</escapedJava>
</record>
<record>
  <date>2026-01-06T02:48:13.372590500Z</date>
  <millis>1767667693372</millis>
  <nanos>590500</nanos>
  <sequence>500</sequence>
  <level>START</level>
  <class>com.kms.katalon.core.logging.XmlKeywordLogger</class>
  <method>startKeyword</method>
  <thread>1</thread>
  <message>Start action : step = 3</message>
  <nestedLevel>1</nestedLevel>
  <escapedJava>false</escapedJava>
  <property name="startLine">182</property>
  <property name="stepIndex">46</property>
</record>
<record>
  <date>2026-01-06T02:48:13.373589800Z</date>
  <millis>1767667693373</millis>
  <nanos>589800</nanos>
  <sequence>501</sequence>
  <level>END</level>
  <class>com.kms.katalon.core.logging.XmlKeywordLogger</class>
  <method>endKeyword</method>
  <thread>1</thread>
  <message>End action : step = 3</message>
  <nestedLevel>1</nestedLevel>
  <escapedJava>false</escapedJava>
</record>
<record>
  <date>2026-01-06T02:48:13.373589800Z</date>
  <millis>1767667693373</millis>
  <nanos>589800</nanos>
  <sequence>502</sequence>
  <level>START</level>
  <class>com.kms.katalon.core.logging.XmlKeywordLogger</class>
  <method>startKeyword</method>
  <thread>1</thread>
  <message>Start action : while (waited &amp;lt; AFTER_LOGIN_WAIT || appBarVisible)</message>
  <nestedLevel>1</nestedLevel>
  <escapedJava>false</escapedJava>
  <property name="startLine">184</property>
  <property name="stepIndex">47</property>
</record>
<record>
  <date>2026-01-06T02:48:13.374593600Z</date>
  <millis>1767667693374</millis>
  <nanos>593600</nanos>
  <sequence>503</sequence>
  <level>START</level>
  <class>com.kms.katalon.core.logging.XmlKeywordLogger</class>
  <method>startKeyword</method>
  <thread>1</thread>
  <message>Start action : if (verifyElementVisible(appBar, OPTIONAL))</message>
  <nestedLevel>2</nestedLevel>
  <escapedJava>false</escapedJava>
  <property name="startLine">185</property>
  <property name="stepIndex">1</property>
</record>
<record>
  <date>2026-01-06T02:48:19.373064700Z</date>
  <millis>1767667699373</millis>
  <nanos>64700</nanos>
  <sequence>511</sequence>
  <level>PASSED</level>
  <class>com.kms.katalon.core.logging.XmlKeywordLogger</class>
  <method>logMessage</method>
  <thread>1</thread>
  <message>Object &amp;apos;appBar&amp;apos; is visible</message>
  <nestedLevel>2</nestedLevel>
  <escapedJava>false</escapedJava>
  <property name="testops-method-name">com.kms.katalon.core.webui.keyword.internal.WebUIKeywordMain.runKeywordUntilTimeout</property>
  <property name="testops-execution-stacktrace">com.kms.katalon.core.logging.KeywordLogger.logPassed(KeywordLogger.java:332)
com.kms.katalon.core.logging.KeywordLogger.logPassed(KeywordLogger.java:327)
com.kms.katalon.core.webui.keyword.builtin.VerifyElementVisibleKeyword$_verifyElementVisible_closure1.doCall(VerifyElementVisibleKeyword.groovy:55)
java.base/jdk.internal.reflect.NativeMethodAccessorImpl.invoke0(Native Method)
java.base/jdk.internal.reflect.NativeMethodAccessorImpl.invoke(NativeMethodAccessorImpl.java:77)
java.base/jdk.internal.reflect.DelegatingMethodAccessorImpl.invoke(DelegatingMethodAccessorImpl.java:43)
jdk.proxy2/jdk.proxy2.$Proxy50.execute(Unknown Source)
com.kms.katalon.core.webui.model.SeleniumActionRetryController.performAction(SeleniumActionRetryController.java:96)
com.kms.katalon.core.webui.model.SeleniumActionRetryController.performAction(SeleniumActionRetryController.java:83)
com.kms.katalon.core.webui.keyword.internal.WebUIKeywordMain$_runKeywordUntilTimeout_closure1.doCall(WebUIKeywordMain.groovy:135)
com.kms.katalon.core.webui.keyword.internal.WebUIKeywordMain$_runKeywordUntilTimeout_closure1.call(WebUIKeywordMain.groovy)
com.kms.katalon.core.webui.keyword.internal.WebUIKeywordMain.runKeyword(WebUIKeywordMain.groovy:41)
com.kms.katalon.core.webui.keyword.internal.WebUIKeywordMain.runKeywordUntilTimeout(WebUIKeywordMain.groovy:133)
com.kms.katalon.core.webui.keyword.builtin.VerifyElementVisibleKeyword.verifyElementVisible(VerifyElementVisibleKeyword.groovy:72)
com.kms.katalon.core.webui.keyword.builtin.VerifyElementVisibleKeyword.execute(VerifyElementVisibleKeyword.groovy:37)
com.kms.katalon.core.keyword.internal.KeywordExecutor.executeKeywordForPlatform(KeywordExecutor.groovy:90)
com.kms.katalon.core.webui.keyword.WebUiBuiltInKeywords.verifyElementVisible(WebUiBuiltInKeywords.groovy:438)
LG-01.run(LG-01:185)
</property>
</record>
<record>
  <date>2026-01-06T02:48:19.374076400Z</date>
  <millis>1767667699374</millis>
  <nanos>76400</nanos>
  <sequence>512</sequence>
  <level>START</level>
  <class>com.kms.katalon.core.logging.XmlKeywordLogger</class>
  <method>startKeyword</method>
  <thread>1</thread>
  <message>Start action : appBarVisible = true</message>
  <nestedLevel>3</nestedLevel>
  <escapedJava>false</escapedJava>
  <property name="startLine">186</property>
  <property name="stepIndex">1</property>
</record>
<record>
  <date>2026-01-06T02:48:19.375078100Z</date>
  <millis>1767667699375</millis>
  <nanos>78100</nanos>
  <sequence>513</sequence>
  <level>END</level>
  <class>com.kms.katalon.core.logging.XmlKeywordLogger</class>
  <method>endKeyword</method>
  <thread>1</thread>
  <message>End action : appBarVisible = true</message>
  <nestedLevel>3</nestedLevel>
  <escapedJava>false</escapedJava>
</record>
<record>
  <date>2026-01-06T02:48:19.375078100Z</date>
  <millis>1767667699375</millis>
  <nanos>78100</nanos>
  <sequence>514</sequence>
  <level>START</level>
  <class>com.kms.katalon.core.logging.XmlKeywordLogger</class>
  <method>startKeyword</method>
  <thread>1</thread>
  <message>Start action : break</message>
  <nestedLevel>3</nestedLevel>
  <escapedJava>false</escapedJava>
  <property name="startLine">187</property>
  <property name="stepIndex">2</property>
</record>
<record>
  <date>2026-01-06T02:48:19.376075300Z</date>
  <millis>1767667699376</millis>
  <nanos>75300</nanos>
  <sequence>515</sequence>
  <level>END</level>
  <class>com.kms.katalon.core.logging.XmlKeywordLogger</class>
  <method>endKeyword</method>
  <thread>1</thread>
  <message>End action : break</message>
  <nestedLevel>3</nestedLevel>
  <escapedJava>false</escapedJava>
</record>
<record>
  <date>2026-01-06T02:48:19.376075300Z</date>
  <millis>1767667699376</millis>
  <nanos>75300</nanos>
  <sequence>516</sequence>
  <level>END</level>
  <class>com.kms.katalon.core.logging.XmlKeywordLogger</class>
  <method>endKeyword</method>
  <thread>1</thread>
  <message>End action : if (verifyElementVisible(appBar, OPTIONAL))</message>
  <nestedLevel>2</nestedLevel>
  <escapedJava>false</escapedJava>
</record>
<record>
  <date>2026-01-06T02:48:19.376075300Z</date>
  <millis>1767667699376</millis>
  <nanos>75300</nanos>
  <sequence>517</sequence>
  <level>END</level>
  <class>com.kms.katalon.core.logging.XmlKeywordLogger</class>
  <method>endKeyword</method>
  <thread>1</thread>
  <message>End action : while (waited &amp;lt; AFTER_LOGIN_WAIT || appBarVisible)</message>
  <nestedLevel>1</nestedLevel>
  <escapedJava>false</escapedJava>
</record>
<record>
  <date>2026-01-06T02:48:19.377075400Z</date>
  <millis>1767667699377</millis>
  <nanos>75400</nanos>
  <sequence>518</sequence>
  <level>START</level>
  <class>com.kms.katalon.core.logging.XmlKeywordLogger</class>
  <method>startKeyword</method>
  <thread>1</thread>
  <message>Start action : if (!(appBarVisible))</message>
  <nestedLevel>1</nestedLevel>
  <escapedJava>false</escapedJava>
  <property name="startLine">193</property>
  <property name="stepIndex">48</property>
</record>
<record>
  <date>2026-01-06T02:48:19.377075400Z</date>
  <millis>1767667699377</millis>
  <nanos>75400</nanos>
  <sequence>519</sequence>
  <level>END</level>
  <class>com.kms.katalon.core.logging.XmlKeywordLogger</class>
  <method>endKeyword</method>
  <thread>1</thread>
  <message>End action : if (!(appBarVisible))</message>
  <nestedLevel>1</nestedLevel>
  <escapedJava>false</escapedJava>
</record>
<record>
  <date>2026-01-06T02:48:19.377075400Z</date>
  <millis>1767667699377</millis>
  <nanos>75400</nanos>
  <sequence>520</sequence>
  <level>START</level>
  <class>com.kms.katalon.core.logging.XmlKeywordLogger</class>
  <method>startKeyword</method>
  <thread>1</thread>
  <message>Start action : if (appBarVisible)</message>
  <nestedLevel>1</nestedLevel>
  <escapedJava>false</escapedJava>
  <property name="startLine">209</property>
  <property name="stepIndex">49</property>
</record>
<record>
  <date>2026-01-06T02:48:19.378076700Z</date>
  <millis>1767667699378</millis>
  <nanos>76700</nanos>
  <sequence>521</sequence>
  <level>START</level>
  <class>com.kms.katalon.core.logging.XmlKeywordLogger</class>
  <method>startKeyword</method>
  <thread>1</thread>
  <message>Start action : comment(&amp;quot;Login thành công: thấy class &amp;apos;mat-app-bar&amp;apos;.&amp;quot;)</message>
  <nestedLevel>2</nestedLevel>
  <escapedJava>false</escapedJava>
  <property name="startLine">210</property>
  <property name="stepIndex">1</property>
</record>
<record>
  <date>2026-01-06T02:48:19.385109600Z</date>
  <millis>1767667699385</millis>
  <nanos>109600</nanos>
  <sequence>523</sequence>
  <level>INFO</level>
  <class>com.kms.katalon.core.logging.XmlKeywordLogger</class>
  <method>logMessage</method>
  <thread>1</thread>
  <message>Login thành công: thấy class &amp;apos;mat-app-bar&amp;apos;.</message>
  <nestedLevel>2</nestedLevel>
  <escapedJava>false</escapedJava>
</record>
<record>
  <date>2026-01-06T02:48:19.386074800Z</date>
  <millis>1767667699386</millis>
  <nanos>74800</nanos>
  <sequence>524</sequence>
  <level>END</level>
  <class>com.kms.katalon.core.logging.XmlKeywordLogger</class>
  <method>endKeyword</method>
  <thread>1</thread>
  <message>End action : comment(&amp;quot;Login thành công: thấy class &amp;apos;mat-app-bar&amp;apos;.&amp;quot;)</message>
  <nestedLevel>2</nestedLevel>
  <escapedJava>false</escapedJava>
</record>
<record>
  <date>2026-01-06T02:48:19.386074800Z</date>
  <millis>1767667699386</millis>
  <nanos>74800</nanos>
  <sequence>525</sequence>
  <level>END</level>
  <class>com.kms.katalon.core.logging.XmlKeywordLogger</class>
  <method>endKeyword</method>
  <thread>1</thread>
  <message>End action : if (appBarVisible)</message>
  <nestedLevel>1</nestedLevel>
  <escapedJava>false</escapedJava>
</record>
<record>
  <date>2026-01-06T02:48:19.386074800Z</date>
  <millis>1767667699386</millis>
  <nanos>74800</nanos>
  <sequence>526</sequence>
  <level>PASSED</level>
  <class>com.kms.katalon.core.logging.XmlKeywordLogger</class>
  <method>logMessage</method>
  <thread>1</thread>
  <message>Test Cases/Login/LG-01</message>
  <nestedLevel>2</nestedLevel>
  <escapedJava>false</escapedJava>
</record>
<record>
  <date>2026-01-06T02:48:19.386074800Z</date>
  <millis>1767667699386</millis>
  <nanos>74800</nanos>
  <sequence>527</sequence>
  <level>END</level>
  <class>com.kms.katalon.core.logging.XmlKeywordLogger</class>
  <method>endTest</method>
  <thread>1</thread>
  <message>End Test Case : Test Cases/Login/LG-01</message>
  <nestedLevel>1</nestedLevel>
  <escapedJava>false</escapedJava>
</record>
<record>
  <date>2026-01-06T02:48:19.387077100Z</date>
  <millis>1767667699387</millis>
  <nanos>77100</nanos>
  <sequence>528</sequence>
  <level>PASSED</level>
  <class>com.kms.katalon.core.logging.XmlKeywordLogger</class>
  <method>logMessage</method>
  <thread>1</thread>
  <message>Call Test Case &amp;apos;Test Cases/Login/LG-01&amp;apos; successfully</message>
  <nestedLevel>1</nestedLevel>
  <escapedJava>false</escapedJava>
  <property name="testops-method-name">com.kms.katalon.core.keyword.builtin.CallTestCaseKeyword.callTestCase</property>
  <property name="testops-execution-stacktrace"></property>
</record>
<record>
  <date>2026-01-06T02:48:19.388076500Z</date>
  <millis>1767667699388</millis>
  <nanos>76500</nanos>
  <sequence>529</sequence>
  <level>END</level>
  <class>com.kms.katalon.core.logging.XmlKeywordLogger</class>
  <method>endKeyword</method>
  <thread>1</thread>
  <message>End action : callTestCase(findTestCase(&amp;quot;Login/LG-01&amp;quot;), [:], STOP_ON_FAILURE)</message>
  <nestedLevel>1</nestedLevel>
  <escapedJava>false</escapedJava>
</record>
<record>
  <date>2026-01-06T02:48:19.388076500Z</date>
  <millis>1767667699388</millis>
  <nanos>76500</nanos>
  <sequence>530</sequence>
  <level>START</level>
  <class>com.kms.katalon.core.logging.XmlKeywordLogger</class>
  <method>startKeyword</method>
  <thread>1</thread>
  <message>Start action : PAGELOAD_TIMEOUT = 300</message>
  <nestedLevel>1</nestedLevel>
  <escapedJava>false</escapedJava>
  <property name="startLine">46</property>
  <property name="stepIndex">2</property>
</record>
<record>
  <date>2026-01-06T02:48:19.389073700Z</date>
  <millis>1767667699389</millis>
  <nanos>73700</nanos>
  <sequence>531</sequence>
  <level>END</level>
  <class>com.kms.katalon.core.logging.XmlKeywordLogger</class>
  <method>endKeyword</method>
  <thread>1</thread>
  <message>End action : PAGELOAD_TIMEOUT = 300</message>
  <nestedLevel>1</nestedLevel>
  <escapedJava>false</escapedJava>
</record>
<record>
  <date>2026-01-06T02:48:19.389073700Z</date>
  <millis>1767667699389</millis>
  <nanos>73700</nanos>
  <sequence>532</sequence>
  <level>START</level>
  <class>com.kms.katalon.core.logging.XmlKeywordLogger</class>
  <method>startKeyword</method>
  <thread>1</thread>
  <message>Start action : WAIT_FIELD = 60</message>
  <nestedLevel>1</nestedLevel>
  <escapedJava>false</escapedJava>
  <property name="startLine">47</property>
  <property name="stepIndex">3</property>
</record>
<record>
  <date>2026-01-06T02:48:19.390076Z</date>
  <millis>1767667699390</millis>
  <nanos>76000</nanos>
  <sequence>533</sequence>
  <level>END</level>
  <class>com.kms.katalon.core.logging.XmlKeywordLogger</class>
  <method>endKeyword</method>
  <thread>1</thread>
  <message>End action : WAIT_FIELD = 60</message>
  <nestedLevel>1</nestedLevel>
  <escapedJava>false</escapedJava>
</record>
<record>
  <date>2026-01-06T02:48:19.390076Z</date>
  <millis>1767667699390</millis>
  <nanos>76000</nanos>
  <sequence>534</sequence>
  <level>START</level>
  <class>com.kms.katalon.core.logging.XmlKeywordLogger</class>
  <method>startKeyword</method>
  <thread>1</thread>
  <message>Start action : MAX_RELOAD_ATTEMPTS = 1</message>
  <nestedLevel>1</nestedLevel>
  <escapedJava>false</escapedJava>
  <property name="startLine">48</property>
  <property name="stepIndex">4</property>
</record>
<record>
  <date>2026-01-06T02:48:19.391077800Z</date>
  <millis>1767667699391</millis>
  <nanos>77800</nanos>
  <sequence>535</sequence>
  <level>END</level>
  <class>com.kms.katalon.core.logging.XmlKeywordLogger</class>
  <method>endKeyword</method>
  <thread>1</thread>
  <message>End action : MAX_RELOAD_ATTEMPTS = 1</message>
  <nestedLevel>1</nestedLevel>
  <escapedJava>false</escapedJava>
</record>
<record>
  <date>2026-01-06T02:48:19.391077800Z</date>
  <millis>1767667699391</millis>
  <nanos>77800</nanos>
  <sequence>536</sequence>
  <level>START</level>
  <class>com.kms.katalon.core.logging.XmlKeywordLogger</class>
  <method>startKeyword</method>
  <thread>1</thread>
  <message>Start action : WAIT_AFTER_CLICK = 90</message>
  <nestedLevel>1</nestedLevel>
  <escapedJava>false</escapedJava>
  <property name="startLine">49</property>
  <property name="stepIndex">5</property>
</record>
<record>
  <date>2026-01-06T02:48:19.392074Z</date>
  <millis>1767667699392</millis>
  <nanos>74000</nanos>
  <sequence>537</sequence>
  <level>END</level>
  <class>com.kms.katalon.core.logging.XmlKeywordLogger</class>
  <method>endKeyword</method>
  <thread>1</thread>
  <message>End action : WAIT_AFTER_CLICK = 90</message>
  <nestedLevel>1</nestedLevel>
  <escapedJava>false</escapedJava>
</record>
<record>
  <date>2026-01-06T02:48:19.392074Z</date>
  <millis>1767667699392</millis>
  <nanos>74000</nanos>
  <sequence>538</sequence>
  <level>START</level>
  <class>com.kms.katalon.core.logging.XmlKeywordLogger</class>
  <method>startKeyword</method>
  <thread>1</thread>
  <message>Start action : WAIT_TIMEOUT = 120</message>
  <nestedLevel>1</nestedLevel>
  <escapedJava>false</escapedJava>
  <property name="startLine">50</property>
  <property name="stepIndex">6</property>
</record>
<record>
  <date>2026-01-06T02:48:19.393086300Z</date>
  <millis>1767667699393</millis>
  <nanos>86300</nanos>
  <sequence>539</sequence>
  <level>END</level>
  <class>com.kms.katalon.core.logging.XmlKeywordLogger</class>
  <method>endKeyword</method>
  <thread>1</thread>
  <message>End action : WAIT_TIMEOUT = 120</message>
  <nestedLevel>1</nestedLevel>
  <escapedJava>false</escapedJava>
</record>
<record>
  <date>2026-01-06T02:48:19.393086300Z</date>
  <millis>1767667699393</millis>
  <nanos>86300</nanos>
  <sequence>540</sequence>
  <level>START</level>
  <class>com.kms.katalon.core.logging.XmlKeywordLogger</class>
  <method>startKeyword</method>
  <thread>1</thread>
  <message>Start action : MEDIUM = 15</message>
  <nestedLevel>1</nestedLevel>
  <escapedJava>false</escapedJava>
  <property name="startLine">53</property>
  <property name="stepIndex">7</property>
</record>
<record>
  <date>2026-01-06T02:48:19.393086300Z</date>
  <millis>1767667699393</millis>
  <nanos>86300</nanos>
  <sequence>541</sequence>
  <level>END</level>
  <class>com.kms.katalon.core.logging.XmlKeywordLogger</class>
  <method>endKeyword</method>
  <thread>1</thread>
  <message>End action : MEDIUM = 15</message>
  <nestedLevel>1</nestedLevel>
  <escapedJava>false</escapedJava>
</record>
<record>
  <date>2026-01-06T02:48:19.393086300Z</date>
  <millis>1767667699393</millis>
  <nanos>86300</nanos>
  <sequence>542</sequence>
  <level>START</level>
  <class>com.kms.katalon.core.logging.XmlKeywordLogger</class>
  <method>startKeyword</method>
  <thread>1</thread>
  <message>Start action : SHORT = 5</message>
  <nestedLevel>1</nestedLevel>
  <escapedJava>false</escapedJava>
  <property name="startLine">54</property>
  <property name="stepIndex">8</property>
</record>
<record>
  <date>2026-01-06T02:48:19.394082300Z</date>
  <millis>1767667699394</millis>
  <nanos>82300</nanos>
  <sequence>543</sequence>
  <level>END</level>
  <class>com.kms.katalon.core.logging.XmlKeywordLogger</class>
  <method>endKeyword</method>
  <thread>1</thread>
  <message>End action : SHORT = 5</message>
  <nestedLevel>1</nestedLevel>
  <escapedJava>false</escapedJava>
</record>
<record>
  <date>2026-01-06T02:48:19.394082300Z</date>
  <millis>1767667699394</millis>
  <nanos>82300</nanos>
  <sequence>544</sequence>
  <level>START</level>
  <class>com.kms.katalon.core.logging.XmlKeywordLogger</class>
  <method>startKeyword</method>
  <thread>1</thread>
  <message>Start action : LONG = 30</message>
  <nestedLevel>1</nestedLevel>
  <escapedJava>false</escapedJava>
  <property name="startLine">55</property>
  <property name="stepIndex">9</property>
</record>
<record>
  <date>2026-01-06T02:48:19.396077300Z</date>
  <millis>1767667699396</millis>
  <nanos>77300</nanos>
  <sequence>545</sequence>
  <level>END</level>
  <class>com.kms.katalon.core.logging.XmlKeywordLogger</class>
  <method>endKeyword</method>
  <thread>1</thread>
  <message>End action : LONG = 30</message>
  <nestedLevel>1</nestedLevel>
  <escapedJava>false</escapedJava>
</record>
<record>
  <date>2026-01-06T02:48:19.396077300Z</date>
  <millis>1767667699396</millis>
  <nanos>77300</nanos>
  <sequence>546</sequence>
  <level>START</level>
  <class>com.kms.katalon.core.logging.XmlKeywordLogger</class>
  <method>startKeyword</method>
  <thread>1</thread>
  <message>Start action : try</message>
  <nestedLevel>1</nestedLevel>
  <escapedJava>false</escapedJava>
  <property name="startLine">57</property>
  <property name="stepIndex">10</property>
</record>
<record>
  <date>2026-01-06T02:48:19.397075400Z</date>
  <millis>1767667699397</millis>
  <nanos>75400</nanos>
  <sequence>547</sequence>
  <level>START</level>
  <class>com.kms.katalon.core.logging.XmlKeywordLogger</class>
  <method>startKeyword</method>
  <thread>1</thread>
  <message>Start action : screen = getDefaultToolkit().getScreenSize()</message>
  <nestedLevel>2</nestedLevel>
  <escapedJava>false</escapedJava>
  <property name="startLine">58</property>
  <property name="stepIndex">1</property>
</record>
<record>
  <date>2026-01-06T02:48:19.489077100Z</date>
  <millis>1767667699489</millis>
  <nanos>77100</nanos>
  <sequence>548</sequence>
  <level>END</level>
  <class>com.kms.katalon.core.logging.XmlKeywordLogger</class>
  <method>endKeyword</method>
  <thread>1</thread>
  <message>End action : screen = getDefaultToolkit().getScreenSize()</message>
  <nestedLevel>2</nestedLevel>
  <escapedJava>false</escapedJava>
</record>
<record>
  <date>2026-01-06T02:48:19.490074200Z</date>
  <millis>1767667699490</millis>
  <nanos>74200</nanos>
  <sequence>549</sequence>
  <level>START</level>
  <class>com.kms.katalon.core.logging.XmlKeywordLogger</class>
  <method>startKeyword</method>
  <thread>1</thread>
  <message>Start action : x = 5</message>
  <nestedLevel>2</nestedLevel>
  <escapedJava>false</escapedJava>
  <property name="startLine">59</property>
  <property name="stepIndex">2</property>
</record>
<record>
  <date>2026-01-06T02:48:19.491077400Z</date>
  <millis>1767667699491</millis>
  <nanos>77400</nanos>
  <sequence>550</sequence>
  <level>END</level>
  <class>com.kms.katalon.core.logging.XmlKeywordLogger</class>
  <method>endKeyword</method>
  <thread>1</thread>
  <message>End action : x = 5</message>
  <nestedLevel>2</nestedLevel>
  <escapedJava>false</escapedJava>
</record>
<record>
  <date>2026-01-06T02:48:19.491077400Z</date>
  <millis>1767667699491</millis>
  <nanos>77400</nanos>
  <sequence>551</sequence>
  <level>START</level>
  <class>com.kms.katalon.core.logging.XmlKeywordLogger</class>
  <method>startKeyword</method>
  <thread>1</thread>
  <message>Start action : y = height - 5</message>
  <nestedLevel>2</nestedLevel>
  <escapedJava>false</escapedJava>
  <property name="startLine">60</property>
  <property name="stepIndex">3</property>
</record>
<record>
  <date>2026-01-06T02:48:19.515077600Z</date>
  <millis>1767667699515</millis>
  <nanos>77600</nanos>
  <sequence>552</sequence>
  <level>END</level>
  <class>com.kms.katalon.core.logging.XmlKeywordLogger</class>
  <method>endKeyword</method>
  <thread>1</thread>
  <message>End action : y = height - 5</message>
  <nestedLevel>2</nestedLevel>
  <escapedJava>false</escapedJava>
</record>
<record>
  <date>2026-01-06T02:48:19.516077500Z</date>
  <millis>1767667699516</millis>
  <nanos>77500</nanos>
  <sequence>553</sequence>
  <level>START</level>
  <class>com.kms.katalon.core.logging.XmlKeywordLogger</class>
  <method>startKeyword</method>
  <thread>1</thread>
  <message>Start action : robot = new java.awt.Robot()</message>
  <nestedLevel>2</nestedLevel>
  <escapedJava>false</escapedJava>
  <property name="startLine">62</property>
  <property name="stepIndex">4</property>
</record>
<record>
  <date>2026-01-06T02:48:19.523077800Z</date>
  <millis>1767667699523</millis>
  <nanos>77800</nanos>
  <sequence>554</sequence>
  <level>END</level>
  <class>com.kms.katalon.core.logging.XmlKeywordLogger</class>
  <method>endKeyword</method>
  <thread>1</thread>
  <message>End action : robot = new java.awt.Robot()</message>
  <nestedLevel>2</nestedLevel>
  <escapedJava>false</escapedJava>
</record>
<record>
  <date>2026-01-06T02:48:19.524077900Z</date>
  <millis>1767667699524</millis>
  <nanos>77900</nanos>
  <sequence>555</sequence>
  <level>START</level>
  <class>com.kms.katalon.core.logging.XmlKeywordLogger</class>
  <method>startKeyword</method>
  <thread>1</thread>
  <message>Start action : robot.mouseMove(x, y)</message>
  <nestedLevel>2</nestedLevel>
  <escapedJava>false</escapedJava>
  <property name="startLine">63</property>
  <property name="stepIndex">5</property>
</record>
<record>
  <date>2026-01-06T02:48:19.531078800Z</date>
  <millis>1767667699531</millis>
  <nanos>78800</nanos>
  <sequence>556</sequence>
  <level>END</level>
  <class>com.kms.katalon.core.logging.XmlKeywordLogger</class>
  <method>endKeyword</method>
  <thread>1</thread>
  <message>End action : robot.mouseMove(x, y)</message>
  <nestedLevel>2</nestedLevel>
  <escapedJava>false</escapedJava>
</record>
<record>
  <date>2026-01-06T02:48:19.531078800Z</date>
  <millis>1767667699531</millis>
  <nanos>78800</nanos>
  <sequence>557</sequence>
  <level>START</level>
  <class>com.kms.katalon.core.logging.XmlKeywordLogger</class>
  <method>startKeyword</method>
  <thread>1</thread>
  <message>Start action : comment(🖱️ Đã di chuyển trỏ chuột tới góc trái dưới: ($x, $y))</message>
  <nestedLevel>2</nestedLevel>
  <escapedJava>false</escapedJava>
  <property name="startLine">64</property>
  <property name="stepIndex">6</property>
</record>
<record>
  <date>2026-01-06T02:48:19.555073600Z</date>
  <millis>1767667699555</millis>
  <nanos>73600</nanos>
  <sequence>559</sequence>
  <level>INFO</level>
  <class>com.kms.katalon.core.logging.XmlKeywordLogger</class>
  <method>logMessage</method>
  <thread>1</thread>
  <message>🖱️ Đã di chuyển trỏ chuột tới góc trái dưới: (5, 1075)</message>
  <nestedLevel>1</nestedLevel>
  <escapedJava>false</escapedJava>
</record>
<record>
  <date>2026-01-06T02:48:19.555073600Z</date>
  <millis>1767667699555</millis>
  <nanos>73600</nanos>
  <sequence>560</sequence>
  <level>END</level>
  <class>com.kms.katalon.core.logging.XmlKeywordLogger</class>
  <method>endKeyword</method>
  <thread>1</thread>
  <message>End action : comment(🖱️ Đã di chuyển trỏ chuột tới góc trái dưới: ($x, $y))</message>
  <nestedLevel>2</nestedLevel>
  <escapedJava>false</escapedJava>
</record>
<record>
  <date>2026-01-06T02:48:19.556109200Z</date>
  <millis>1767667699556</millis>
  <nanos>109200</nanos>
  <sequence>561</sequence>
  <level>START</level>
  <class>com.kms.katalon.core.logging.XmlKeywordLogger</class>
  <method>startKeyword</method>
  <thread>1</thread>
  <message>Start action : Thread.sleep(400)</message>
  <nestedLevel>2</nestedLevel>
  <escapedJava>false</escapedJava>
  <property name="startLine">65</property>
  <property name="stepIndex">7</property>
</record>
<record>
  <date>2026-01-06T02:48:19.968176100Z</date>
  <millis>1767667699968</millis>
  <nanos>176100</nanos>
  <sequence>562</sequence>
  <level>END</level>
  <class>com.kms.katalon.core.logging.XmlKeywordLogger</class>
  <method>endKeyword</method>
  <thread>1</thread>
  <message>End action : Thread.sleep(400)</message>
  <nestedLevel>2</nestedLevel>
  <escapedJava>false</escapedJava>
</record>
<record>
  <date>2026-01-06T02:48:19.969111Z</date>
  <millis>1767667699969</millis>
  <nanos>111000</nanos>
  <sequence>563</sequence>
  <level>END</level>
  <class>com.kms.katalon.core.logging.XmlKeywordLogger</class>
  <method>endKeyword</method>
  <thread>1</thread>
  <message>End action : try</message>
  <nestedLevel>1</nestedLevel>
  <escapedJava>false</escapedJava>
</record>
<record>
  <date>2026-01-06T02:48:19.969111Z</date>
  <millis>1767667699969</millis>
  <nanos>111000</nanos>
  <sequence>564</sequence>
  <level>START</level>
  <class>com.kms.katalon.core.logging.XmlKeywordLogger</class>
  <method>startKeyword</method>
  <thread>1</thread>
  <message>Start action : driver = getWebDriver()</message>
  <nestedLevel>1</nestedLevel>
  <escapedJava>false</escapedJava>
  <property name="startLine">73</property>
  <property name="stepIndex">13</property>
</record>
<record>
  <date>2026-01-06T02:48:19.970115100Z</date>
  <millis>1767667699970</millis>
  <nanos>115100</nanos>
  <sequence>565</sequence>
  <level>END</level>
  <class>com.kms.katalon.core.logging.XmlKeywordLogger</class>
  <method>endKeyword</method>
  <thread>1</thread>
  <message>End action : driver = getWebDriver()</message>
  <nestedLevel>1</nestedLevel>
  <escapedJava>false</escapedJava>
</record>
<record>
  <date>2026-01-06T02:48:19.970115100Z</date>
  <millis>1767667699970</millis>
  <nanos>115100</nanos>
  <sequence>566</sequence>
  <level>START</level>
  <class>com.kms.katalon.core.logging.XmlKeywordLogger</class>
  <method>startKeyword</method>
  <thread>1</thread>
  <message>Start action : bodyEl = driver.findElement(By.tagName(&amp;quot;body&amp;quot;))</message>
  <nestedLevel>1</nestedLevel>
  <escapedJava>false</escapedJava>
  <property name="startLine">74</property>
  <property name="stepIndex">14</property>
</record>
<record>
  <date>2026-01-06T02:48:20.215766400Z</date>
  <millis>1767667700215</millis>
  <nanos>766400</nanos>
  <sequence>567</sequence>
  <level>END</level>
  <class>com.kms.katalon.core.logging.XmlKeywordLogger</class>
  <method>endKeyword</method>
  <thread>1</thread>
  <message>End action : bodyEl = driver.findElement(By.tagName(&amp;quot;body&amp;quot;))</message>
  <nestedLevel>1</nestedLevel>
  <escapedJava>false</escapedJava>
</record>
<record>
  <date>2026-01-06T02:48:20.215766400Z</date>
  <millis>1767667700215</millis>
  <nanos>766400</nanos>
  <sequence>568</sequence>
  <level>START</level>
  <class>com.kms.katalon.core.logging.XmlKeywordLogger</class>
  <method>startKeyword</method>
  <thread>1</thread>
  <message>Start action : actions = new org.openqa.selenium.interactions.Actions(driver)</message>
  <nestedLevel>1</nestedLevel>
  <escapedJava>false</escapedJava>
  <property name="startLine">75</property>
  <property name="stepIndex">15</property>
</record>
<record>
  <date>2026-01-06T02:48:20.226768700Z</date>
  <millis>1767667700226</millis>
  <nanos>768700</nanos>
  <sequence>569</sequence>
  <level>END</level>
  <class>com.kms.katalon.core.logging.XmlKeywordLogger</class>
  <method>endKeyword</method>
  <thread>1</thread>
  <message>End action : actions = new org.openqa.selenium.interactions.Actions(driver)</message>
  <nestedLevel>1</nestedLevel>
  <escapedJava>false</escapedJava>
</record>
<record>
  <date>2026-01-06T02:48:20.227768300Z</date>
  <millis>1767667700227</millis>
  <nanos>768300</nanos>
  <sequence>570</sequence>
  <level>START</level>
  <class>com.kms.katalon.core.logging.XmlKeywordLogger</class>
  <method>startKeyword</method>
  <thread>1</thread>
  <message>Start action : targetX = 0</message>
  <nestedLevel>1</nestedLevel>
  <escapedJava>false</escapedJava>
  <property name="startLine">81</property>
  <property name="stepIndex">16</property>
</record>
<record>
  <date>2026-01-06T02:48:20.228770100Z</date>
  <millis>1767667700228</millis>
  <nanos>770100</nanos>
  <sequence>571</sequence>
  <level>END</level>
  <class>com.kms.katalon.core.logging.XmlKeywordLogger</class>
  <method>endKeyword</method>
  <thread>1</thread>
  <message>End action : targetX = 0</message>
  <nestedLevel>1</nestedLevel>
  <escapedJava>false</escapedJava>
</record>
<record>
  <date>2026-01-06T02:48:20.228770100Z</date>
  <millis>1767667700228</millis>
  <nanos>770100</nanos>
  <sequence>572</sequence>
  <level>START</level>
  <class>com.kms.katalon.core.logging.XmlKeywordLogger</class>
  <method>startKeyword</method>
  <thread>1</thread>
  <message>Start action : targetY = 300</message>
  <nestedLevel>1</nestedLevel>
  <escapedJava>false</escapedJava>
  <property name="startLine">82</property>
  <property name="stepIndex">17</property>
</record>
<record>
  <date>2026-01-06T02:48:20.229769200Z</date>
  <millis>1767667700229</millis>
  <nanos>769200</nanos>
  <sequence>573</sequence>
  <level>END</level>
  <class>com.kms.katalon.core.logging.XmlKeywordLogger</class>
  <method>endKeyword</method>
  <thread>1</thread>
  <message>End action : targetY = 300</message>
  <nestedLevel>1</nestedLevel>
  <escapedJava>false</escapedJava>
</record>
<record>
  <date>2026-01-06T02:48:20.230780200Z</date>
  <millis>1767667700230</millis>
  <nanos>780200</nanos>
  <sequence>574</sequence>
  <level>START</level>
  <class>com.kms.katalon.core.logging.XmlKeywordLogger</class>
  <method>startKeyword</method>
  <thread>1</thread>
  <message>Start action : moveToElement(bodyEl, targetX, targetY).perform()</message>
  <nestedLevel>1</nestedLevel>
  <escapedJava>false</escapedJava>
  <property name="startLine">84</property>
  <property name="stepIndex">18</property>
</record>
<record>
  <date>2026-01-06T02:48:20.359808300Z</date>
  <millis>1767667700359</millis>
  <nanos>808300</nanos>
  <sequence>575</sequence>
  <level>END</level>
  <class>com.kms.katalon.core.logging.XmlKeywordLogger</class>
  <method>endKeyword</method>
  <thread>1</thread>
  <message>End action : moveToElement(bodyEl, targetX, targetY).perform()</message>
  <nestedLevel>1</nestedLevel>
  <escapedJava>false</escapedJava>
</record>
<record>
  <date>2026-01-06T02:48:20.359808300Z</date>
  <millis>1767667700359</millis>
  <nanos>808300</nanos>
  <sequence>576</sequence>
  <level>START</level>
  <class>com.kms.katalon.core.logging.XmlKeywordLogger</class>
  <method>startKeyword</method>
  <thread>1</thread>
  <message>Start action : comment(🖱️ Đã move Actions tới body offset (x=$targetX, y=$targetY).)</message>
  <nestedLevel>1</nestedLevel>
  <escapedJava>false</escapedJava>
  <property name="startLine">85</property>
  <property name="stepIndex">19</property>
</record>
<record>
  <date>2026-01-06T02:48:20.361808Z</date>
  <millis>1767667700361</millis>
  <nanos>808000</nanos>
  <sequence>578</sequence>
  <level>INFO</level>
  <class>com.kms.katalon.core.logging.XmlKeywordLogger</class>
  <method>logMessage</method>
  <thread>1</thread>
  <message>🖱️ Đã move Actions tới body offset (x=0, y=300).</message>
  <nestedLevel>1</nestedLevel>
  <escapedJava>false</escapedJava>
</record>
<record>
  <date>2026-01-06T02:48:20.362819900Z</date>
  <millis>1767667700362</millis>
  <nanos>819900</nanos>
  <sequence>579</sequence>
  <level>END</level>
  <class>com.kms.katalon.core.logging.XmlKeywordLogger</class>
  <method>endKeyword</method>
  <thread>1</thread>
  <message>End action : comment(🖱️ Đã move Actions tới body offset (x=$targetX, y=$targetY).)</message>
  <nestedLevel>1</nestedLevel>
  <escapedJava>false</escapedJava>
</record>
<record>
  <date>2026-01-06T02:48:20.363811Z</date>
  <millis>1767667700363</millis>
  <nanos>811000</nanos>
  <sequence>580</sequence>
  <level>START</level>
  <class>com.kms.katalon.core.logging.XmlKeywordLogger</class>
  <method>startKeyword</method>
  <thread>1</thread>
  <message>Start action : click().perform()</message>
  <nestedLevel>1</nestedLevel>
  <escapedJava>false</escapedJava>
  <property name="startLine">88</property>
  <property name="stepIndex">20</property>
</record>
<record>
  <date>2026-01-06T02:48:20.372808800Z</date>
  <millis>1767667700372</millis>
  <nanos>808800</nanos>
  <sequence>581</sequence>
  <level>END</level>
  <class>com.kms.katalon.core.logging.XmlKeywordLogger</class>
  <method>endKeyword</method>
  <thread>1</thread>
  <message>End action : click().perform()</message>
  <nestedLevel>1</nestedLevel>
  <escapedJava>false</escapedJava>
</record>
<record>
  <date>2026-01-06T02:48:20.372808800Z</date>
  <millis>1767667700372</millis>
  <nanos>808800</nanos>
  <sequence>582</sequence>
  <level>START</level>
  <class>com.kms.katalon.core.logging.XmlKeywordLogger</class>
  <method>startKeyword</method>
  <thread>1</thread>
  <message>Start action : comment(✅ Đã click bằng Actions tại mép trái (x≈0), giữa màn hình (y≈$targetY).)</message>
  <nestedLevel>1</nestedLevel>
  <escapedJava>false</escapedJava>
  <property name="startLine">89</property>
  <property name="stepIndex">21</property>
</record>
<record>
  <date>2026-01-06T02:48:20.374805700Z</date>
  <millis>1767667700374</millis>
  <nanos>805700</nanos>
  <sequence>584</sequence>
  <level>INFO</level>
  <class>com.kms.katalon.core.logging.XmlKeywordLogger</class>
  <method>logMessage</method>
  <thread>1</thread>
  <message>✅ Đã click bằng Actions tại mép trái (x≈0), giữa màn hình (y≈300).</message>
  <nestedLevel>1</nestedLevel>
  <escapedJava>false</escapedJava>
</record>
<record>
  <date>2026-01-06T02:48:20.375805800Z</date>
  <millis>1767667700375</millis>
  <nanos>805800</nanos>
  <sequence>585</sequence>
  <level>END</level>
  <class>com.kms.katalon.core.logging.XmlKeywordLogger</class>
  <method>endKeyword</method>
  <thread>1</thread>
  <message>End action : comment(✅ Đã click bằng Actions tại mép trái (x≈0), giữa màn hình (y≈$targetY).)</message>
  <nestedLevel>1</nestedLevel>
  <escapedJava>false</escapedJava>
</record>
<record>
  <date>2026-01-06T02:48:20.375805800Z</date>
  <millis>1767667700375</millis>
  <nanos>805800</nanos>
  <sequence>586</sequence>
  <level>START</level>
  <class>com.kms.katalon.core.logging.XmlKeywordLogger</class>
  <method>startKeyword</method>
  <thread>1</thread>
  <message>Start action : aAccount = new com.kms.katalon.core.testobject.TestObject(a_account)</message>
  <nestedLevel>1</nestedLevel>
  <escapedJava>false</escapedJava>
  <property name="startLine">92</property>
  <property name="stepIndex">22</property>
</record>
<record>
  <date>2026-01-06T02:48:20.376807700Z</date>
  <millis>1767667700376</millis>
  <nanos>807700</nanos>
  <sequence>587</sequence>
  <level>END</level>
  <class>com.kms.katalon.core.logging.XmlKeywordLogger</class>
  <method>endKeyword</method>
  <thread>1</thread>
  <message>End action : aAccount = new com.kms.katalon.core.testobject.TestObject(a_account)</message>
  <nestedLevel>1</nestedLevel>
  <escapedJava>false</escapedJava>
</record>
<record>
  <date>2026-01-06T02:48:20.377808Z</date>
  <millis>1767667700377</millis>
  <nanos>808000</nanos>
  <sequence>588</sequence>
  <level>START</level>
  <class>com.kms.katalon.core.logging.XmlKeywordLogger</class>
  <method>startKeyword</method>
  <thread>1</thread>
  <message>Start action : aAccount.addProperty(&amp;quot;xpath&amp;quot;, EQUALS, &amp;quot;//a[@href=&amp;apos;account&amp;apos;]&amp;quot;)</message>
  <nestedLevel>1</nestedLevel>
  <escapedJava>false</escapedJava>
  <property name="startLine">93</property>
  <property name="stepIndex">23</property>
</record>
<record>
  <date>2026-01-06T02:48:20.378809100Z</date>
  <millis>1767667700378</millis>
  <nanos>809100</nanos>
  <sequence>589</sequence>
  <level>END</level>
  <class>com.kms.katalon.core.logging.XmlKeywordLogger</class>
  <method>endKeyword</method>
  <thread>1</thread>
  <message>End action : aAccount.addProperty(&amp;quot;xpath&amp;quot;, EQUALS, &amp;quot;//a[@href=&amp;apos;account&amp;apos;]&amp;quot;)</message>
  <nestedLevel>1</nestedLevel>
  <escapedJava>false</escapedJava>
</record>
<record>
  <date>2026-01-06T02:48:20.379809Z</date>
  <millis>1767667700379</millis>
  <nanos>809000</nanos>
  <sequence>590</sequence>
  <level>START</level>
  <class>com.kms.katalon.core.logging.XmlKeywordLogger</class>
  <method>startKeyword</method>
  <thread>1</thread>
  <message>Start action : present = waitForElementPresent(aAccount, WAIT_TIMEOUT, OPTIONAL)</message>
  <nestedLevel>1</nestedLevel>
  <escapedJava>false</escapedJava>
  <property name="startLine">95</property>
  <property name="stepIndex">24</property>
</record>
<record>
  <date>2026-01-06T02:48:20.618903600Z</date>
  <millis>1767667700618</millis>
  <nanos>903600</nanos>
  <sequence>596</sequence>
  <level>PASSED</level>
  <class>com.kms.katalon.core.logging.XmlKeywordLogger</class>
  <method>logMessage</method>
  <thread>1</thread>
  <message>Object &amp;apos;a_account&amp;apos; is present</message>
  <nestedLevel>1</nestedLevel>
  <escapedJava>false</escapedJava>
  <property name="testops-method-name">com.kms.katalon.core.webui.keyword.internal.WebUIKeywordMain.runKeywordUntilTimeout</property>
  <property name="testops-execution-stacktrace">com.kms.katalon.core.logging.KeywordLogger.logPassed(KeywordLogger.java:332)
com.kms.katalon.core.logging.KeywordLogger.logPassed(KeywordLogger.java:327)
com.kms.katalon.core.webui.keyword.builtin.WaitForElementPresentKeyword$_waitForElementPresent_closure1.doCall(WaitForElementPresentKeyword.groovy:56)
java.base/jdk.internal.reflect.NativeMethodAccessorImpl.invoke0(Native Method)
java.base/jdk.internal.reflect.NativeMethodAccessorImpl.invoke(NativeMethodAccessorImpl.java:77)
java.base/jdk.internal.reflect.DelegatingMethodAccessorImpl.invoke(DelegatingMethodAccessorImpl.java:43)
jdk.proxy2/jdk.proxy2.$Proxy50.execute(Unknown Source)
com.kms.katalon.core.webui.model.SeleniumActionRetryController.performAction(SeleniumActionRetryController.java:96)
com.kms.katalon.core.webui.model.SeleniumActionRetryController.performAction(SeleniumActionRetryController.java:83)
com.kms.katalon.core.webui.keyword.internal.WebUIKeywordMain$_runKeywordUntilTimeout_closure2.doCall(WebUIKeywordMain.groovy:155)
com.kms.katalon.core.webui.keyword.internal.WebUIKeywordMain$_runKeywordUntilTimeout_closure2.call(WebUIKeywordMain.groovy)
com.kms.katalon.core.webui.keyword.internal.WebUIKeywordMain.runKeyword(WebUIKeywordMain.groovy:41)
com.kms.katalon.core.webui.keyword.internal.WebUIKeywordMain.runKeywordUntilTimeout(WebUIKeywordMain.groovy:152)
com.kms.katalon.core.webui.keyword.builtin.WaitForElementPresentKeyword.waitForElementPresent(WaitForElementPresentKeyword.groovy:68)
com.kms.katalon.core.webui.keyword.builtin.WaitForElementPresentKeyword.execute(WaitForElementPresentKeyword.groovy:38)
com.kms.katalon.core.keyword.internal.KeywordExecutor.executeKeywordForPlatform(KeywordExecutor.groovy:90)
com.kms.katalon.core.webui.keyword.WebUiBuiltInKeywords.waitForElementPresent(WebUiBuiltInKeywords.groovy:407)
OP1.1.run(OP1.1:95)
</property>
</record>
<record>
  <date>2026-01-06T02:48:20.619904300Z</date>
  <millis>1767667700619</millis>
  <nanos>904300</nanos>
  <sequence>597</sequence>
  <level>END</level>
  <class>com.kms.katalon.core.logging.XmlKeywordLogger</class>
  <method>endKeyword</method>
  <thread>1</thread>
  <message>End action : present = waitForElementPresent(aAccount, WAIT_TIMEOUT, OPTIONAL)</message>
  <nestedLevel>1</nestedLevel>
  <escapedJava>false</escapedJava>
</record>
<record>
  <date>2026-01-06T02:48:20.619904300Z</date>
  <millis>1767667700619</millis>
  <nanos>904300</nanos>
  <sequence>598</sequence>
  <level>START</level>
  <class>com.kms.katalon.core.logging.XmlKeywordLogger</class>
  <method>startKeyword</method>
  <thread>1</thread>
  <message>Start action : visible = waitForElementVisible(aAccount, WAIT_TIMEOUT, OPTIONAL)</message>
  <nestedLevel>1</nestedLevel>
  <escapedJava>false</escapedJava>
  <property name="startLine">96</property>
  <property name="stepIndex">25</property>
</record>
<record>
  <date>2026-01-06T02:48:20.854367400Z</date>
  <millis>1767667700854</millis>
  <nanos>367400</nanos>
  <sequence>604</sequence>
  <level>PASSED</level>
  <class>com.kms.katalon.core.logging.XmlKeywordLogger</class>
  <method>logMessage</method>
  <thread>1</thread>
  <message>Object &amp;apos;a_account&amp;apos; is visible</message>
  <nestedLevel>1</nestedLevel>
  <escapedJava>false</escapedJava>
  <property name="testops-method-name">com.kms.katalon.core.webui.keyword.internal.WebUIKeywordMain.runKeywordUntilTimeout</property>
  <property name="testops-execution-stacktrace">com.kms.katalon.core.logging.KeywordLogger.logPassed(KeywordLogger.java:332)
com.kms.katalon.core.logging.KeywordLogger.logPassed(KeywordLogger.java:327)
com.kms.katalon.core.logging.KeywordLogger$logPassed$0.call(Unknown Source)
com.kms.katalon.core.webui.keyword.builtin.WaitForElementVisibleKeyword$_waitForElementVisible_closure1.doCall(WaitForElementVisibleKeyword.groovy:86)
java.base/jdk.internal.reflect.NativeMethodAccessorImpl.invoke0(Native Method)
java.base/jdk.internal.reflect.NativeMethodAccessorImpl.invoke(NativeMethodAccessorImpl.java:77)
java.base/jdk.internal.reflect.DelegatingMethodAccessorImpl.invoke(DelegatingMethodAccessorImpl.java:43)
jdk.proxy2/jdk.proxy2.$Proxy50.execute(Unknown Source)
com.kms.katalon.core.webui.model.SeleniumActionRetryController.performAction(SeleniumActionRetryController.java:96)
com.kms.katalon.core.webui.model.SeleniumActionRetryController.performAction(SeleniumActionRetryController.java:83)
com.kms.katalon.core.webui.keyword.internal.WebUIKeywordMain$_runKeywordUntilTimeout_closure2.doCall(WebUIKeywordMain.groovy:155)
com.kms.katalon.core.webui.keyword.internal.WebUIKeywordMain$_runKeywordUntilTimeout_closure2.call(WebUIKeywordMain.groovy)
com.kms.katalon.core.webui.keyword.internal.WebUIKeywordMain.runKeyword(WebUIKeywordMain.groovy:41)
com.kms.katalon.core.webui.keyword.internal.WebUIKeywordMain.runKeywordUntilTimeout(WebUIKeywordMain.groovy:152)
com.kms.katalon.core.webui.keyword.internal.WebUIKeywordMain$runKeywordUntilTimeout$0.call(Unknown Source)
com.kms.katalon.core.webui.keyword.builtin.WaitForElementVisibleKeyword.waitForElementVisible(WaitForElementVisibleKeyword.groovy:101)
com.kms.katalon.core.webui.keyword.builtin.WaitForElementVisibleKeyword.execute(WaitForElementVisibleKeyword.groovy:69)
com.kms.katalon.core.keyword.internal.KeywordExecutor.executeKeywordForPlatform(KeywordExecutor.groovy:90)
com.kms.katalon.core.webui.keyword.WebUiBuiltInKeywords.waitForElementVisible(WebUiBuiltInKeywords.groovy:498)
OP1.1.run(OP1.1:96)
</property>
</record>
<record>
  <date>2026-01-06T02:48:20.855369Z</date>
  <millis>1767667700855</millis>
  <nanos>369000</nanos>
  <sequence>605</sequence>
  <level>END</level>
  <class>com.kms.katalon.core.logging.XmlKeywordLogger</class>
  <method>endKeyword</method>
  <thread>1</thread>
  <message>End action : visible = waitForElementVisible(aAccount, WAIT_TIMEOUT, OPTIONAL)</message>
  <nestedLevel>1</nestedLevel>
  <escapedJava>false</escapedJava>
</record>
<record>
  <date>2026-01-06T02:48:20.855369Z</date>
  <millis>1767667700855</millis>
  <nanos>369000</nanos>
  <sequence>606</sequence>
  <level>START</level>
  <class>com.kms.katalon.core.logging.XmlKeywordLogger</class>
  <method>startKeyword</method>
  <thread>1</thread>
  <message>Start action : clickable = waitForElementClickable(aAccount, WAIT_TIMEOUT, OPTIONAL)</message>
  <nestedLevel>1</nestedLevel>
  <escapedJava>false</escapedJava>
  <property name="startLine">97</property>
  <property name="stepIndex">26</property>
</record>
<record>
  <date>2026-01-06T02:48:21.098666700Z</date>
  <millis>1767667701098</millis>
  <nanos>666700</nanos>
  <sequence>612</sequence>
  <level>PASSED</level>
  <class>com.kms.katalon.core.logging.XmlKeywordLogger</class>
  <method>logMessage</method>
  <thread>1</thread>
  <message>Object &amp;apos;a_account&amp;apos; is NOT clickable</message>
  <nestedLevel>1</nestedLevel>
  <escapedJava>false</escapedJava>
  <property name="testops-method-name">com.kms.katalon.core.webui.keyword.internal.WebUIKeywordMain.runKeywordUntilTimeout</property>
  <property name="testops-execution-stacktrace">com.kms.katalon.core.logging.KeywordLogger.logPassed(KeywordLogger.java:332)
com.kms.katalon.core.logging.KeywordLogger.logPassed(KeywordLogger.java:327)
com.kms.katalon.core.logging.KeywordLogger$logPassed$0.call(Unknown Source)
com.kms.katalon.core.webui.keyword.builtin.WaitForElementClickableKeyword$_waitForElementClickable_closure1.doCall(WaitForElementClickableKeyword.groovy:58)
java.base/jdk.internal.reflect.NativeMethodAccessorImpl.invoke0(Native Method)
java.base/jdk.internal.reflect.NativeMethodAccessorImpl.invoke(NativeMethodAccessorImpl.java:77)
java.base/jdk.internal.reflect.DelegatingMethodAccessorImpl.invoke(DelegatingMethodAccessorImpl.java:43)
jdk.proxy2/jdk.proxy2.$Proxy50.execute(Unknown Source)
com.kms.katalon.core.webui.model.SeleniumActionRetryController.performAction(SeleniumActionRetryController.java:96)
com.kms.katalon.core.webui.model.SeleniumActionRetryController.performAction(SeleniumActionRetryController.java:83)
com.kms.katalon.core.webui.keyword.internal.WebUIKeywordMain$_runKeywordUntilTimeout_closure2.doCall(WebUIKeywordMain.groovy:155)
com.kms.katalon.core.webui.keyword.internal.WebUIKeywordMain$_runKeywordUntilTimeout_closure2.call(WebUIKeywordMain.groovy)
com.kms.katalon.core.webui.keyword.internal.WebUIKeywordMain.runKeyword(WebUIKeywordMain.groovy:41)
com.kms.katalon.core.webui.keyword.internal.WebUIKeywordMain.runKeywordUntilTimeout(WebUIKeywordMain.groovy:152)
com.kms.katalon.core.webui.keyword.internal.WebUIKeywordMain$runKeywordUntilTimeout$0.call(Unknown Source)
com.kms.katalon.core.webui.keyword.builtin.WaitForElementClickableKeyword.waitForElementClickable(WaitForElementClickableKeyword.groovy:74)
com.kms.katalon.core.webui.keyword.builtin.WaitForElementClickableKeyword.execute(WaitForElementClickableKeyword.groovy:42)
com.kms.katalon.core.keyword.internal.KeywordExecutor.executeKeywordForPlatform(KeywordExecutor.groovy:90)
com.kms.katalon.core.webui.keyword.WebUiBuiltInKeywords.waitForElementClickable(WebUiBuiltInKeywords.groovy:564)
OP1.1.run(OP1.1:97)
</property>
</record>
<record>
  <date>2026-01-06T02:48:21.100671600Z</date>
  <millis>1767667701100</millis>
  <nanos>671600</nanos>
  <sequence>613</sequence>
  <level>END</level>
  <class>com.kms.katalon.core.logging.XmlKeywordLogger</class>
  <method>endKeyword</method>
  <thread>1</thread>
  <message>End action : clickable = waitForElementClickable(aAccount, WAIT_TIMEOUT, OPTIONAL)</message>
  <nestedLevel>1</nestedLevel>
  <escapedJava>false</escapedJava>
</record>
<record>
  <date>2026-01-06T02:48:21.100671600Z</date>
  <millis>1767667701100</millis>
  <nanos>671600</nanos>
  <sequence>614</sequence>
  <level>START</level>
  <class>com.kms.katalon.core.logging.XmlKeywordLogger</class>
  <method>startKeyword</method>
  <thread>1</thread>
  <message>Start action : if (!(present &amp;amp;&amp;amp; visible))</message>
  <nestedLevel>1</nestedLevel>
  <escapedJava>false</escapedJava>
  <property name="startLine">99</property>
  <property name="stepIndex">27</property>
</record>
<record>
  <date>2026-01-06T02:48:21.101675700Z</date>
  <millis>1767667701101</millis>
  <nanos>675700</nanos>
  <sequence>615</sequence>
  <level>END</level>
  <class>com.kms.katalon.core.logging.XmlKeywordLogger</class>
  <method>endKeyword</method>
  <thread>1</thread>
  <message>End action : if (!(present &amp;amp;&amp;amp; visible))</message>
  <nestedLevel>1</nestedLevel>
  <escapedJava>false</escapedJava>
</record>
<record>
  <date>2026-01-06T02:48:21.101675700Z</date>
  <millis>1767667701101</millis>
  <nanos>675700</nanos>
  <sequence>616</sequence>
  <level>START</level>
  <class>com.kms.katalon.core.logging.XmlKeywordLogger</class>
  <method>startKeyword</method>
  <thread>1</thread>
  <message>Start action : if (clickable)</message>
  <nestedLevel>1</nestedLevel>
  <escapedJava>false</escapedJava>
  <property name="startLine">104</property>
  <property name="stepIndex">28</property>
</record>
<record>
  <date>2026-01-06T02:48:21.102670300Z</date>
  <millis>1767667701102</millis>
  <nanos>670300</nanos>
  <sequence>617</sequence>
  <level>START</level>
  <class>com.kms.katalon.core.logging.XmlKeywordLogger</class>
  <method>startKeyword</method>
  <thread>1</thread>
  <message>Start action : click(aAccount)</message>
  <nestedLevel>2</nestedLevel>
  <escapedJava>false</escapedJava>
  <property name="startLine">105</property>
  <property name="stepIndex">1</property>
</record>
<record>
  <date>2026-01-06T02:48:21.443981100Z</date>
  <millis>1767667701443</millis>
  <nanos>981100</nanos>
  <sequence>627</sequence>
  <level>PASSED</level>
  <class>com.kms.katalon.core.logging.XmlKeywordLogger</class>
  <method>logMessage</method>
  <thread>1</thread>
  <message>Object: &amp;apos;a_account&amp;apos; is clicked on</message>
  <nestedLevel>1</nestedLevel>
  <escapedJava>false</escapedJava>
  <property name="testops-method-name">com.kms.katalon.core.webui.keyword.internal.WebUIKeywordMain.runKeywordUntilTimeout</property>
  <property name="testops-execution-stacktrace">com.kms.katalon.core.logging.KeywordLogger.logPassed(KeywordLogger.java:332)
com.kms.katalon.core.logging.KeywordLogger.logPassed(KeywordLogger.java:327)
com.kms.katalon.core.webui.keyword.builtin.ClickKeyword$_click_closure1.doCall(ClickKeyword.groovy:66)
java.base/jdk.internal.reflect.NativeMethodAccessorImpl.invoke0(Native Method)
java.base/jdk.internal.reflect.NativeMethodAccessorImpl.invoke(NativeMethodAccessorImpl.java:77)
java.base/jdk.internal.reflect.DelegatingMethodAccessorImpl.invoke(DelegatingMethodAccessorImpl.java:43)
jdk.proxy2/jdk.proxy2.$Proxy50.execute(Unknown Source)
com.kms.katalon.core.webui.model.SeleniumActionRetryController.performAction(SeleniumActionRetryController.java:96)
com.kms.katalon.core.webui.model.SeleniumActionRetryController.performAction(SeleniumActionRetryController.java:83)
com.kms.katalon.core.webui.keyword.internal.WebUIKeywordMain$_runKeywordUntilTimeout_closure1.doCall(WebUIKeywordMain.groovy:135)
com.kms.katalon.core.webui.keyword.internal.WebUIKeywordMain$_runKeywordUntilTimeout_closure1.call(WebUIKeywordMain.groovy)
com.kms.katalon.core.webui.keyword.internal.WebUIKeywordMain.runKeyword(WebUIKeywordMain.groovy:41)
com.kms.katalon.core.webui.keyword.internal.WebUIKeywordMain.runKeywordUntilTimeout(WebUIKeywordMain.groovy:133)
com.kms.katalon.core.webui.keyword.builtin.ClickKeyword.click(ClickKeyword.groovy:72)
com.kms.katalon.core.webui.keyword.builtin.ClickKeyword.execute(ClickKeyword.groovy:38)
com.kms.katalon.core.keyword.internal.KeywordExecutor.executeKeywordForPlatform(KeywordExecutor.groovy:90)
com.kms.katalon.core.webui.keyword.WebUiBuiltInKeywords.click(WebUiBuiltInKeywords.groovy:721)
OP1.1.run(OP1.1:105)
</property>
</record>
<record>
  <date>2026-01-06T02:48:21.447987500Z</date>
  <millis>1767667701447</millis>
  <nanos>987500</nanos>
  <sequence>628</sequence>
  <level>END</level>
  <class>com.kms.katalon.core.logging.XmlKeywordLogger</class>
  <method>endKeyword</method>
  <thread>1</thread>
  <message>End action : click(aAccount)</message>
  <nestedLevel>2</nestedLevel>
  <escapedJava>false</escapedJava>
</record>
<record>
  <date>2026-01-06T02:48:21.447987500Z</date>
  <millis>1767667701447</millis>
  <nanos>987500</nanos>
  <sequence>629</sequence>
  <level>START</level>
  <class>com.kms.katalon.core.logging.XmlKeywordLogger</class>
  <method>startKeyword</method>
  <thread>1</thread>
  <message>Start action : comment(&amp;quot;✅ Đã click vào liên kết account.&amp;quot;)</message>
  <nestedLevel>2</nestedLevel>
  <escapedJava>false</escapedJava>
  <property name="startLine">106</property>
  <property name="stepIndex">2</property>
</record>
<record>
  <date>2026-01-06T02:48:21.454985600Z</date>
  <millis>1767667701454</millis>
  <nanos>985600</nanos>
  <sequence>631</sequence>
  <level>INFO</level>
  <class>com.kms.katalon.core.logging.XmlKeywordLogger</class>
  <method>logMessage</method>
  <thread>1</thread>
  <message>✅ Đã click vào liên kết account.</message>
  <nestedLevel>1</nestedLevel>
  <escapedJava>false</escapedJava>
</record>
<record>
  <date>2026-01-06T02:48:21.454985600Z</date>
  <millis>1767667701454</millis>
  <nanos>985600</nanos>
  <sequence>632</sequence>
  <level>END</level>
  <class>com.kms.katalon.core.logging.XmlKeywordLogger</class>
  <method>endKeyword</method>
  <thread>1</thread>
  <message>End action : comment(&amp;quot;✅ Đã click vào liên kết account.&amp;quot;)</message>
  <nestedLevel>2</nestedLevel>
  <escapedJava>false</escapedJava>
</record>
<record>
  <date>2026-01-06T02:48:21.454985600Z</date>
  <millis>1767667701454</millis>
  <nanos>985600</nanos>
  <sequence>633</sequence>
  <level>END</level>
  <class>com.kms.katalon.core.logging.XmlKeywordLogger</class>
  <method>endKeyword</method>
  <thread>1</thread>
  <message>End action : if (clickable)</message>
  <nestedLevel>1</nestedLevel>
  <escapedJava>false</escapedJava>
</record>
<record>
  <date>2026-01-06T02:48:21.454985600Z</date>
  <millis>1767667701454</millis>
  <nanos>985600</nanos>
  <sequence>634</sequence>
  <level>PASSED</level>
  <class>com.kms.katalon.core.logging.XmlKeywordLogger</class>
  <method>logMessage</method>
  <thread>1</thread>
  <message>Test Cases/OP/OP1.1</message>
  <nestedLevel>1</nestedLevel>
  <escapedJava>false</escapedJava>
</record>
<record>
  <date>2026-01-06T02:48:21.455984200Z</date>
  <millis>1767667701455</millis>
  <nanos>984200</nanos>
  <sequence>635</sequence>
  <level>END</level>
  <class>com.kms.katalon.core.logging.XmlKeywordLogger</class>
  <method>endTest</method>
  <thread>1</thread>
  <message>End Test Case : Test Cases/OP/OP1.1</message>
  <nestedLevel>0</nestedLevel>
  <escapedJava>false</escapedJava>
  <property name="executionBindingVariables">[]</property>
  <property name="applitools">false</property>
  <property name="remainingRetryCount">1</property>
  <property name="executedKeywords">{
  &quot;WebUI.waitForElementVisible&quot;: 3,
  &quot;BuiltIn.comment&quot;: 5,
  &quot;WebUI.navigateToUrl&quot;: 1,
  &quot;BuiltIn.callTestCase&quot;: 1,
  &quot;WebUI.verifyElementVisible&quot;: 1,
  &quot;WebUI.openBrowser&quot;: 1,
  &quot;WebUI.setEncryptedText&quot;: 1,
  &quot;WebUI.maximizeWindow&quot;: 1,
  &quot;WebUI.getUrl&quot;: 1,
  &quot;WebUI.click&quot;: 2,
  &quot;WebUI.waitForPageLoad&quot;: 1,
  &quot;WebUI.waitForElementPresent&quot;: 1,
  &quot;WebUI.setText&quot;: 1,
  &quot;WebUI.waitForElementClickable&quot;: 2
}</property>
  <property name="currentRetryCount">2</property>
  <property name="keywordsUsage">{
  &quot;web_ui&quot;: true,
  &quot;web_service&quot;: false,
  &quot;cucumber&quot;: false,
  &quot;builtin&quot;: true,
  &quot;mobile&quot;: false,
  &quot;windows&quot;: false,
  &quot;testng&quot;: false
}</property>
</record>
<record>
  <date>2026-01-06T02:48:21.465010300Z</date>
  <millis>1767667701465</millis>
  <nanos>10300</nanos>
  <sequence>636</sequence>
  <level>START</level>
  <class>com.kms.katalon.core.logging.XmlKeywordLogger</class>
  <method>startTest</method>
  <thread>1</thread>
  <message>Start Test Case : Test Cases/OP/OP1.2</message>
  <nestedLevel>1</nestedLevel>
  <escapedJava>false</escapedJava>
  <property name="remainingRetryCount">3</property>
  <property name="origin"></property>
  <property name="name">Test Cases/OP/OP1.2</property>
  <property name="description"></property>
  <property name="iteration"></property>
  <property name="id">Test Cases/OP/OP1.2</property>
  <property name="source">C:\Users\Administrator\git\magiq\Test Cases\OP\OP1.2.tc</property>
  <property name="tag"></property>
  <property name="isOptional">false</property>
  <property name="currentRetryCount">0</property>
</record>
<record>
  <date>2026-01-06T02:48:21.562992500Z</date>
  <millis>1767667701562</millis>
  <nanos>992500</nanos>
  <sequence>638</sequence>
  <level>START</level>
  <class>com.kms.katalon.core.logging.XmlKeywordLogger</class>
  <method>startKeyword</method>
  <thread>1</thread>
  <message>Start action : verifyElementHasAttribute(findTestObject(&amp;quot;TO_address&amp;quot;), &amp;quot;disabled&amp;quot;, 5)</message>
  <nestedLevel>1</nestedLevel>
  <escapedJava>false</escapedJava>
  <property name="startLine">20</property>
  <property name="stepIndex">1</property>
</record>
<record>
  <date>2026-01-06T02:48:22.920436Z</date>
  <millis>1767667702920</millis>
  <nanos>436000</nanos>
  <sequence>647</sequence>
  <level>PASSED</level>
  <class>com.kms.katalon.core.logging.XmlKeywordLogger</class>
  <method>logMessage</method>
  <thread>1</thread>
  <message>Object &amp;apos;Object Repository/TO_address&amp;apos; has attribute &amp;apos;disabled&amp;apos;</message>
  <nestedLevel>1</nestedLevel>
  <escapedJava>false</escapedJava>
  <property name="testops-is-assertion">true</property>
  <property name="testops-method-name">com.kms.katalon.core.webui.keyword.builtin.VerifyElementHasAttributeKeyword.verifyElementHasAttribute</property>
  <property name="testops-execution-stacktrace"></property>
</record>
<record>
  <date>2026-01-06T02:48:22.921464700Z</date>
  <millis>1767667702921</millis>
  <nanos>464700</nanos>
  <sequence>648</sequence>
  <level>END</level>
  <class>com.kms.katalon.core.logging.XmlKeywordLogger</class>
  <method>endKeyword</method>
  <thread>1</thread>
  <message>End action : verifyElementHasAttribute(findTestObject(&amp;quot;TO_address&amp;quot;), &amp;quot;disabled&amp;quot;, 5)</message>
  <nestedLevel>1</nestedLevel>
  <escapedJava>false</escapedJava>
</record>
<record>
  <date>2026-01-06T02:48:22.921464700Z</date>
  <millis>1767667702921</millis>
  <nanos>464700</nanos>
  <sequence>649</sequence>
  <level>START</level>
  <class>com.kms.katalon.core.logging.XmlKeywordLogger</class>
  <method>startKeyword</method>
  <thread>1</thread>
  <message>Start action : verifyElementHasAttribute(findTestObject(&amp;quot;TO_email&amp;quot;), &amp;quot;disabled&amp;quot;, 5)</message>
  <nestedLevel>1</nestedLevel>
  <escapedJava>false</escapedJava>
  <property name="startLine">22</property>
  <property name="stepIndex">2</property>
</record>
<record>
  <date>2026-01-06T02:48:23.165319500Z</date>
  <millis>1767667703165</millis>
  <nanos>319500</nanos>
  <sequence>658</sequence>
  <level>PASSED</level>
  <class>com.kms.katalon.core.logging.XmlKeywordLogger</class>
  <method>logMessage</method>
  <thread>1</thread>
  <message>Object &amp;apos;Object Repository/TO_email&amp;apos; has attribute &amp;apos;disabled&amp;apos;</message>
  <nestedLevel>1</nestedLevel>
  <escapedJava>false</escapedJava>
  <property name="testops-is-assertion">true</property>
  <property name="testops-method-name">com.kms.katalon.core.webui.keyword.builtin.VerifyElementHasAttributeKeyword.verifyElementHasAttribute</property>
  <property name="testops-execution-stacktrace"></property>
</record>
<record>
  <date>2026-01-06T02:48:23.166328600Z</date>
  <millis>1767667703166</millis>
  <nanos>328600</nanos>
  <sequence>659</sequence>
  <level>END</level>
  <class>com.kms.katalon.core.logging.XmlKeywordLogger</class>
  <method>endKeyword</method>
  <thread>1</thread>
  <message>End action : verifyElementHasAttribute(findTestObject(&amp;quot;TO_email&amp;quot;), &amp;quot;disabled&amp;quot;, 5)</message>
  <nestedLevel>1</nestedLevel>
  <escapedJava>false</escapedJava>
</record>
<record>
  <date>2026-01-06T02:48:23.166328600Z</date>
  <millis>1767667703166</millis>
  <nanos>328600</nanos>
  <sequence>660</sequence>
  <level>START</level>
  <class>com.kms.katalon.core.logging.XmlKeywordLogger</class>
  <method>startKeyword</method>
  <thread>1</thread>
  <message>Start action : verifyElementHasAttribute(findTestObject(&amp;quot;TO_full_name&amp;quot;), &amp;quot;disabled&amp;quot;, 5)</message>
  <nestedLevel>1</nestedLevel>
  <escapedJava>false</escapedJava>
  <property name="startLine">24</property>
  <property name="stepIndex">3</property>
</record>
<record>
  <date>2026-01-06T02:48:23.414407400Z</date>
  <millis>1767667703414</millis>
  <nanos>407400</nanos>
  <sequence>669</sequence>
  <level>PASSED</level>
  <class>com.kms.katalon.core.logging.XmlKeywordLogger</class>
  <method>logMessage</method>
  <thread>1</thread>
  <message>Object &amp;apos;Object Repository/TO_full_name&amp;apos; has attribute &amp;apos;disabled&amp;apos;</message>
  <nestedLevel>1</nestedLevel>
  <escapedJava>false</escapedJava>
  <property name="testops-is-assertion">true</property>
  <property name="testops-method-name">com.kms.katalon.core.webui.keyword.builtin.VerifyElementHasAttributeKeyword.verifyElementHasAttribute</property>
  <property name="testops-execution-stacktrace"></property>
</record>
<record>
  <date>2026-01-06T02:48:23.415408300Z</date>
  <millis>1767667703415</millis>
  <nanos>408300</nanos>
  <sequence>670</sequence>
  <level>END</level>
  <class>com.kms.katalon.core.logging.XmlKeywordLogger</class>
  <method>endKeyword</method>
  <thread>1</thread>
  <message>End action : verifyElementHasAttribute(findTestObject(&amp;quot;TO_full_name&amp;quot;), &amp;quot;disabled&amp;quot;, 5)</message>
  <nestedLevel>1</nestedLevel>
  <escapedJava>false</escapedJava>
</record>
<record>
  <date>2026-01-06T02:48:23.415408300Z</date>
  <millis>1767667703415</millis>
  <nanos>408300</nanos>
  <sequence>671</sequence>
  <level>START</level>
  <class>com.kms.katalon.core.logging.XmlKeywordLogger</class>
  <method>startKeyword</method>
  <thread>1</thread>
  <message>Start action : verifyElementHasAttribute(findTestObject(&amp;quot;TO_phone_number&amp;quot;), &amp;quot;disabled&amp;quot;, 5)</message>
  <nestedLevel>1</nestedLevel>
  <escapedJava>false</escapedJava>
  <property name="startLine">26</property>
  <property name="stepIndex">4</property>
</record>
<record>
  <date>2026-01-06T02:48:23.660607500Z</date>
  <millis>1767667703660</millis>
  <nanos>607500</nanos>
  <sequence>680</sequence>
  <level>PASSED</level>
  <class>com.kms.katalon.core.logging.XmlKeywordLogger</class>
  <method>logMessage</method>
  <thread>1</thread>
  <message>Object &amp;apos;Object Repository/TO_phone_number&amp;apos; has attribute &amp;apos;disabled&amp;apos;</message>
  <nestedLevel>1</nestedLevel>
  <escapedJava>false</escapedJava>
  <property name="testops-is-assertion">true</property>
  <property name="testops-method-name">com.kms.katalon.core.webui.keyword.builtin.VerifyElementHasAttributeKeyword.verifyElementHasAttribute</property>
  <property name="testops-execution-stacktrace"></property>
</record>
<record>
  <date>2026-01-06T02:48:23.661606600Z</date>
  <millis>1767667703661</millis>
  <nanos>606600</nanos>
  <sequence>681</sequence>
  <level>END</level>
  <class>com.kms.katalon.core.logging.XmlKeywordLogger</class>
  <method>endKeyword</method>
  <thread>1</thread>
  <message>End action : verifyElementHasAttribute(findTestObject(&amp;quot;TO_phone_number&amp;quot;), &amp;quot;disabled&amp;quot;, 5)</message>
  <nestedLevel>1</nestedLevel>
  <escapedJava>false</escapedJava>
</record>
<record>
  <date>2026-01-06T02:48:23.662608100Z</date>
  <millis>1767667703662</millis>
  <nanos>608100</nanos>
  <sequence>682</sequence>
  <level>START</level>
  <class>com.kms.katalon.core.logging.XmlKeywordLogger</class>
  <method>startKeyword</method>
  <thread>1</thread>
  <message>Start action : verifyElementHasAttribute(findTestObject(&amp;quot;TO_user_role&amp;quot;), &amp;quot;disabled&amp;quot;, 5)</message>
  <nestedLevel>1</nestedLevel>
  <escapedJava>false</escapedJava>
  <property name="startLine">28</property>
  <property name="stepIndex">5</property>
</record>
<record>
  <date>2026-01-06T02:48:29.721270600Z</date>
  <millis>1767667709721</millis>
  <nanos>270600</nanos>
  <sequence>690</sequence>
  <level>INFO</level>
  <class>com.kms.katalon.core.logging.XmlKeywordLogger</class>
  <method>logMessage</method>
  <thread>1</thread>
  <message>Unable to find the element located by &amp;apos;By.xpath: //input[@aria-label=&amp;apos;aria-label=&amp;quot;User Role&amp;quot;&amp;apos;]

&amp;apos;. Please recheck the objects properties to make sure the desired element is located. </message>
  <nestedLevel>1</nestedLevel>
  <escapedJava>false</escapedJava>
</record>
<record>
  <date>2026-01-06T02:48:29.721270600Z</date>
  <millis>1767667709721</millis>
  <nanos>270600</nanos>
  <sequence>692</sequence>
  <level>WARNING</level>
  <class>com.kms.katalon.core.logging.XmlKeywordLogger</class>
  <method>logMessage</method>
  <thread>1</thread>
  <message>Object &amp;apos;Object Repository/TO_user_role&amp;apos; is not present</message>
  <nestedLevel>1</nestedLevel>
  <escapedJava>false</escapedJava>
  <property name="failed.exception.class">com.kms.katalon.core.webui.exception.WebElementNotFoundException</property>
  <property name="failed.exception.stacktrace">com.kms.katalon.core.webui.exception.WebElementNotFoundException: Web element with id: &apos;Object Repository/TO_user_role&apos; located by &apos;//input[@aria-label=&apos;aria-label=&quot;User Role&quot;&apos;]

&apos; not found
	at com.kms.katalon.core.webui.common.WebUiCommonHelper.findWebElement(WebUiCommonHelper.java:1567)
	at com.kms.katalon.core.webui.keyword.internal.WebUIAbstractKeyword.findWebElement(WebUIAbstractKeyword.groovy:52)
	at com.kms.katalon.core.webui.keyword.builtin.VerifyElementHasAttributeKeyword$_verifyElementHasAttribute_closure1.doCall(VerifyElementHasAttributeKeyword.groovy:84)
	at com.kms.katalon.core.webui.keyword.builtin.VerifyElementHasAttributeKeyword$_verifyElementHasAttribute_closure1.call(VerifyElementHasAttributeKeyword.groovy)
	at com.kms.katalon.core.webui.keyword.internal.WebUIKeywordMain.runKeyword(WebUIKeywordMain.groovy:41)
	at com.kms.katalon.core.webui.keyword.builtin.VerifyElementHasAttributeKeyword.verifyElementHasAttribute(VerifyElementHasAttributeKeyword.groovy:100)
	at com.kms.katalon.core.webui.keyword.builtin.VerifyElementHasAttributeKeyword.execute(VerifyElementHasAttributeKeyword.groovy:69)
	at com.kms.katalon.core.keyword.internal.KeywordExecutor.executeKeywordForPlatform(KeywordExecutor.groovy:90)
	at com.kms.katalon.core.webui.keyword.WebUiBuiltInKeywords.verifyElementHasAttribute(WebUiBuiltInKeywords.groovy:4538)
	at OP1.2.run(OP1.2:28)
	at com.kms.katalon.core.main.ScriptEngine.run(ScriptEngine.java:194)
	at com.kms.katalon.core.main.ScriptEngine.runScriptAsRawText(ScriptEngine.java:119)
	at com.kms.katalon.core.main.TestCaseExecutor.runScript(TestCaseExecutor.java:490)
	at com.kms.katalon.core.main.TestCaseExecutor.doExecute(TestCaseExecutor.java:481)
	at com.kms.katalon.core.main.TestCaseExecutor.processExecutionPhase(TestCaseExecutor.java:460)
	at com.kms.katalon.core.main.TestCaseExecutor.accessMainPhase(TestCaseExecutor.java:452)
	at com.kms.katalon.core.main.TestCaseExecutor.execute(TestCaseExecutor.java:322)
	at com.kms.katalon.core.common.CommonExecutor.accessTestCaseMainPhase(CommonExecutor.java:71)
	at com.kms.katalon.core.main.TestSuiteExecutor.accessTestSuiteMainPhase(TestSuiteExecutor.java:153)
	at com.kms.katalon.core.main.TestSuiteExecutor.execute(TestSuiteExecutor.java:110)
	at com.kms.katalon.core.main.TestCaseMain.startTestSuite(TestCaseMain.java:205)
	at TempTestSuite1767667621470.run(TempTestSuite1767667621470.groovy:35)
	at java.base/jdk.internal.reflect.NativeMethodAccessorImpl.invoke0(Native Method)
	at java.base/jdk.internal.reflect.NativeMethodAccessorImpl.invoke(NativeMethodAccessorImpl.java:77)
	at java.base/jdk.internal.reflect.DelegatingMethodAccessorImpl.invoke(DelegatingMethodAccessorImpl.java:43)
</property>
  <property name="failed.exception.message">Web element with id: &apos;Object Repository/TO_user_role&apos; located by &apos;//input[@aria-label=&apos;aria-label=&quot;User Role&quot;&apos;]

&apos; not found</property>
</record>
<record>
  <date>2026-01-06T02:48:29.722270800Z</date>
  <millis>1767667709722</millis>
  <nanos>270800</nanos>
  <sequence>693</sequence>
  <level>END</level>
  <class>com.kms.katalon.core.logging.XmlKeywordLogger</class>
  <method>endKeyword</method>
  <thread>1</thread>
  <message>End action : verifyElementHasAttribute(findTestObject(&amp;quot;TO_user_role&amp;quot;), &amp;quot;disabled&amp;quot;, 5)</message>
  <nestedLevel>1</nestedLevel>
  <escapedJava>false</escapedJava>
</record>
<record>
  <date>2026-01-06T02:48:29.722270800Z</date>
  <millis>1767667709722</millis>
  <nanos>270800</nanos>
  <sequence>694</sequence>
  <level>PASSED</level>
  <class>com.kms.katalon.core.logging.XmlKeywordLogger</class>
  <method>logMessage</method>
  <thread>1</thread>
  <message>Test Cases/OP/OP1.2</message>
  <nestedLevel>1</nestedLevel>
  <escapedJava>false</escapedJava>
</record>
<record>
  <date>2026-01-06T02:48:29.723271200Z</date>
  <millis>1767667709723</millis>
  <nanos>271200</nanos>
  <sequence>695</sequence>
  <level>END</level>
  <class>com.kms.katalon.core.logging.XmlKeywordLogger</class>
  <method>endTest</method>
  <thread>1</thread>
  <message>End Test Case : Test Cases/OP/OP1.2</message>
  <nestedLevel>0</nestedLevel>
  <escapedJava>false</escapedJava>
  <property name="executionBindingVariables">[]</property>
  <property name="applitools">false</property>
  <property name="remainingRetryCount">3</property>
  <property name="executedKeywords">{
  &quot;WebUI.verifyElementHasAttribute&quot;: 5
}</property>
  <property name="currentRetryCount">0</property>
  <property name="keywordsUsage">{
  &quot;web_ui&quot;: true,
  &quot;web_service&quot;: false,
  &quot;cucumber&quot;: false,
  &quot;builtin&quot;: false,
  &quot;mobile&quot;: false,
  &quot;windows&quot;: false,
  &quot;testng&quot;: false
}</property>
</record>
<record>
  <date>2026-01-06T02:48:30.472946700Z</date>
  <millis>1767667710472</millis>
  <nanos>946700</nanos>
  <sequence>696</sequence>
  <level>END</level>
  <class>com.kms.katalon.core.logging.XmlKeywordLogger</class>
  <method>endSuite</method>
  <thread>1</thread>
  <message>End Test Suite : Test Suites/TS_OP</message>
  <nestedLevel>0</nestedLevel>
  <escapedJava>false</escapedJava>
</record>
</log>
